"Name","Location","Type","Data Type","EOL Comment"
"engine_speed_period_0","40000000","Data Label","undefined2",""
"engine_speed_period_3","40000010","Data Label","undefined2",""
"digital_input_config","40000138","Data Label","struct_digital_input_cfg[14]","Digital input config. Runtime state -- log to observe this behavior."
"digital_input_gpio_pins","40000180","Data Label","uint8_t[14]","Digital input gpio pins. Runtime state -- log to observe this behavior."
"vin_in_memory","40001330","Data Label","byte[17]","Stored Vehicle Identification Number. Identity\, not a logging channel."
"obd_ii_ecu_shutdown_timer","40001350","Data Label","u32_time_5ms",""
"event_timer_1hz","40001356","Data Label","undefined2",""
"event_timer_10hz","40001358","Data Label","undefined1",""
"event_timer_50hz","40001359","Data Label","undefined1",""
"event_timer_2z","4000135a","Data Label","undefined1",""
"event_timer_2s","4000135b","Data Label","undefined1",""
"event_timer_3s","4000135c","Data Label","undefined1",""
"event_timer_5s","4000135d","Data Label","undefined1",""
"event_timer_10s","4000135e","Data Label","undefined1",""
"event_timer_1000hz","4000135f","Data Label","undefined1",""
"event_timer_200hz","40001360","Data Label","undefined1",""
"etpu_task_timing_capture_holdoff","40001361","Data Label","undefined1",""
"ign_cyl_enabled","40001368","Data Label","bool[6]","Ignition cylinder enabled. Log spark advance to confirm the timing strategy and headroom to knock."
"engine_running_confirm_timer","4000136e","Data Label","undefined2",""
"knock_sensor_b1_dc_bias","40001388","Data Label","u16_voltage_5/1023v","Bank-1 knock-sensor DC bias / noise floor. Log to check knock-sensor health and the detection baseline. (V; raw*5/1023)"
"knock_sensor_b2_dc_bias","4000138a","Data Label","u16_voltage_5/1023v","Bank-2 knock-sensor DC bias / noise floor. Log to check knock-sensor health. (V; raw*5/1023)"
"fuel_level_stable_counter","4000138c","Data Label","undefined1",""
"ign_comp_iat","40001390","Data Label","i16_angle_1/4deg",""
"ign_comp_coolant","40001392","Data Label","i16_angle_1/4deg",""
"ign_temp_engine_air_comp","40001394","Data Label","i16_angle_1/4deg",""
"ign_comp_rpm","40001396","Data Label","i16_angle_1/4deg",""
"ign_adv_adj_coolant_factor","40001398","Data Label","undefined1",""
"ign_comp_temp_raw","4000139a","Data Label","undefined2",""
"ign_retard_recovery_step","4000139c","Data Label","undefined1",""
"inj_warmup_factor","400013a0","Data Label","u8_factor_1/64",""
"inj_cranking_enrichment_coolant","400013a1","Data Label","u8_factor_1/32",""
"inj_cranking_comp_air_temp","400013a2","Data Label","u8_factor_1/32",""
"inj_pulse_time_b1","400013a4","Data Label","u16_time_us",""
"inj_pulse_time_b2","400013a6","Data Label","u16_time_us",""
"inj_comp_iat","400013a8","Data Label","u8_factor_1/128",""
"post_start_soak_time_counter","400013aa","Data Label","undefined2",""
"engine_runtime_post_start_counter","400013ac","Data Label","undefined2",""
"post_start_decay_tick_10hz","400013ae","Data Label","u8_time_5ms",""
"relay_enable_delay_timer","400013b0","Data Label","undefined1",""
"exhaust_flap_commanded_state","400013b4","Data Label","undefined2",""
"flexcan_a_tx_102_timer","400013b6","Data Label","undefined1",""
"engine_speed_unknown","400013b7","Data Label","undefined1",""
"inj_tip_apply_adj","400013b8","Data Label","bool","Injector tip apply adj. Log to verify injector pulse width and fuel delivery vs target."
"obd_ii_stft_b1","400013c8","Data Label","undefined1",""
"obd_ii_stft_b2","400013c9","Data Label","undefined1",""
"obd_ltft_bank_1","400013ca","Data Label","undefined1",""
"obd_ltft_bank_2","400013cb","Data Label","undefined1",""
"o2_closedloop_warmup_timer","400013f0","Data Label","undefined1",""
"idle_control_timer_10hz","400013fa","Data Label","undefined1",""
"knock_buffer_size","40001400","Data Label","uint8_t","Knock buffer size. Log to catch knock events and see how much timing is being pulled."
"knock_sensitivity","40001401","Data Label","undefined1",""
"knock_peak_threshold","40001402","Data Label","undefined1",""
"knock_retard_decay_prescaler","40001404","Data Label","undefined1",""
"accel_pedal_mode","40001428","Data Label","enum_accel_pedal_mode","Pedal-interpretation mode (drive map). Log to see which response map is active."
"cruise_override_timer","4000142e","Data Label","undefined1",""
"cruise_timer_unknown","40001430","Data Label","undefined2",""
"tps_warmup_limit_timer","40001470","Data Label","undefined1",""
"throttle_actuator_activity","40001471","Data Label","bool","Throttle actuator activity. Runtime state -- log to observe this behavior."
"lfb_tps_max","40001472","Data Label","undefined2",""
"etb_low_voltage_debounce_counter","40001478","Data Label","u8_count",""
"lfb_requires_init","40001479","Data Label","bool","Long-term fuel requires init. Log to track long-term fuel learning and spot a developing fuel fault."
"knock_sampling_active","40001480","Data Label","bool","Knock sampling active. Log to catch knock events and see how much timing is being pulled."
"knock_agc_reference_level???","40001482","Data Label","undefined1",""
"air_temp_intake","400014a0","Data Label","u8_temp_5/8-40c","Intake-air temperature. Log it to see charge-air heating and its effect on fueling and timing pull. (deg C; raw*5/8-40)"
"ambient_air_temp_unscaled","400014a1","Data Label","undefined1",""
"torque_request1","400014a2","Data Label","undefined2",""
"torque_request2","400014a4","Data Label","undefined2",""
"torque_request3","400014a6","Data Label","undefined2",""
"cruise_min_engage_gear","400014b2","Data Label","enum_t6e_gear","Cruise min engage gear. Log to debug cruise engagement and speed holding."
"cruise_rpm_factor_high_scaler","400014b3","Data Label","undefined1",""
"cruise_rpm_factor_low_scaler","400014b4","Data Label","undefined1",""
"torque_limit_tps_current","400014c0","Data Label","u16_factor_1/1023",""
"torque_limit_external_request","400014c2","Data Label","u16_torque_nm","Torque limit external gross. Log to follow the ECU torque estimate and any torque limiting. (Nm)"
"torque_external_request_tps_based","400014c4","Data Label","u16_torque_nm","Torque limit tps2. Log to follow the ECU torque estimate and any torque limiting. (Nm)"
"torque_limit_external_tc_fast","400014c6","Data Label","u16_torque_nm","Torque limit external traction-control fast. Log to follow the ECU torque estimate and any torque limiting. (Nm)"
"torque_limit_external_esp_fast","400014c8","Data Label","u16_torque_nm","Torque limit external ESP fast. Log to follow the ECU torque estimate and any torque limiting. (Nm)"
"torque_limit_external_tc_slow","400014ca","Data Label","u16_torque_nm","Torque limit external traction-control slow. Log to follow the ECU torque estimate and any torque limiting. (Nm)"
"torque_limit_tcu_0xc7_raw","400014cc","Data Label","u16_torque_nm",""
"torque_requested_during_shift_raw","400014d0","Data Label","u16_torque_nm",""
"torque_requested_during_shift_scaled","400014d2","Data Label","u16_torque_nm",""
"torque_reduction_factor_ign","400014da","Data Label","u8_factor_1/255","Torque reduction factor ignition. Log spark advance to confirm the timing strategy and headroom to knock. (0-1; raw/255)"
"torque_spark_efficiency_slope","400014dc","Data Label","undefined2",""
"torque_spark_efficiency_current","400014de","Data Label","u8_factor_1/255",""
"torque_spark_efficiency_at_limit","400014df","Data Label","u8_factor_1/255","Torque spark efficiency at limit. Log to follow the ECU torque estimate and any torque limiting. (0-1; raw/255)"
"torque_efficiency_factor_at_limit","400014e0","Data Label","undefined1",""
"torque_to_tps_cal","400014e2","Data Label","u16_factor_1/1023",""
"load_maf_error_comp_learned","400014e4","Data Label","u16_factor_1/100",""
"torque_cruise_request","400014e6","Data Label","u16_torque_nm","Torque cruise request. Log to follow the ECU torque estimate and any torque limiting. (Nm)"
"torque_limit_arbitrated_fast","400014e8","Data Label","u16_torque_nm",""
"torque_limit_arbitrated_slow","400014ea","Data Label","u16_torque_nm",""
"torque_limit_0xb7_fast_validated","400014ec","Data Label","u16_torque_nm",""
"torque_limit_0xb7_slow_validated","400014ee","Data Label","u16_torque_nm",""
"torque_limit_arbitrary_end_of_pass_unuised","400014f0","Data Label","u16_torque_nm",""
"torque_limit_tcu_0xc7_validated","400014f2","Data Label","u16_torque_nm",""
"torque_limit_ips_shift_fast","400014f4","Data Label","u16_torque_nm",""
"torque_limit_ips_shift_slow","400014f6","Data Label","u16_torque_nm",""
"torque_task_rate_divider","400014f8","Data Label","undefined1",""
"ac_10hz_timer","40001500","Data Label","u8_time_5ms","A/C 10hz timer. Log to see A/C clutch engagement and its load/idle impact. (ms; raw*5)"
"ac_compressor_soft_engage_timer","40001503","Data Label","undefined1",""
"speed_limit_target_ramped","40001514","Data Label","u16_speed_1/100kph","Speed limit target ramped. Log vehicle speed for speed-based logic and limiters. (km/h; raw/100)"
"revlimit_car_speed_limit","40001516","Data Label","u16_speed_1/100kph","Revlimit car speed limit. Log to confirm where and how the rev limiter intervenes. (km/h; raw/100)"
"yaw_sensor_can_status_flags","40001518","Data Label","undefined1",""
"steering_angle_rate","40001520","Data Label","undefined1",""
"p0316_eval_tc_request_state","40001521","Data Label","enum_p0316_eval_tc_request_state","P0316 eval traction-control request state. Runtime state -- log to observe this behavior."
"flash_driver_init_status","40001538","Data Label","pointer",""
"flash_erase_pending_flags","40001560","Data Label","undefined1",""
"crank_cycle_position","40001564","Data Label","undefined2",""
"ecu_unlocked","40001568","Data Label","bool","Flag: ECU is in unlocked/dev mode. Log to know when privileged access is active."
"addr","40001578","Data Label","void *","Addr. Runtime state -- log to observe this behavior."
"diag_test_trim_unknown","4000157c","Data Label","undefined1",""
"inj_bank_balance_test_trim","4000157d","Data Label","undefined1",""
"vvt_exhaust_fallback_angle_zero","4000157e","Data Label","undefined1",""
"afr_target_trim_0p02_steps","4000157f","Data Label","undefined1",""
"vvt_intake_fallback_angle_zero","40001580","Data Label","undefined1",""
"inj_angle_test_trim","40001581","Data Label","u8_angle_720/256deg",""
"ign_comp_vvt_raw","40001582","Data Label","undefined1",""
"inj_efficiency_test_trim","40001583","Data Label","undefined1",""
"timer_main","40001584","Data Label","undefined4",""
"tps_rate_filtered_for_ign_comp","40001588","Data Label","uint16_t",""
"ecu_run_timer","4000158a","Data Label","ushort","ECU run timer. Mostly housekeeping/diagnostic state."
"dfco_pedal_ramp_target2","4000158c","Data Label","undefined2",""
"fuel_cut_inhibit_timer","40001590","Data Label","u16_time_5ms","Fuel cut inhibit timer. Log to follow fuel delivery and mixture control. (ms; raw*5)"
"fan_1_after_run_timer","40001592","Data Label","u16_time_s","Fan 1 after run timer. Timer/counter -- log to measure how long a condition persists. (s)"
"fan_2_after_run_timer","40001594","Data Label","ushort","Fan 2 after run timer. Runtime state -- log to observe this behavior."
"fan_engine_bay_aux_timer","40001596","Data Label","ushort","Fan engine bay aux timer. Log to follow core engine state."
"tps_delta_rate","40001598","Data Label","uint16_t",""
"tps_rate_current","4000159a","Data Label","u16_factor_1/255","Rate of throttle change. Log to study tip-in/tip-out transients. (0-1; raw/255)"
"fan_engine_bay_ramp_timer","4000159e","Data Label","undefined1",""
"maf_accumulated_2","400015a0","Data Label","u16_mass_g","Running total of inducted air mass. Log for fuel-used / integrated-airflow analysis. (g)"
"fuel_level","400015a2","Data Label","u8_volume_liter","Fuel level in litres. Log for range/consumption tracking. (L)"
"load_learning_stabilization_timer","400015a4","Data Label","undefined2",""
"obd_ii_accumulated_mass_air","400015a8","Data Label","undefined4",""
"cooling_recirc_pump_run_time_ms","400015b4","Data Label","uint32_t",""
"cooling_recirc_pump_stopped_dwell_timer","400015b8","Data Label","undefined2",""
"injtip_overrun_hysteresis_timer","400015ba","Data Label","u16_time_5ms",""
"fan_engine_bay_engine_off_timer","400015bc","Data Label","undefined2",""
"fan_engine_bay_stationary_timer","400015be","Data Label","undefined2",""
"fan_engine_bay_run_duration_timer","400015c0","Data Label","undefined2",""
"fan_engine_bay_off_duration_timer","400015c2","Data Label","undefined2",""
"engine_speed_delta100ms","400015c4","Data Label","u16_rspeed_rpm","Change in RPM over 100 ms (acceleration/deceleration rate). Log to see how fast revs rise/fall."
"injtip_decay_cycle_counter","400015d0","Data Label","uint16_t",""
"load_learning_holdoff_timer","400015d2","Data Label","undefined2",""
"ips_cruise_status_flags","400015d5","Data Label","undefined1",""
"dfco_pedal_ramp_step_interval","400015d6","Data Label","undefined1",""
"flexcan_timeslot_timer","400015d8","Data Label","uint8_t[10]","Flexcan timeslot timer. Internal/infrastructure state -- not a typical data-logging channel."
"etpu_elapsed_min_ticks","400015e8","Data Label","undefined4",""
"etpu_elapsed_max_captured_ticks","400015ec","Data Label","undefined4",""
"runtime_since_start","400015f4","Data Label","u32_time_5ms","Time since the current engine start. Log as a time base for traces. (ms; raw*5)"
"obd_ii_vvt_inlet_angle_bank2","400015fa","Data Label","undefined2",""
"obd_ii_vvt_exhaust_position_bank2","400015fc","Data Label","undefined2",""
"obd_ii_vvt_inlet_position_bank1","400015fe","Data Label","undefined2",""
"obd_ii_vvt_exhaust_position_bank1","40001600","Data Label","undefined2",""
"ign_static_timing_enable","40001608","Data Label","undefined2",""
"maf_voltage_buffer_head","4000160a","Data Label","undefined2",""
"map_voltage_buffer_index","4000160c","Data Label","undefined2",""
"cal_verification_lockout","4000160e","Data Label","bool","Cal verification lockout. Runtime state -- log to observe this behavior."
"slow_period_update_divider","4000160f","Data Label","undefined1",""
"torque_cut_level_prev","4000161e","Data Label","u8_count","Torque cut level prev. Log to follow the ECU torque estimate and any torque limiting."
"torque_cut_remaining_cyl_count","4000161f","Data Label","undefined1",""
"torque_cut_coilpack_failure_mask","40001620","Data Label","undefined1",""
"failed_ignition_cyl_count_prev","40001621","Data Label","uint8_t","Failed ignition cylinder count prev. Runtime state -- log to observe this behavior."
"torque_cut_cyl_anchor","40001622","Data Label","uint16_t",""
"crank_sync_prev_cylinder_idx","40001624","Data Label","undefined1",""
"ign_cyl_active_count_bank2","4000162d","Data Label","undefined1",""
"ign_cyl_active_count_bank1","4000162e","Data Label","undefined1",""
"ign_cyl_cut_flags","4000162f","Data Label","undefined1",""
"next_firing_cyl_index","40001630","Data Label","uint8_t","Next firing cylinder index. Runtime state -- log to observe this behavior."
"idle_speed_period_delta","40001634","Data Label","undefined4",""
"engine_is_running","40001638","Data Label","bool","Flag: engine is running. Log as a state gate for other channels."
"engine_speed_16bit","4000163a","Data Label","u16_rspeed_rpm","Engine speed (RPM). Log it -- the primary reference for almost every other channel."
"obd_ii_engine_speed","4000163c","Data Label","u16_rspeed_1/4rpm","Engine speed as reported on OBD-II (0.25-RPM units). Log to match scan-tool data."
"air_temp_engine_stopped","4000163e","Data Label","u8_temp_5/8-40c","Intake-air temperature latched at key-off. Log to study soak temperatures. (deg C; raw*5/8-40)"
"coolant_temp_engine_stopped","4000163f","Data Label","u8_temp_5/8-40c","Coolant temperature latched at the last key-off. Log to study heat-soak between starts. (deg C; raw*5/8-40)"
"engine_speed_3","40001640","Data Label","u8_rspeed_125/4+500rpm","Engine speed (coarse 8-bit). A lower-resolution RPM copy."
"engine_speed_period_1","40001644","Data Label","undefined4",""
"engine_speed_period_2","40001648","Data Label","undefined4",""
"engine_speed_period_avg","4000164c","Data Label","undefined2",""
"engine_speed_accel","40001650","Data Label","undefined4",""
"injection_flags","40001654","Data Label","undefined2",""
"dfco_active_duration_time","40001656","Data Label","undefined2",""
"engine_running_state","400016b0","Data Label","undefined1",""
"crank_tooth_counter","400016b4","Data Label","undefined2",""
"eTPU_crank_angle_speed_scaling","400016c0","Data Label","undefined4",""
"cyl_fire_counter_unknown","400016c6","Data Label","uint8_t[6]","Cylinder fire counter unknown. Runtime state -- log to observe this behavior."
"cam_sync_pulse_count","400016cc","Data Label","undefined1",""
"fuel_level_sensor_data_raw","400016e1","Data Label","undefined1",""
"UNUSED_wheel_speed_new_data_flag","400016e2","Data Label","undefined1",""
"fuel_level_sensor_flag","400016e4","Data Label","undefined4",""
"nonabs_wheel_speed_period_ticks","400016e8","Data Label","undefined4",""
"obd_ii_relay_status","400016ec","Data Label","undefined1",""
"fuel_level_filtered_x40000","400016f4","Data Label","undefined4",""
"sensor_adc_coolant","400016f8","Data Label","u16_voltage_5/1023v","Sensor ADC coolant. Log the raw sensor signal to check sensor health and range. (V; raw*5/1023)"
"ac_evap_temp_voltage","400016fa","Data Label","u16_voltage_5/1023v","A/C EVAP temperature voltage. Log to see A/C clutch engagement and its load/idle impact. (V; raw*5/1023)"
"sensor_adc_engine_air","400016fc","Data Label","u16_voltage_5/1023v","Sensor ADC engine air. Log the raw sensor signal to check sensor health and range. (V; raw*5/1023)"
"coolant_temp","400016fe","Data Label","u8_temp_5/8-40c","Engine coolant temperature\, the ECU's primary temp input. Log it to verify warm-up\, thermostat regulation\, and that cooling keeps up under sustained load. (deg C; raw*5/8-40)"
"obd_ii_ac_evap_temp","40001700","Data Label","undefined2",""
"temp_engine_air","40001702","Data Label","u8_temp_5/8-40c","Engine intake-air temperature. Log to track charge temperature and IAT-based compensations. (deg C; raw*5/8-40)"
"obd_ii_iat","40001704","Data Label","undefined2",""
"coolant_temp_raw","40001706","Data Label","undefined2",""
"ac_evap_temp_scaled","40001708","Data Label","undefined2",""
"sensor_adc_baro","4000170a","Data Label","u16_voltage_5/1023v",""
"obd_ii_atmospheric_baro","4000170c","Data Label","u16_pressure_mbar","Barometric (ambient) pressure used for altitude/density correction. Log to see how altitude shifts fueling."
"tps_8bit","4000170e","Data Label","u8_factor_1/255","Throttle-plate position\, 0-100% (8-bit). Log to see throttle opening and correlate tip-in with fueling/timing."
"fuel_level_raw","4000170f","Data Label","u8_volume_1/10gallon","Raw fuel-level reading. Log to check sender behavior/slosh. (gal; raw/10)"
"obd_ii_evap_vapor_pressure","40001710","Data Label","undefined2",""
"obd_ii_o2_sensor1_voltage","40001712","Data Label","u16_voltage_5/1023v","Bank-1 pre-cat O2 sensor voltage. Log to watch closed-loop switching and confirm the sensor is alive and oscillating. (V; raw*5/1023)"
"obd_ii_o2_sensor5_voltage","40001714","Data Label","u16_voltage_5/1023v","Bank-2 pre-cat O2 sensor voltage. Log to watch bank-2 fuel control. (V; raw*5/1023)"
"obd_ii_o2_sensor2_voltage","40001716","Data Label","u16_voltage_5/1023v","Bank-1 post-cat O2 sensor voltage. Log to judge catalyst health (post-cat should be lazy/steady). (V; raw*5/1023)"
"obd_ii_o2_sensor6_voltage","40001718","Data Label","u16_voltage_5/1023v","Bank-2 pre-cat O2 sensor voltage. Log to watch bank-2 closed-loop fuel control. (V; raw*5/1023)"
"ignition_on_flags","4000171a","Data Label","undefined2",""
"sensor_adc_ecu_voltage","4000171c","Data Label","u16_voltage_18/1023v","ECU/battery supply voltage. Log it -- low voltage skews injector dead-time and many sensors. (V; raw*18/1023)"
"evap_purge_pressure_voltage","4000171e","Data Label","u16_voltage_5/1023v","EVAP purge pressure voltage. Log the raw sensor voltage to check sensor health and wiring. (V; raw*5/1023)"
"clutch_pos_voltage","40001720","Data Label","u16_voltage_5/1023v","Clutch-pedal position sensor voltage. Log for launch/shift logic and DFCO gating. (V; raw*5/1023)"
"fuel_level_voltage","40001722","Data Label","u16_voltage_5/1023v","Fuel level voltage. Log to follow fuel delivery and mixture control. (V; raw*5/1023)"
"o2_sensor1_heater_current_scaled","40001724","Data Label","undefined2",""
"o2_sensor2_heater_current_scaled","40001726","Data Label","undefined2",""
"o2_sensor5_heater_current_scaled","40001728","Data Label","undefined2",""
"o2_sensor6_heater_current_scaled","4000172a","Data Label","undefined2",""
"sensor_adc_intake_air","4000172c","Data Label","u16_voltage_5/1023v","Sensor ADC intake air. Log the raw sensor signal to check sensor health and range. (V; raw*5/1023)"
"temp_intake_air","4000172e","Data Label","undefined1",""
"sensor_unused_ch1e_scaled","4000172f","Data Label","undefined1",""
"sensor_unpopulated_1772_scaled","40001730","Data Label","undefined1",""
"sensor_adc_unused_ch35","40001732","Data Label","u16_voltage_5/1023v",""
"load_filtered1","40001734","Data Label","undefined4",""
"sensor_adc_map","40001738","Data Label","u16_voltage_5/1023v","Sensor barometric. Log the raw sensor signal to check sensor health and range. (V; raw*5/1023)"
"sport_button_enable","40001742","Data Label","undefined1",""
"lat_accel","40001744","Data Label","undefined2",""
"coolant_temp_derived1","4000174c","Data Label","undefined4",""
"ac_evap_temp_raw","40001750","Data Label","undefined4",""
"iat2","40001758","Data Label","undefined2",""
"sensor_adc_unused_ch4","4000175a","Data Label","u16_voltage_5/1023v",""
"sensor_adc_unused_ch5","4000175c","Data Label","u16_voltage_5/1023v",""
"sensor_adc_unused_ch6","4000175e","Data Label","u16_voltage_5/1023v",""
"sensor_adc_unused_ch7","40001760","Data Label","u16_voltage_5/1023v",""
"fuel_level_update_holdoff_timer","40001762","Data Label","undefined2",""
"lat_accel_last","40001764","Data Label","i32_accel_1/255g","Most recent lateral acceleration. Log for chassis correlation. (g; raw/255)"
"driver_input_flags","40001769","Data Label","uint8_t[2]","Driver input flags. Runtime state -- log to observe this behavior."
"oil_pressure_warning_switch_voltage","4000176c","Data Label","u16_voltage_5/1023v","Oil-pressure warning switch input voltage. Log to confirm oil-pressure switch state. (V; raw*5/1023)"
"unused_byte_variable1","4000176e","Data Label","undefined2",""
"sensor_adc_ign_voltage","40001770","Data Label","u16_voltage_5/1023v","Ignition-switched supply voltage. Log to catch voltage sag affecting coils. (V; raw*5/1023)"
"sensor_adc_unpopulated_1772","40001772","Data Label","undefined2",""
"sensor_adc_unused_ch1e","40001774","Data Label","u16_voltage_5/1023v",""
"ign_adv_target1","40001778","Data Label","i16_angle_1/4","Target ignition advance. Log to follow the timing request. (deg; raw/4)"
"ign_base","4000177a","Data Label","i16_angle_1/4","Base ignition advance from the timing map (before compensations). Log to compare base vs final."
"ign_adv_knock_safe","4000177c","Data Label","i16_angle_1/4","Knock-safe ignition advance limit. Log to see the timing ceiling knock control allows. (deg; raw/4)"
"ign_adv_target_slewed","4000177e","Data Label","i16_angle_1/4",""
"ign_adv_final","40001780","Data Label","i16_angle_1/4","Final commanded ignition advance after all compensations. Log it -- the actual spark timing. (deg; raw/4)"
"ign_dwell_time","40001782","Data Label","undefined2",""
"ign_comp_total","40001784","Data Label","i16_angle_1/4","Sum of all ignition timing compensations. Log to see net trim away from base timing. (deg; raw/4)"
"ign_mbt_modeled","40001786","Data Label","i16_angle_1/4","Modeled MBT (best-torque) timing. Log to see how far from MBT the ECU is running."
"ign_adv_min","40001788","Data Label","i16_angle_1/4","Ignition advance min. Log spark advance to confirm the timing strategy and headroom to knock. (deg; raw/4)"
"ign_comp_idle_speed_error","4000178a","Data Label","i16_angle_1/4deg","Ignition compensation idle speed error. Log spark advance to confirm the timing strategy and headroom to knock. (deg; raw/4)"
"ign_adv_coolant_comp","4000178c","Data Label","i16_angle_1/4deg",""
"ign_maf_accum_trim_startup","4000178e","Data Label","undefined2",""
"ign_comp_startup","40001790","Data Label","i8_angle_1/4deg","Ignition compensation startup. Log spark advance to confirm the timing strategy and headroom to knock. (deg; raw/4)"
"ign_startup_comp_flags","40001792","Data Label","undefined2",""
"ign_comp_tps_rate","40001794","Data Label","i8_angle_1/4deg",""
"obd_ii_ign_adv_per_cylinder","40001796","Data Label","i16_angle_1/4[6]","Ignition advance per cylinder. Log spark advance to confirm the timing strategy and headroom to knock. (deg; raw/4)"
"ign_dfso_active","400017a2","Data Label","undefined2",""
"ign_adv_coldstart_comp","400017a4","Data Label","undefined1",""
"ign_advance_step_tps","400017a5","Data Label","i8_angle_1/4deg",""
"ign_retard_step_tps","400017a6","Data Label","i8_angle_1/4deg","Ignition retard step throttle position. Log spark advance to confirm the timing strategy and headroom to knock. (deg; raw/4)"
"ign_comp_transient_total","400017a8","Data Label","i16_angle_1/4deg",""
"ign_comp_idle_speed_error_moving","400017aa","Data Label","i16_angle_1/4",""
"ign_target_slew_prescaler","400017ac","Data Label","undefined1",""
"ign_target_update_inhibit_timer_5ms","400017ae","Data Label","undefined2",""
"ign_idle_comp_recovery_timer","400017b0","Data Label","u8_time_5ms",""
"ign_mode","400017b1","Data Label","enum_ign_mode","Ignition mode. Log spark advance to confirm the timing strategy and headroom to knock."
"ign_temp_comp_load_scaling","400017b2","Data Label","undefined1",""
"ign_mode_prev","400017b3","Data Label","enum_ign_mode",""
"engine_operating_state_flags_ign_unknown","400017b4","Data Label","undefined1",""
"ign_adv_target_slewed_prev","400017b6","Data Label","i16_angle_1/4",""
"ign_adv_roughness_prev","400017b8","Data Label","i16_angle_1/4",""
"inj_deadtime_base","400017c0","Data Label","u16_time_us",""
"inj_mass_to_time_scaler_b1","400017c4","Data Label","u32_time_us",""
"inj_mass_to_time_scaler_b2","400017c8","Data Label","u32_time_us",""
"obd_ii_injector_pulse_time_bank1_us","400017cc","Data Label","u32_time_us","Bank-1 injector pulse width (us). Log it -- direct measure of fuel delivered; key for injector sizing/duty."
"obd_ii_injector_pulse_time_bank2_us","400017d0","Data Label","u32_time_us","Bank-2 injector pulse width (us). Log for bank-2 fuel delivery and duty cycle."
"inj_startup_pulse_time","400017d4","Data Label","u32_time_us","Cranking/startup injector pulse width. Log to tune cold-start fueling. (us)"
"inj_start_angle_target","400017d8","Data Label","u32_angle_1/10defg",""
"inj_start_angle_actual","400017dc","Data Label","undefined4",""
"afr_target","400017e0","Data Label","u16_afr_1/100","Commanded air/fuel ratio target. Log it -- the single most important channel for verifying mixture while tuning. (AFR; raw/100)"
"inj_flow_rate","400017e2","Data Label","u16_flow_mg/s","Commanded injector flow rate. Log to follow fuel delivery vs target. (mg/s)"
"inj_fuel_mass_required","400017e4","Data Label","u16_mass_10ug",""
"fuel_power_enrich_flags","400017e6","Data Label","uint8_t",""
"inj_pw_bank1_post_trim_us","400017e8","Data Label","u32_time_us",""
"inj_pw_bank2_post_trim_us","400017ec","Data Label","u32_time_us",""
"inj_startup_enrichment_offset","400017f0","Data Label","u32_time_us",""
"inj_pw_bank1_pre_trim_us","400017f4","Data Label","u32_time_us",""
"inj_pw_bank2_pre_trim_us","400017f8","Data Label","u32_time_us",""
"inj_fuel_mass_bank1","400017fc","Data Label","u16_mass_10ug",""
"inj_fuel_mass_bank2","400017fe","Data Label","u16_mass_10ug",""
"inj_angle_raw","40001800","Data Label","u8_angle_720/256deg",""
"afr_enrichment_from_ign_retard","40001801","Data Label","u8_afr_1/100","Extra fuel enrichment added when timing is retarded (e.g. under knock). Log to see protective enrichment kick in."
"inj_efficiency","40001802","Data Label","u8_factor_1/200",""
"inj_duty_bank1_pct","40001803","Data Label","u8_factor_1/100",""
"inj_duty_bank2_pct","40001804","Data Label","u8_factor_1/100",""
"fuel_usage_instantaneous","40001806","Data Label","u16_economy_1/10ml_per_km",""
"fuel_mileage_instantaneous","40001808","Data Label","undefined2",""
"coilpack_failure_flags","4000180a","Data Label","undefined2",""
"inj_bank_balance_ratio","4000180c","Data Label","u8_factor_1/200",""
"rev_limit_active_time","4000180d","Data Label","u8_time_100ms",""
"revlimit_fuelcut_count","4000180e","Data Label","uint8_t","Revlimit fuelcut count. Log to confirm where and how the rev limiter intervenes."
"inj_mass_ratio_from_evap_purge_b1","4000180f","Data Label","u8_factor_1/255",""
"inj_mass_ratio_from_evap_purge_b2","40001810","Data Label","u8_factor_1/255",""
"rev_limit_tick_10hz","40001811","Data Label","u8_time_5ms",""
"afr_closedloop_hold_timer","40001812","Data Label","u16_time_5ms",""
"inj_enrichment_cranking_blend","40001814","Data Label","u8_factor_1/255",""
"inj_cranking_enrichment_soak_time","40001815","Data Label","u8_factor_1/255",""
"inj_cranking_enrichment_air_temp","40001816","Data Label","undefined1",""
"inj_cranking_enrichment_mass_accum","40001817","Data Label","undefined1",""
"inj_pw_max_available_us","40001818","Data Label","u32_time_us",""
"inj_pulse_angle_b1","40001820","Data Label","u32_angle_1/10deg",""
"inj_pulse_angle_b2","40001824","Data Label","u32_angle_1/10deg",""
"etpu_sdm_param24_base","40001830","Data Label","undefined4",""
"etpu_sdm_base","40001838","Data Label","undefined4",""
"etpu_mcr_addr","40001840","Data Label","uint32_t *","ETPU mcr addr. Internal/infrastructure state -- not a typical data-logging channel."
"timer_main_start2","4000186c","Data Label","undefined4",""
"preserve_perf??","40001870","Data Label","bool",""
"lea_init_stamp_lo","40001872","Data Label","uint16_t",""
"lea_init_stamp_hi","40001874","Data Label","uint16_t",""
"lea_init_status_flags","40001878","Data Label","uint8_t",""
"diag_lea_reset_trigger","4000187c","Data Label","uint16_t","Diag lea reset trigger. Runtime state -- log to observe this behavior."
"flash_saved_sll_slms_mask","400018a8","Data Label","undefined4",""
"flash_saved_lml_hbl_hi_mask","400018ac","Data Label","undefined4",""
"flash_saved_lml_hbl_lo_mask","400018b0","Data Label","undefined4",""
"fan_coolant_flags","400018b8","Data Label","undefined4",""
"car_gear_current","400018be","Data Label","enum_t6e_gear","Currently selected/estimated gear. Log to map RPM/load against gear."
"ign_off_main_relay_hold_timer","400018c0","Data Label","undefined2",""
"fuel_level_percentage","400018c2","Data Label","u8_factor_1/255","Fuel level as a percentage. Log for fuel-gauge behavior. (0-1; raw/255)"
"fan_cooling_1_state","400018c3","Data Label","undefined1",""
"fan_cooling_2_state","400018c4","Data Label","undefined1",""
"fan_engine_bay_aux_state","400018c5","Data Label","undefined1",""
"recirculation_pump_state","400018c6","Data Label","undefined1",""
"ign_voltage_above_threshold","400018c8","Data Label","bool","Flag: supply voltage is above the minimum for normal operation. Log to flag brown-outs."
"rev_per_km","400018cc","Data Label","undefined4",""
"acis_state","400018d4","Data Label","undefined1",""
"intake_flapper_state","400018d5","Data Label","undefined1",""
"exhaust_flap_state","400018d6","Data Label","undefined1",""
"car_speed_u8","400018d7","Data Label","u8_speed_kph","Vehicle speed (km/h). Log for speed-based logic\, limiters\, and gear inference."
"car_speed_x100","400018d8","Data Label","u16_speed_1/100kph","Vehicle speed at 0.01 km/h resolution. Log for precise speed analysis. (km/h; raw/100)"
"wheel_speed","400018da","Data Label","wheelspeeds_short","Individual wheel speeds (from ABS over CAN). Log to compute slip and study traction events."
"brake_switch","400018e2","Data Label","undefined1",""
"clutch_pos_sensor","400018e3","Data Label","undefined1",""
"gear_lookup","400018e4","Data Label","word[12]","Gear lookup. Runtime state -- log to observe this behavior."
"cluster_run_state","400018fc","Data Label","undefined1",""
"injtip_overrun_inhibit_timer","400018fe","Data Label","undefined2",""
"ign_adv_from_roughness_detection","40001900","Data Label","i16_angle_1/4","Ignition advance from roughness detection. Log spark advance to confirm the timing strategy and headroom to knock. (deg; raw/4)"
"wheel_speed_front_accel","40001906","Data Label","undefined2",""
"cluster_shiftlight_rpm_offset","40001908","Data Label","ushort","Cluster shiftlight RPM offset. Log to check what the ECU sends the dash (gauges/warnings)."
"coolant_fan_afterrun_time","4000190a","Data Label","u16_time_s","Coolant fan afterrun time. Timer/counter -- log to measure how long a condition persists. (s)"
"cluster_shift_light_state","4000190c","Data Label","undefined1",""
"cluster_tpms_blink_state","4000190d","Data Label","undefined1",""
"cluster_tpms_blink_cycle_timer","4000190e","Data Label","undefined1",""
"cluster_tpms_blink_timer","40001910","Data Label","undefined2","Once this timer expires\, the TPMS light stays on"
"dash_data_CAN400","40001918","Data Label","cluster_data","The cluster (CAN 0x400) message contents: gauges\, warnings\, shift lights. Log to see what the dash is told."
"cluster_indicator_flags","40001920","Data Label","undefined1",""
"unused_cluster_cod_config_flags","40001921","Data Label","undefined1",""
"cluster_flags","40001922","Data Label","undefined1",""
"shutdown_actions_done","40001923","Data Label","bool","Shutdown actions done. Runtime state -- log to observe this behavior."
"pwm_0xB3_initialized","40001925","Data Label","bool","Pwm 0xB3 initialized. Runtime state -- log to observe this behavior."
"exhaust_flap_enable_flags","40001926","Data Label","undefined1",""
"nonabs_wheelspeed","40001928","Data Label","undefined4",""
"recirc_pump_shutdown_timer_set","4000192c","Data Label","bool","Recirc pump shutdown timer set. Runtime state -- log to observe this behavior."
"coolant_temp_delta","4000192d","Data Label","u8_temp_5/8-40c","Fan coolant temperature drop. Log to track thermal behavior and confirm the sensor reads sanely. (deg C; raw*5/8-40)"
"engine_bay_fan_thermostat_check_timer","4000192e","Data Label","u8_time_100ms",""
"fan_engine_bay_inhibit","4000192f","Data Label","bool","Fan engine bay inhibit. Log to follow core engine state."
"coolant_temp_prev","40001930","Data Label","u8_temp_5/8-40c","A second/redundant coolant-temperature reading. Log alongside coolant_temp to cross-check the sensor. (deg C; raw*5/8-40)"
"engine_speed_tach_filtered","40001944","Data Label","u16_rspeed_1/4rpm",""
"exhaust_flap_desired_state","40001949","Data Label","uint8_t","Exhaust flap desired state. Log to see exhaust bypass valve position (sound/backpressure)."
"wheel_speed_front_delta_filtered","4000194c","Data Label","undefined2",""
"wheel_speed_front_delta","4000194e","Data Label","undefined2",""
"wheel_speed_front_accel_update_timer","40001950","Data Label","undefined1",""
"wheel_speed_front_avg_current","40001952","Data Label","undefined2",""
"wheel_speed_front_avg_prev","40001954","Data Label","undefined2",""
"engine_speed_pps_target","40001956","Data Label","u16_rspeed_1/4rpm",""
"engine_speed_tach_fp8","40001958","Data Label","u32_rspeed_1024rpm","High-resolution filtered engine speed (tach). Log for smooth RPM traces."
"idle_underspeed_latch","4000195d","Data Label","bool","Idle underspeed latch. Log to diagnose idle quality\, hunting\, and stalls."
"engine_speed_tach_fp8_prev","40001960","Data Label","u32_rspeed_1024rpm","Engine speed tach (fixed-point) prev. Log to follow core engine state. (RPM; raw/1024)"
"engine_speed_filter_rise_coeff","40001964","Data Label","u8_factor_1/255","Engine speed filter rise coeff. Log to follow core engine state. (0-1; raw/255)"
"main_relay_state","40001965","Data Label","bool","Main power-relay state. Log for power-up/down diagnostics."
"ips_shift_light_flags","40001966","Data Label","undefined1",""
"paddle_shift_sensor_raw","40001968","Data Label","u16_voltage_5/1023v","Paddle shift sensor raw. Log the raw sensor signal to check sensor health and range. (V; raw*5/1023)"
"paddle_shift_flags","4000196a","Data Label","undefined1",""
"tpms_output","40001970","Data Label","byte[8]","Tpms output. Runtime state -- log to observe this behavior."
"tpms_tx_401_payload_unused","40001978","Data Label","byte[8]","Tpms tx 401 payload unused. Internal/infrastructure state -- not a typical data-logging channel."
"tpms_tx_pending_flags","40001980","Data Label","undefined1",""
"dfco_recovery_enrichment","40001988","Data Label","undefined4",""
"inj_tip_adj_enrichment","4000198c","Data Label","undefined4",""
"inj_tip_adj_enleanment","40001990","Data Label","undefined4",""
"inj_flags","40001994","Data Label","undefined2",""
"injtip_in_rpm_decay","40001996","Data Label","u8_dt_factor_1/100/5ms",""
"injtip_out_rpm_decay","40001997","Data Label","u8_dt_factor_1/100/5ms",""
"dfco_pedal_ramp_target","40001998","Data Label","uint8_t",""
"injtip_in_enrichment_raw","4000199c","Data Label","undefined4",""
"injtip_out_enleanment_raw","400019a0","Data Label","undefined4",""
"logged_tps_rate_transient","400019a4","Data Label","undefined2",""
"dfco_recovery_enrich_cooldown_timer","400019a6","Data Label","u16_time_5ms",""
"injtip_in_rpm_scale","400019a8","Data Label","u8_factor_1/128",""
"injtip_in_coolant_scale","400019a9","Data Label","u8_factor_1/64",""
"injtip_out_rpm_scale","400019aa","Data Label","u8_factor_1/128",""
"injtip_out_coolant_scale","400019ab","Data Label","u8_factor_1/64",""
"inj_tip_in_adj_gear_current","400019ac","Data Label","int8_t","Injector tip in adj gear current. Log to verify injector pulse width and fuel delivery vs target."
"dfco_enable_engine_speed","400019ae","Data Label","u16_rspeed_rpm","RPM above which DFCO (fuel cut on decel) is allowed. Log to study overrun fuel cut."
"dfco_disable_rpm_ingear","400019b0","Data Label","u16_rspeed_rpm","DFCO disable RPM ingear. Log to see when fuel is cut and restored on deceleration. (RPM)"
"dfco_disable_rpm_neutral","400019b2","Data Label","u16_rspeed_rpm","DFCO disable RPM neutral. Log to see when fuel is cut and restored on deceleration. (RPM)"
"cyl_fuelcut_sparking_mask","400019b4","Data Label","undefined1",""
"ign_per_cyl_fire_enable","400019b5","Data Label","bool","Ignition per cylinder fire enable. Log spark advance to confirm the timing strategy and headroom to knock."
"dfco_cyl_ramp_counter","400019b8","Data Label","uint8_t[6]","DFCO cylinder ramp counter. Log to see when fuel is cut and restored on deceleration."
"sensor_adc_maf1","400019c0","Data Label","u16_voltage_5/1023v",""
"maf_flow_1","400019c2","Data Label","u16_flow_10mg/s","Mass-air-flow reading (primary). Log it -- airflow is the basis of the whole fuel calculation."
"manifold_pressure_calculated","400019c4","Data Label","u16_pressure_mbar","Manifold absolute pressure. Log it to see engine load/vacuum and confirm the MAP estimate tracks reality. (mbar)"
"load_mass_per_stroke_raw","400019c8","Data Label","undefined4",""
"load_selected_raw","400019cc","Data Label","u32_load_mg/stroke","The load value actually selected for the fuel/ign calc. Log it -- this is the load the engine is running on. (mg/stroke)"
"sensor_adc_maf2","400019d0","Data Label","u16_voltage_5/1023v",""
"load_alphaN_learn_cell","400019d2","Data Label","uint16_t",""
"load_alphaN_maf_error_correction_cell","400019d4","Data Label","undefined2",""
"map_estimate_base","400019d8","Data Label","u16_pressure_mbar","Modeled (estimated) manifold pressure -- this NA ECU computes MAP rather than measuring it. Log to validate the model against expectation."
"map_estimate_rpm_factor","400019da","Data Label","undefined2",""
"load_maf_vs_alphaN_difference","400019dc","Data Label","u16_load_mg/stroke","Disagreement between MAF and Alpha-N load. Log to detect a metering/airflow fault. (mg/stroke)"
"tps_delta_from_idle","400019de","Data Label","u16_factor_1/1023","Throttle opening above the closed/idle baseline. Log to detect off-idle tip-in. (0-1; raw/1023)"
"load_computed_maf","400019e0","Data Label","u32_load_mg/stroke","Engine load computed from MAF. Log to compare MAF-based vs Alpha-N load. (mg/stroke)"
"maf_flow_difference","400019e4","Data Label","u16_flow_10mg/s","Difference between the two MAF computations. Log to spot MAF disagreement or a metering fault. (mg/s; raw*10)"
"load_computed_alphaN","400019e8","Data Label","u32_load_mg/stroke","Engine load computed from throttle+RPM (Alpha-N). Log to compare against MAF load."
"tps_idle_baseline_calculated","400019ec","Data Label","u16_factor_1/1023","Throttle position idle baseline learned. Log to diagnose idle quality\, hunting\, and stalls. (0-1; raw/1023)"
"ecu_load_alphaN_base","400019f0","Data Label","u16_load_mg/stroke",""
"load_to_tps_mapping","400019f2","Data Label","u16_factor_1/1023","Load to throttle position mapping. Log to see throttle/pedal demand and throttle response. (0-1; raw/1023)"
"maf_vs_alphaN_flow_error","400019f4","Data Label","u16_flow_10mg/s",""
"load_alphaN_trim_factor","400019f6","Data Label","u16_factor_1/100",""
"load_alphaN_maf_error_correction","400019f8","Data Label","u16_factor_1/100",""
"transient_load_timer","400019fa","Data Label","u8_time_5ms",""
"load_mass_per_stroke","400019fb","Data Label","u8_load_4mg/stroke","Load mass per stroke. Log engine load -- the main axis for fueling and ignition. (mg/stroke; raw*4)"
"obd_ii_p0106_min_tps","400019fc","Data Label","u8_factor_1/255","Runtime monitor state for P0106 (MAP/baro rationality). Log to see this monitor evaluate."
"load_tps_scaling_factor","400019fd","Data Label","u8_factor_1/255",""
"load_selection_tps_threshold","400019fe","Data Label","u8_factor_1/255","Load selection throttle position threshold. Log to see throttle/pedal demand and throttle response. (0-1; raw/255)"
"knock_inhibit_tps_max","400019ff","Data Label","u8_factor_1/255","Knock inhibit throttle position max. Log to catch knock events and see how much timing is being pulled. (0-1; raw/255)"
"load_ratio_alphaN_to_maf","40001a00","Data Label","u8_factor_1/100",""
"tps_ratio_idle_to_current","40001a01","Data Label","u8_factor_1/100",""
"obd_ii_calc_engine_load","40001a02","Data Label","undefined1",""
"obd_ii_load_abs","40001a04","Data Label","u16_factor_1/255","Load ABS. Log engine load -- the main axis for fueling and ignition. (0-1; raw/255)"
"map_estimate_iat_factor","40001a06","Data Label","undefined1",""
"map_estimate_baro_factor","40001a07","Data Label","u8_factor_1/100","MAP estimate barometric factor. Log this ratio to see the resulting control output. (0-1; raw/100)"
"load_pct","40001a08","Data Label","u8_factor_1/100","Engine load as a percentage. Log it -- the common load axis for maps. (0-1; raw/100)"
"load_source_is_alphaN","40001a09","Data Label","bool","Flag: load is currently sourced from Alpha-N rather than MAF. Log to know which model is active."
"engine_speed_period_adj","40001a0a","Data Label","undefined2",""
"maf_flow_2","40001a0c","Data Label","u16_flow_10mg/s","Mass-air-flow reading (secondary/alternate). Log to cross-check the primary MAF."
"obd_engine_load_divisor","40001a0e","Data Label","uint8_t","OBD engine load divisor. Log engine load -- the main axis for fueling and ignition."
"load_density_corrected_8bit","40001a0f","Data Label","u8_load_4mg/stroke","Load density corrected 8bit. Log engine load -- the main axis for fueling and ignition. (mg/stroke; raw*4)"
"load_maf_absolute","40001a10","Data Label","undefined4",""
"vacuum","40001a14","Data Label","u16_pressure_mbar","Manifold vacuum (below atmospheric). Log to gauge engine load and detect intake leaks."
"cat_monitor_min_maf_accum_thresh.","40001a32","Data Label","undefined1",""
"obd_ii_o2_postcat_sw_bank1","40001a5e","Data Label","undefined2",""
"obd_ii_o2_precat_sw_bank2","40001a64","Data Label","undefined2",""
"obd_ii_o2_precat_sw_bank1","40001a66","Data Label","undefined2",""
"cat_monitor_o2_switch_thresh","40001a68","Data Label","undefined2",""
"obd_similar_cond_met_mask","40001a88","Data Label","undefined1",""
"obd_monitor_task_scheduler_token","40001a8a","Data Label","undefined2",""
"obd_ii_montior_passes_bitfield","40001a8c","Data Label","undefined2",""
"engine_coolant_temp_C","40001a8f","Data Label","undefined1",""
"obd_ii_dtc_state","40001a90","Data Label","undefined1",""
"engine_has_run","40001a97","Data Label","bool","Flag: engine has run this key cycle. Useful as a logging gate."
"obd_warmup_ready","40001a98","Data Label","undefined1",""
"etb_module_fault_latched","40001ae9","Data Label","bool",""
"evap_canister_purge_solenoid_timer","40001afb","Data Label","undefined1",""
"evap_purge_flow_state_timer","40001afd","Data Label","undefined1",""
"evap_vent_control_timer","40001b00","Data Label","undefined1",""
"abs_wheel_speed_validity_flags","40001b0e","Data Label","undefined1",""
"cl_state_flags_bank1","40001b18","Data Label","undefined2",""
"cl_state_flags_bank2","40001b1a","Data Label","undefined2",""
"stft_bank1","40001b1c","Data Label","i16_factor_1/20",""
"stft_bank2","40001b1e","Data Label","i16_factor_1/20",""
"cl_status_bank1","40001b20","Data Label","undefined2",""
"ltft_bank1","40001b28","Data Label","i16_factor_1/10",""
"ltft_bank2","40001b2a","Data Label","i16_factor_1/10",""
"obd_ii_fuel_learn_timer","40001b2c","Data Label","undefined2",""
"cl_proportional_gain_lean","40001b3a","Data Label","i16_factor_1/20",""
"cl_proportional_gain_rich","40001b3c","Data Label","undefined2",""
"cl_integral_gain","40001b3e","Data Label","undefined2",""
"cl_derivative_gain","40001b40","Data Label","i16_factor_1/20",""
"closedloop_activate_time","40001b42","Data Label","u16_time_5ms","Closedloop activate time. Log to watch O2 feedback trim the mixture and confirm the loop is active. (ms; raw*5)"
"ltft_rate_bank1","40001b44","Data Label","undefined2",""
"ltft_rate_bank2","40001b46","Data Label","undefined2",""
"closedloop_o2_thresholds","40001b5c","Data Label","u16_voltage_5/1023v[2]","Closedloop O2 thresholds. Log to watch O2 feedback trim the mixture and confirm the loop is active. (V; raw*5/1023)"
"stft_increment_timer_bank2","40001b63","Data Label","u8_time_100ms",""
"o2_switch_count_threshold","40001b64","Data Label","undefined2",""
"ltft_step_holdoff_timer_bank1","40001b6a","Data Label","u16_time_100ms",""
"ltft_step_holdoff_timer_bank2","40001b6c","Data Label","u16_time_100ms",""
"hc08_send_timer","40001bac","Data Label","u16_time_5ms","HC08 throttle co-processor send timer. Timer/counter -- log to measure how long a condition persists. (ms; raw*5)"
"throttle_control_mode","40001bb0","Data Label","enum_throttle_system_state","Electronic-throttle system state. Log to follow DBW mode transitions/faults."
"throttle_control_flags","40001bb1","Data Label","undefined1",""
"engine_operating_state_flags","40001bb8","Data Label","undefined2",""
"obd_ii_idle_speed_target_total","40001bba","Data Label","u16_rspeed_rpm","Idle speed target total. Log to diagnose idle quality\, hunting\, and stalls. (RPM)"
"obd_ii_idle_speed_error","40001bbe","Data Label","undefined2",""
"obd_ii_idle_air_output","40001bc0","Data Label","undefined1",""
"idle_air_control_proportional_term","40001bc2","Data Label","undefined2",""
"idle_air_control_integral_term","40001bc4","Data Label","undefined4",""
"obd_ii_idle_status","40001bc8","Data Label","undefined1",""
"idle_tps_target_calculated","40001bc9","Data Label","uint8_t","Idle throttle position target calculated. Log to diagnose idle quality\, hunting\, and stalls."
"tps_idle_target_cranking","40001bca","Data Label","u8_factor_1/1023","Throttle position idle target cranking. Log to diagnose idle quality\, hunting\, and stalls. (0-1; raw/1023)"
"idle_air_decay_phase","40001bcb","Data Label","uint8_t",""
"idle_stabilization_timer","40001bcc","Data Label","undefined1",""
"timer_above_min_carspeed","40001bcd","Data Label","undefined1",""
"idle_comp_ecu_voltage","40001bd8","Data Label","undefined2",""
"idle_comp_carspeed_decaying","40001bde","Data Label","u16_rspeed_rpm","Idle compensation carspeed decaying. Log to diagnose idle quality\, hunting\, and stalls. (RPM)"
"idle_comp_carspeed","40001be0","Data Label","undefined2",""
"idle_comp_baro","40001be6","Data Label","undefined1",""
"idle_ign_comp_by_target_speed","40001be7","Data Label","undefined1",""
"vacuum_4mbar","40001bea","Data Label","u16_pressure_mbar","Manifold vacuum at coarse 4-mbar resolution. Log for load/leak diagnostics. (mbar)"
"idle_comp_high_rpm_transient","40001bec","Data Label","u16_rspeed_rpm","Idle compensation high RPM transient. Log to diagnose idle quality\, hunting\, and stalls. (RPM)"
"idle_comp_ign_variant","40001bef","Data Label","undefined1",""
"idle_ign_variant_enabled_unknown","40001bf1","Data Label","bool","Idle ignition variant enabled unknown. Log spark advance to confirm the timing strategy and headroom to knock."
"idle_air_fast_decay_flag","40001bf2","Data Label","bool","Idle air fast decay flag. Log to diagnose idle quality\, hunting\, and stalls."
"idle_strategy","40001bf3","Data Label","enum_idle_strategy","Idle strategy. Log to diagnose idle quality\, hunting\, and stalls."
"idle_rolling_target_delta","40001bf4","Data Label","u16_rspeed_rpm",""
"idle_air_learn_coolant_interpolated","40001bf8","Data Label","uint32_t",""
"idle_air_decay_step_timer","40001bfe","Data Label","u8_time_ms",""
"idle_comp_timer_carspeed","40001c00","Data Label","u16_rspeed_rpm","Idle compensation timer carspeed. Log to diagnose idle quality\, hunting\, and stalls. (RPM)"
"idle_comp_iat","40001c02","Data Label","u8_rspeed_rpm","Idle compensation intake-air temp. Log to diagnose idle quality\, hunting\, and stalls. (RPM)"
"idle_rolling_target_delta_slewed","40001c04","Data Label","u16_rspeed_rpm",""
"idle_comp_car_speed","40001c06","Data Label","u16_rspeed_rpm","Idle compensation car speed. Log to diagnose idle quality\, hunting\, and stalls. (RPM)"
"ign_idle_adj_divisor","40001c0a","Data Label","undefined2",""
"idle_tps_requested","40001c0c","Data Label","u16_factor_1/1023","Idle throttle position requested. Log to diagnose idle quality\, hunting\, and stalls. (0-1; raw/1023)"
"knock_ign_retard_hold_counter_per_cyl","40001c18","Data Label","byte[6]","Knock ignition retard hold counter per cylinder. Log spark advance to confirm the timing strategy and headroom to knock."
"ign_knock_retard","40001c20","Data Label","u8_angle_1/4deg[6]","Learned value: ignition knock retard. A value the ECU learns over time -- log it to track adaptation and spot a developing fault. (deg; raw/4)"
"knock_ign_retard2","40001c28","Data Label","u8_angle_1/4deg[6]","Per-cylinder knock retard (secondary term). Log to see knock activity by cylinder."
"knock_ign_retard_sum","40001c2e","Data Label","i16_angle_1/4deg","Knock ignition retard2 sum. Log spark advance to confirm the timing strategy and headroom to knock."
"knock_flags","40001c30","Data Label","undefined1",""
"knock_sampling_window_offset","40001c31","Data Label","undefined1",""
"ign_adv_delta_to_knock_safe","40001c40","Data Label","i16_angle_1/4","Ignition advance delta to knock safe. Log spark advance to confirm the timing strategy and headroom to knock. (deg; raw/4)"
"knock_inhibit_timer_tps_rate","40001c42","Data Label","undefined1",""
"octane_scaler_current_min","40001c44","Data Label","undefined2",""
"knock_gain_mode_unknown2","40001c4a","Data Label","undefined1",""
"knock_gain_mode_unknown1","40001c4b","Data Label","undefined1",""
"knock_peak_over_threshold","40001c4c","Data Label","uint8_t[6]","Knock peak over threshold. Log to catch knock events and see how much timing is being pulled."
"evap_system_state_flags","40001c5c","Data Label","undefined4",""
"obd_ii_system_leak_status","40001c62","Data Label","undefined1",""
"obd_ii_eval_leak_check_result","40001c66","Data Label","undefined2",""
"hc_prog_mode_mem","40001c98","Data Label","uint32_t","Hc prog mode mem. Runtime state -- log to observe this behavior."
"main_diagnostic_flags","40001ca0","Data Label","undefined2",""
"obd_ii_P050B_fail_counter","40001ca2","Data Label","uint16_t",""
"obd_ii_knock_monitor_counters","40001cb2","Data Label","uint8_t[6]",""
"misfire_threshold_current_window","40001cca","Data Label","undefined2",""
"misfire_detect_min_load","40001ccf","Data Label","u8_load_4mg/stroke","Misfire detect min load. Log to find misfires and which cylinder is responsible. (mg/stroke; raw*4)"
"wheelspeeds_unknown","40001ce8","Data Label","wheelspeeds_int","Wheelspeeds unknown. Runtime state -- log to observe this behavior."
"wheelspeeds_unknown2","40001cf8","Data Label","wheelspeeds_int","Wheelspeeds unknown2. Runtime state -- log to observe this behavior."
"wheel_speed_offset_unknown","40001d08","Data Label","wheelspeeds_int","Wheel speed offset unknown. Runtime state -- log to observe this behavior."
"failed_ignition_cyl_count","40001d24","Data Label","uint8_t","Failed ignition cylinder count. Runtime state -- log to observe this behavior."
"misfire_sensitivity","40001d2c","Data Label","uint16_t","Misfire sensitivity. Log to find misfires and which cylinder is responsible."
"misfire_rpm_load_threshold_scaled","40001d2e","Data Label","undefined2",""
"obd_ii_misfires_cat_damage_per_bank","40001d30","Data Label","uint16_t[2]","Misfires cat damage per bank. Runtime state -- log to observe this behavior."
"obd_ii_max_misfire_results_emissions","40001d34","Data Label","undefined2",""
"misfire_emissions_limit","40001d36","Data Label","undefined1",""
"misfire_condition_flags","40001d38","Data Label","undefined4",""
"obd_ii_mode22_supported_pids_0_20","40001d40","Data Label","byte[4]","Mode22 supported pids 0 20. Internal/infrastructure state -- not a typical data-logging channel."
"obd_ii_mode22_supported_pids_20_40","40001d44","Data Label","byte[4]","Mode22 supported pids 20 40. Internal/infrastructure state -- not a typical data-logging channel."
"obd_ii_mode22_supported_pids_40_60","40001d48","Data Label","byte[4]","Mode22 supported pids 40 60. Internal/infrastructure state -- not a typical data-logging channel."
"obd_ii_mode22_supported_pids_60_80","40001d4c","Data Label","byte[4]","Mode22 supported pids 60 80. Internal/infrastructure state -- not a typical data-logging channel."
"obd_DTC_pending_count","40001d78","Data Label","undefined1",""
"obd_DTC_confirmed_count","40001d88","Data Label","undefined1",""
"obd_ii_mode13_enable","40001d89","Data Label","undefined1",""
"calibration_verification_number","40001d90","Data Label","uint16_t","Calibration verification number. Runtime state -- log to observe this behavior."
"o2_sensor_1_leanrich","40001dbc","Data Label","undefined",""
"o2_sensor_5_leanrich","40001dbd","Data Label","undefined",""
"obd_ii_o2_precat_diag_timer_bank2","40001dfe","Data Label","undefined2",""
"obd_ii_o2_precat_diag_timer_bank1","40001e00","Data Label","undefined2",""
"cylinder_seq_sync_flags","40001e42","Data Label","uint8_t","Cylinder seq sync flags. Runtime state -- log to observe this behavior."
"accelerator_pedal_pos_d","40001f08","Data Label","undefined2",""
"accelerator_pedal_pos_e","40001f0a","Data Label","undefined2",""
"tps_target","40001f0c","Data Label","u16_factor_1/1023","Commanded throttle-plate target (DBW). Log against actual TPS to check throttle-servo tracking."
"accel_pedal_latched","40001f0e","Data Label","u16_factor_1/1023","Latched accelerator-pedal position. Log to compare driver demand to delivered throttle. (0-1; raw/1023)"
"tps_target2","40001f12","Data Label","undefined2",""
"dca_stationary_wait_timer","40001f14","Data Label","undefined2",""
"dca_active_timer","40001f16","Data Label","undefined2",""
"dca_activate_timer","40001f18","Data Label","u8_time_5ms","Drive-Cycle-Assist activate timer. Log to observe Drive-Cycle-Assist activation (normally off). (ms; raw*5)"
"dca_tps_idle_delta","40001f1a","Data Label","undefined2",""
"dca_tps_target_limit","40001f1c","Data Label","undefined2",""
"dca_accel_pedal_raw","40001f1e","Data Label","undefined2",""
"dca_accel_pedal","40001f20","Data Label","undefined2",""
"dca_tps_ramp_step","40001f22","Data Label","undefined2",""
"dca_tps_ramp_target","40001f24","Data Label","undefined2",""
"dca_tps_ramp_index","40001f26","Data Label","undefined2",""
"dca_config_enabled","40001f28","Data Label","bool","Drive-Cycle-Assist config enabled. Log to observe Drive-Cycle-Assist activation (normally off)."
"accel_pedal_debounce_counter","40001f3c","Data Label","undefined1",""
"accel_pedal_debounce_expired","40001f3d","Data Label","undefined1",""
"dca_mode","40001f3e","Data Label","enum_drive_cycle_assist","Drive-Cycle-Assist mode. Log to observe Drive-Cycle-Assist activation (normally off)."
"obd_ii_commanded_evap_purge","40001f40","Data Label","undefined2",""
"idle_bypass_airflow","40001f46","Data Label","undefined2",""
"load_comp_idle","40001f48","Data Label","u16_load_mg/stroke",""
"evap_purge_fuel_mass_b1","40001f4c","Data Label","u16_mass_10ug",""
"evap_purge_fuel_mass_b2","40001f4e","Data Label","u16_mass_10ug",""
"obd_ii_evap_vapor_concentration","40001f50","Data Label","undefined2",""
"obd_ii_mode2f_flags_enabled","40001fb0","Data Label","undefined4",""
"obd_ii_mode2f_flags_state","40001fb4","Data Label","undefined4",""
"engine_off_obd_gate_timer","40001fbc","Data Label","undefined2",""
"obd_ii_mode2f_vvti_output_val","40001fbe","Data Label","undefined1",""
"obd_ii_mode2f_tach_commanded","40001fc0","Data Label","undefined2",""
"obd_dyno_mode_active","40001fc3","Data Label","bool",""
"obd_ii_set_mode2f_supported_pids_180_200","40001fd4","Data Label","byte[4]",""
"obd_ii_mode2f_timeout","40001fe8","Data Label","undefined2",""
"obd_ii_monitor_status_this_drive_cycle","40001ff2","Data Label","undefined2",""
"obd_ii_P0071_fail_counter","40002003","Data Label","uint8_t",""
"engine_state_failure_flags","40002014","Data Label","undefined4",""
"bootloader_rx_buffer","400020a8","Data Label","byte[0]","Bootloader rx buffer. Internal/infrastructure state -- not a typical data-logging channel."
"obd_p0106_map_corr_at_2500rpm","400020d0","Data Label","u8_pressure_4mbar","Runtime monitor state for P0106 (MAP/baro rationality). Log to see this monitor evaluate."
"obd_p0106_map_corr_at_1500rpm","400020d1","Data Label","u8_pressure_4mbar","Runtime monitor state for P0106 (MAP/baro rationality). Log to see this monitor evaluate."
"vacuum_expected_P0106","400020d2","Data Label","u16_pressure_mbar","Vacuum expected P0106. Log to monitor manifold/ambient pressure and detect leaks or sensor drift. (mbar)"
"map_expected_P0106","400020d6","Data Label","u16_pressure_mbar","MAP expected P0106. Log to monitor manifold/ambient pressure and detect leaks or sensor drift. (mbar)"
"thermostat_diag_maf_threshold_ips","400020d8","Data Label","undefined1",""
"vvt_task_rate_divider","40002118","Data Label","undefined1",""
"vvt_intake_adv_net","4000211a","Data Label","undefined2",""
"vvt_intake_transition_complete","4000214c","Data Label","bool","VVT intake transition complete. Log commanded vs actual cam timing to verify VVT response."
"vvt_exhaust_transition_complete","4000214d","Data Label","bool","VVT exhaust transition complete. Log commanded vs actual cam timing to verify VVT response."
"vvt_inlet_b1_zero_timer","40002171","Data Label","u8_time_100ms","VVT inlet bank1 zero timer. Log commanded vs actual cam timing to verify VVT response. (ms; raw*100)"
"vvt_inlet_b2_zero_timer","40002172","Data Label","u8_time_100ms","VVT inlet bank2 zero timer. Log commanded vs actual cam timing to verify VVT response. (ms; raw*100)"
"vvt_low_load_active","40002173","Data Label","undefined1",""
"ign_idle_base_variant","40002174","Data Label","undefined1",""
"vvt_exhaust_mode_flags","40002175","Data Label","undefined1",""
"ign_idle_base_flags","40002176","Data Label","undefined1",""
"vvt_start_time","40002194","Data Label","undefined2",""
"obd_ii_vvt_exhaust_error_bank2","40002196","Data Label","undefined2",""
"obd_ii_vvt_exhaust_error_bank1","40002198","Data Label","undefined2",""
"obd_ii_vvt_inlet_angle_error_bank2","4000219a","Data Label","undefined2",""
"obd_ii_vvt_inlet_angle_error_bank1","4000219c","Data Label","undefined2",""
"obd_ii_vvt_exhaust_target","4000219e","Data Label","undefined2",""
"obd_ii_vvt_inlet_target_position","400021a0","Data Label","undefined2",""
"obd_ii_throttle_body_range_perf","400021a8","Data Label","undefined1",""
"sensor_tps_track_a_voltage","400021aa","Data Label","u16_voltage_5/1023v",""
"sensor_tps_track_b_voltage","400021ac","Data Label","u16_voltage_5/1023v","ABS throttle position b. Log the raw sensor voltage to check sensor health and wiring. (V; raw*5/1023)"
"obd_ii_commanded_throttle_actuator","400021b0","Data Label","u16_factor_1/1023","Commanded throttle actuator. Log this ratio to see the resulting control output. (0-1; raw/1023)"
"tps_warmup_limited_target","400021b2","Data Label","u16_factor_1/1023","Throttle position warmup limited target. Log to see throttle/pedal demand and throttle response. (0-1; raw/1023)"
"debug_tps_target_post_limits_s32","400021d0","Data Label","uint32_t",""
"debug_tps_target_post_limits_u16","400021d4","Data Label","u16_factor_1/1023",""
"tps_smoothing_step_flags","400021e8","Data Label","undefined2",""
"throttle_error_flags","400021ea","Data Label","undefined1",""
"throttle_calibrate_fail","400021ec","Data Label","bool","Flag: throttle calibration failed. Log to catch DBW faults."
"lfb_pulse_toggle_timer","400021ee","Data Label","u16_time_100ms","Long-term fuel pulse toggle timer. Log to track long-term fuel learning and spot a developing fuel fault. (ms; raw*100)"
"lbf_state_flags","400021f0","Data Label","undefined1",""
"etb_initialization_state","400021f2","Data Label","enum_etc_state","Electronic-throttle-body init/calibration state. Log to debug throttle limp on startup."
"tps_max_during_warmup","400021f6","Data Label","u16_factor_1/1023","Throttle position max during warmup. Log to see throttle/pedal demand and throttle response. (0-1; raw/1023)"
"tps_decrement","4000220c","Data Label","undefined2",""
"tpssmooth_increment","4000220e","Data Label","u8_factor_1/1023","Tpssmooth increment. Log to see throttle-signal smoothing/filtering behavior. (0-1; raw/1023)"
"tpssmooth_low_speed_active","4000220f","Data Label","bool","Tpssmooth low speed active. Log to see throttle-signal smoothing/filtering behavior."
"etb_init_delay_timer","4000221c","Data Label","u16_time_ms",""
"etb_cal_closed_pos_status","4000221e","Data Label","uint8_t",""
"lbf_hold_timer","4000222a","Data Label","undefined2",""
"lbf_entry_countdown_timer","4000222c","Data Label","undefined2",""
"lfb_brake_off_hold_ticks","4000222e","Data Label","undefined2",""
"tps_track_b_closed_value","40002234","Data Label","undefined2",""
"tps_track_a_closed_value","40002236","Data Label","undefined2",""
"ips_state_flags","40002238","Data Label","undefined1",""
"ips_engine_speed_at_shift","4000223a","Data Label","u16_rspeed_rpm","IPS engine speed at shift. Log to follow IPS automated-manual shift behavior. (RPM)"
"tps_state_degraded","40002240","Data Label","bool","Throttle position state degraded. Log to see throttle/pedal demand and throttle response."
"tps_16bit","40002242","Data Label","u16_factor_1/1023","Throttle-plate position\, high resolution. Log for precise throttle tracking and DBW diagnostics. (0-1; raw/1023)"
"accel_pedal_state_degraded","40002244","Data Label","bool","Accelerator pedal state degraded. Runtime state -- log to observe this behavior."
"accel_pedal_pos","40002248","Data Label","u16_factor_1/1023","Accelerator-pedal position (driver demand). Log it -- the input the DBW throttle is trying to satisfy."
"tps_fault_active","4000224a","Data Label","bool","Flag: a throttle-position fault is set. Log to correlate faults with throttle limits."
"accel_pedal_state_degraded","4000224b","Data Label","bool","Accelerator pedal state degraded. Runtime state -- log to observe this behavior."
"tps_fault_flags","4000224d","Data Label","undefined1",""
"knock_buffer_count","40002250","Data Label","undefined1",""
"knock_sensor_new_data_available","40002252","Data Label","bool","Knock sensor new data available. Log to catch knock events and see how much timing is being pulled."
"knock_curr_cylinder","40002253","Data Label","undefined1",""
"knock_gain_mode","40002254","Data Label","undefined1",""
"knock_agc_override","40002255","Data Label","bool","Knock AGC override. Log to catch knock events and see how much timing is being pulled."
"knock_buffer_index","40002256","Data Label","undefined1",""
"knock_freq_bin_count","40002258","Data Label","undefined1",""
"iat_overtemp_monitor_lockout_timer","40002277","Data Label","undefined1",""
"obd_ii_tire_pressure_valid_and_error","40002278","Data Label","undefined2",""
"tpms_pressure","4000227a","Data Label","uint8_t[4]","Tpms pressure. Runtime state -- log to observe this behavior."
"iat_overtemp_fail_debounce_counter","40002282","Data Label","undefined1",""
"obd_ii_defer_send","40002288","Data Label","bool","Defer send. Runtime state -- log to observe this behavior."
"obd_ii_tx_messages_pending","40002289","Data Label","undefined1",""
"isotp_flow_status","4000228a","Data Label","undefined1",""
"isotp_fc_received","4000228b","Data Label","undefined1",""
"isotp_block_size","4000228c","Data Label","undefined1",""
"isotp_stmin","4000228d","Data Label","undefined1",""
"obd_resp_length","4000228e","Data Label","undefined2",""
"isotp_block_counter","40002290","Data Label","undefined1",""
"isotp_stmin_counter","40002291","Data Label","undefined1",""
"gear_index_auto","40002298","Data Label","enum_t6e_gear","Inferred gear index. Log for gear-based analysis."
"ips_shift_active","40002299","Data Label","bool","IPS shift active. Log to follow IPS automated-manual shift behavior."
"ips_flags_faults","4000229a","Data Label","undefined1",""
"obd_ii_oil_temp_ips","4000229b","Data Label","undefined1",""
"dm_data_buffer","4000229c","Data Label","undefined4",""
"can_rx_msg_timestamp","400022a8","Data Label","undefined2",""
"can_b7_rolling_counter","400022b1","Data Label","uint8_t","Can b7 rolling counter. Runtime state -- log to observe this behavior."
"message_350a_buf","400022b8","Data Label","byte[8]","Message 350a buf. Internal/infrastructure state -- not a typical data-logging channel."
"imu_gyro","400022ca","Data Label","undefined2",""
"imu_accel_lat","400022cc","Data Label","i16_accel_1/255g","Lateral acceleration (IMU). Log for cornering/grip analysis."
"steering_angle_sensor_status","400022cf","Data Label","undefined1",""
"steering_angle_rate","400022d0","Data Label","undefined1",""
"steering_angle","400022d2","Data Label","u16_angle_1/10deg","Steering-wheel angle (from SAS over CAN). Log for chassis/traction correlation."
"obd_ii_mode01_supported_pids_0_20","40002328","Data Label","byte[4]","Mode01 supported pids 0 20. Internal/infrastructure state -- not a typical data-logging channel."
"obd_ii_mode01_supported_pids_21_40","4000232c","Data Label","byte[4]","Mode01 supported pids 21 40. Internal/infrastructure state -- not a typical data-logging channel."
"obd_ii_mode01_supported_pids_41_60","40002330","Data Label","byte[4]","Mode01 supported pids 41 60. Internal/infrastructure state -- not a typical data-logging channel."
"obd_o2_value_buf","40002334","Data Label","undefined1",""
"obd_MIL_and_DTC","40002348","Data Label","undefined1",""
"obd_DTC_count","40002349","Data Label","undefined1",""
"hc08_rx_checksum_accum","40002350","Data Label","undefined1",""
"hc08_rx_parse_state","40002351","Data Label","undefined1",""
"hc08_tx_sequence_counter","40002352","Data Label","undefined1",""
"hc08_tx_rx_delta","40002358","Data Label","undefined2",""
"hc08_valid_rx_count","4000235c","Data Label","undefined4",""
"hc08_status_tx_count","40002360","Data Label","undefined4",""
"cruise_switch_unknown_voltage","40002368","Data Label","u16_voltage_5/1023v","Cruise switch unknown voltage. Log to debug cruise engagement and speed holding. (V; raw*5/1023)"
"obd_ii_cruise_status","4000236c","Data Label","undefined4",""
"cruise_speed_target","40002370","Data Label","u16_speed_1/100kph","Cruise speed target. Log to debug cruise engagement and speed holding. (km/h; raw/100)"
"cruise_proportional_term","40002372","Data Label","u16_speed_1/100kph","Cruise proportional term. Log to debug cruise engagement and speed holding. (km/h; raw/100)"
"cruise_integral_term","40002374","Data Label","undefined2",""
"cruise_deriv_term","40002376","Data Label","undefined2",""
"cruise_control_tps_increment","4000237c","Data Label","undefined2",""
"cruise_tps_commanded","4000237e","Data Label","undefined2",""
"cruise_speed_error","40002380","Data Label","u16_speed_1/100kph","Cruise speed error. Log to debug cruise engagement and speed holding. (km/h; raw/100)"
"cruise_flags_unknown","40002382","Data Label","undefined2",""
"cruise_speed_smoothed","40002396","Data Label","u16_speed_1/100kph","Cruise speed smoothed. Log to debug cruise engagement and speed holding. (km/h; raw/100)"
"cruise_switch_unknown_voltage2","40002398","Data Label","undefined2",""
"cruise_transition_lockout_timer","400023a0","Data Label","undefined2",""
"cruise_stalk_idle_debounce_timer","400023aa","Data Label","undefined1",""
"cruise_speed_error_normalized","400023ac","Data Label","u8_factor_1/255",""
"obd_ii_engine_torque","400023b0","Data Label","u16_torque_nm","Engine torque. Log to follow the ECU torque estimate and any torque limiting. (Nm)"
"torque_estimated_actual_load","400023b2","Data Label","u16_torque_nm","Torque estimated actual load. Log to follow the ECU torque estimate and any torque limiting. (Nm)"
"engine_friction_torque","400023b4","Data Label","u16_torque_nm","Engine friction torque. Log to follow the ECU torque estimate and any torque limiting. (Nm)"
"torque_estimated_alphaN","400023b6","Data Label","u16_torque_nm","Torque estimated alphaN. Log to follow the ECU torque estimate and any torque limiting. (Nm)"
"torque_engine_friction_base","400023b8","Data Label","u16_torque_nm","Torque engine friction base. Log to follow the ECU torque estimate and any torque limiting. (Nm)"
"load_alphaN_base","400023ba","Data Label","u16_load_mg/stroke","Load alphaN base. Log engine load -- the main axis for fueling and ignition. (mg/stroke)"
"load_alphaN","400023bc","Data Label","u16_load_mg/stroke","Load alphaN. Log engine load -- the main axis for fueling and ignition. (mg/stroke)"
"load_alphaN_from_torque_request","400023be","Data Label","u16_load_mg/stroke",""
"torque_limit_tps_target","400023c0","Data Label","u16_factor_1/1023",""
"ign_comp_torque_reduction","400023c2","Data Label","i16_angle_1/4deg","Ignition compensation torque reduction. Log spark advance to confirm the timing strategy and headroom to knock. (deg; raw/4)"
"torque_allowed_factor","400023c4","Data Label","u8_factor_1/255","Torque allowed factor. Log to follow the ECU torque estimate and any torque limiting. (0-1; raw/255)"
"torque_limit_external_net","400023c6","Data Label","u16_torque_nm","Torque limit external net. Log to follow the ECU torque estimate and any torque limiting. (Nm)"
"torque_limit_external_factor","400023c8","Data Label","u8_factor_1/255","Torque limit external factor. Log to follow the ECU torque estimate and any torque limiting. (0-1; raw/255)"
"torque_above_external_limit","400023ca","Data Label","u16_torque_nm","Torque above external limit. Log to follow the ECU torque estimate and any torque limiting. (Nm)"
"torque_net_engine_combustion","400023cc","Data Label","u16_torque_nm","Torque net engine combustion. Log to follow the ECU torque estimate and any torque limiting. (Nm)"
"torque_alphaN_net","400023ce","Data Label","u16_torque_nm","Torque alphaN net. Log to follow the ECU torque estimate and any torque limiting. (Nm)"
"torque_limit_base_factor","400023d0","Data Label","u8_factor_1/255","Torque limit base factor. Log to follow the ECU torque estimate and any torque limiting. (0-1; raw/255)"
"torque_efficiency_factor","400023d1","Data Label","u8_factor_1/255",""
"torque_engine_friction_coolant","400023d2","Data Label","u16_torque_nm","Torque engine friction coolant. Log to follow the ECU torque estimate and any torque limiting. (Nm)"
"torque_engine_friction_accessory_scaled","400023d4","Data Label","u16_torque_nm","Torque engine friction accessory scaled. Log to follow the ECU torque estimate and any torque limiting. (Nm)"
"torque_cut_trigger_margin","400023d6","Data Label","u16_factor_1/255","Torque cut trigger margin. Log to follow the ECU torque estimate and any torque limiting. (0-1; raw/255)"
"torque_factor_per_cyl_step","400023d8","Data Label","uint8_t","Torque factor per cylinder step. Log to follow the ECU torque estimate and any torque limiting."
"torque_limit_active_cyl_cut_count","400023d9","Data Label","u8_count","Torque cut level. Log to follow the ECU torque estimate and any torque limiting."
"spark_retard_from_mbt","400023da","Data Label","i16_angle_1/4","How far timing is retarded from MBT. Log to gauge timing headroom. (deg; raw/4)"
"torque_limit_source_flags","400023dd","Data Label","undefined1",""
"torque_req_0xb7_abs_esp_active","400023de","Data Label","bool","Torque req 0xb7 ABS ESP active. Log to follow the ECU torque estimate and any torque limiting."
"torque_req_0xb7_cruise_control_active","400023df","Data Label","bool","Torque req 0xb7 cruise control active. Log to follow the ECU torque estimate and any torque limiting."
"tcu_0xc7_torque_request_active","400023e0","Data Label","bool",""
"torque_limit_ign_base_delta_from_mbt","400023e2","Data Label","i16_angle_1/4",""
"ign_retard_knock_avg","400023e4","Data Label","u16_angle_1/4deg","Average knock retard across cylinders. Log for an overall knock-activity trace. (deg; raw/4)"
"abs_esp_flags","400023e6","Data Label","undefined1",""
"torque_limit_0xb7_hold_timer","400023e8","Data Label","u8_time_10ms",""
"torque_limit_tcu_hold_timer","400023e9","Data Label","u8_time_10ms",""
"tc_torque_limit_use_slow_path","400023ea","Data Label","bool","Traction-control torque limit use slow path. Log to follow the ECU torque estimate and any torque limiting."
"tcu_slow_channel_active_never_set","400023eb","Data Label","bool",""
"torque_driver_net_clamped","400023ee","Data Label","u16_torque_nm","Torque driver net clamped. Log to follow the ECU torque estimate and any torque limiting. (Nm)"
"cruise_brake_standstill_timer","400023f0","Data Label","u16_time_10ms",""
"torque_loss_from_ign_retard","400023f2","Data Label","u16_torque_nm",""
"spark_retard_for_torque_loss","400023f4","Data Label","i16_angle_1/4deg","Spark retard for torque loss. Log to follow the ECU torque estimate and any torque limiting. (deg; raw/4)"
"ign_comp_torque_reduction_unclipped","400023f6","Data Label","u16_angle_1/4deg",""
"intermediate_calc1","400023f8","Data Label","undefined2",""
"torque_limit_internal","400023fa","Data Label","u16_torque_nm","Torque limit internal. Log to follow the ECU torque estimate and any torque limiting. (Nm)"
"torque_limit_external_and_internal","400023fc","Data Label","u16_torque_nm","Torque limit external and internal. Log to follow the ECU torque estimate and any torque limiting. (Nm)"
"nonfiring_cyl_count","400023fe","Data Label","u8_count",""
"torque_limit_output_clamp_flags","400023ff","Data Label","undefined1",""
"torque_tps_limit_delay_timer","40002400","Data Label","u8_time_10ms",""
"tcu_torque_limit_onset_latch","40002401","Data Label","bool",""
"torque_request_cruise_active","40002402","Data Label","bool",""
"brake_timer2","40002403","Data Label","u8_time_10ms",""
"runaway_protection_timeout_unknown","40002404","Data Label","u8_time_10ms",""
"ign_adv_sum_firing_cyl","40002406","Data Label","i16_angle_1/4deg","Ignition advance sum firing cylinder. Log spark advance to confirm the timing strategy and headroom to knock. (deg; raw/4)"
"torque_external_min_adder","40002408","Data Label","u16_torque_nm","Torque external min adder. Log to follow the ECU torque estimate and any torque limiting. (Nm)"
"torque_external_request_final","4000240a","Data Label","u16_torque_nm","Torque external request final. Log to follow the ECU torque estimate and any torque limiting. (Nm)"
"torque_engine_friction_accessory","4000240c","Data Label","undefined2",""
"torque_engine_friction_comp_engine_speed","4000240e","Data Label","u8_factor_1/255","Torque engine friction compensation engine speed. Log to follow the ECU torque estimate and any torque limiting. (0-1; raw/255)"
"torque_engine_friction_speed_component","40002410","Data Label","u16_torque_nm","Torque engine friction speed component. Log to follow the ECU torque estimate and any torque limiting. (Nm)"
"torque_limit_tps_accumulator","40002414","Data Label","uint32_t",""
"ac_compressor_state","40002419","Data Label","enum_ac_compressor_state","A/C compressor state. Log to see A/C clutch engagement and its load/idle impact."
"obd_ii_ac_clutch_relay","4000241a","Data Label","undefined1",""
"ac_compressor_load","4000241c","Data Label","undefined2",""
"ac_inhibit_flags","4000241e","Data Label","undefined2",""
"ac_tps_inhibit_timer","40002423","Data Label","u8_time_100ms","A/C throttle position inhibit timer. Log to see throttle/pedal demand and throttle response. (ms; raw*100)"
"ac_clutch_input","40002424","Data Label","bool","A/C clutch input. Log to see A/C clutch engagement and its load/idle impact."
"ac_button_requested","40002425","Data Label","bool","A/C button requested. Log to see A/C clutch engagement and its load/idle impact."
"ac_compressor_ign_compensation_active","40002426","Data Label","bool","A/C compressor ignition compensation active. Log spark advance to confirm the timing strategy and headroom to knock."
"ac_evap_temp_delta","40002438","Data Label","u16_temp_1/10C","A/C EVAP temperature delta. Log to see A/C clutch engagement and its load/idle impact. (deg C; raw/10)"
"ac_compressor_dc","4000243c","Data Label","undefined2",""
"ac_fan_startup_hold_timer","4000243e","Data Label","u16_time_100ms","A/C fan startup hold timer. Log to see A/C clutch engagement and its load/idle impact. (ms; raw*100)"
"ac_clutch_engage_request","4000244e","Data Label","bool","A/C clutch engage request. Log to see A/C clutch engagement and its load/idle impact."
"ac_evap_pid_update_period","4000244f","Data Label","u8_time_5ms",""
"ac_compressor_load_power","40002452","Data Label","undefined2",""
"ac_rpm_inhibit_delay_timer","40002456","Data Label","u8_time_100ms","A/C RPM inhibit delay timer. Log to see A/C clutch engagement and its load/idle impact. (ms; raw*100)"
"tps_error_flags_snapshot","40002478","Data Label","undefined1",""
"tps_sensor_fault_active","40002479","Data Label","bool","Throttle position sensor fault active. Log to see throttle/pedal demand and throttle response."
"tps_feedback_position","4000247a","Data Label","undefined2",""
"tps_system_state","400024a8","Data Label","uint16_t","Throttle position system state. Log to see throttle/pedal demand and throttle response."
"accel_pedal_track_d_selected","400024aa","Data Label","bool","Accelerator pedal track d selected. Runtime state -- log to observe this behavior."
"coding_cmd","400024b0","Data Label","uint8_t","Coding cmd. Internal/infrastructure state -- not a typical data-logging channel."
"coding_cmd_inline_buf","400024b8","Data Label","undefined",""
"bootloader_can_diag_write_ptr","400024c0","Data Label","undefined2",""
"bootloader_can_diag_read_ptr","400024c2","Data Label","undefined2",""
"bootloader_can_arb_id","400024c4","Data Label","undefined2",""
"eeprom_update_flags","400024ce","Data Label","undefined1",""
"prog_version_mismatch","400024cf","Data Label","bool","Prog version mismatch. Internal/infrastructure state -- not a typical data-logging channel."
"vin_type","400024d0","Data Label","enum_vin_type","VIN type. Runtime state -- log to observe this behavior."
"vin_assigned_mask","400024d4","Data Label","undefined4",""
"revlimit_state_flags","400024d8","Data Label","undefined2",""
"revlimit_rpm_error","400024da","Data Label","u16_rspeed_rpm","Revlimit RPM error. Log to confirm where and how the rev limiter intervenes. (RPM)"
"revlimit_tps_target","400024dc","Data Label","undefined2",""
"revlimit_tps_target","400024de","Data Label","undefined2",""
"revlimit_flow_setpoint","400024e0","Data Label","u16_flow_10mg/s","Revlimit flow setpoint. Log to confirm where and how the rev limiter intervenes. (mg/s; raw*10)"
"revlimit_hard_exit_rpm","400024e4","Data Label","u16_rspeed_rpm","Revlimit hard exit RPM. Log to confirm where and how the rev limiter intervenes. (RPM)"
"revlimit_hard","400024e6","Data Label","u16_rspeed_rpm","Hard rev-limit RPM. Log to confirm the hard cut point. (RPM)"
"ips_enforce_speed_limit","400024e8","Data Label","bool","IPS enforce speed limit. Log to follow IPS automated-manual shift behavior."
"ips_throttle_restrict","400024ea","Data Label","uint8_t","IPS throttle restrict. Log to follow IPS automated-manual shift behavior."
"revlimit_soft_rpm","400024ec","Data Label","u16_rspeed_rpm","Soft rev-limit RPM (where intervention begins). Log to see the limiter ramp in."
"rev_limit_after_timer_expiration","400024ee","Data Label","u16_rspeed_rpm","Rev limit after timer expiration. Log RPM -- the key reference axis for nearly every other channel. (RPM)"
"limp_mode_active","400024f0","Data Label","bool","Flag: ECU is in limp/limited mode. Log it -- immediately explains power loss."
"revlimit_escalation_integrator","400024f2","Data Label","undefined2",""
"revlimit_flow_correction_p","400024f6","Data Label","u16_flow_10mg/s","Revlimit flow correction p. Log to confirm where and how the rev limiter intervenes. (mg/s; raw*10)"
"revlimit_flow_correction_i","400024f8","Data Label","u16_flow_10mg/s","Revlimit flow correction i. Log to confirm where and how the rev limiter intervenes. (mg/s; raw*10)"
"revlimit_flow_correction_d","400024fa","Data Label","u16_flow_10mg/s","Revlimit flow correction d. Log to confirm where and how the rev limiter intervenes. (mg/s; raw*10)"
"revlimit_flow_base","40002500","Data Label","u16_flow_10mg/s","Revlimit flow base. Log to confirm where and how the rev limiter intervenes. (mg/s; raw*10)"
"revlimit_i_term_step","40002504","Data Label","undefined2",""
"rpm_speed_estimated_clipped_tomax","40002506","Data Label","u16_rspeed_rpm","RPM speed estimated clipped tomax. Log RPM -- the key reference axis for nearly every other channel. (RPM)"
"revlimit_comp_gear","40002508","Data Label","u8_rspeed_2rpm","Revlimit compensation gear. Log to confirm where and how the rev limiter intervenes. (RPM; raw*2)"
"revlimit_time_above_soft","4000250a","Data Label","u16_time_5ms","Revlimit time above soft. Log to confirm where and how the rev limiter intervenes. (ms; raw*5)"
"rev_limit_max_maf_by_gear","4000250c","Data Label","u8_flow_2g/s",""
"revlimit_max","4000250e","Data Label","u16_rspeed_rpm","Revlimit max. Log to confirm where and how the rev limiter intervenes. (RPM)"
"rpm_speed_estimated","40002510","Data Label","u16_rspeed_rpm","Estimated engine speed. Log to compare against measured RPM. (RPM)"
"tcu_can_status_flags","4000251e","Data Label","undefined2",""
"abs_esp_can_torque_request_flags","40002520","Data Label","undefined2",""
"can_b7_failure_counter","40002527","Data Label","undefined1",""
"engine_power_corrected","40002548","Data Label","undefined2",""
"overrev_rpm_threshold","4000254c","Data Label","undefined2",""
"steering_angle_deadband_ref","40002554","Data Label","u16_angle_1/10deg",""
"steering_excess_ema_state","40002558","Data Label","undefined4",""
"steering_angle_excess_raw","4000255c","Data Label","u16_angle_1/10deg",""
"steering_angle_excess_filtered","4000255e","Data Label","u8_angle_1/10deg",""
"slip_gear_change_holdoff_timer","4000255f","Data Label","undefined1",""
"accel_pedal_applied_timer","40002560","Data Label","u8_time_100ms","Accelerator pedal applied timer. Timer/counter -- log to measure how long a condition persists. (ms; raw*100)"
"gear_mismatch_dwell_timer","40002564","Data Label","uint8_t[6]","Gear mismatch dwell timer. Runtime state -- log to observe this behavior."
"slip_engaged_gear_ips???","4000256a","Data Label","enum_t6e_gear","Slip engaged gear IPS. Log to see wheel slip and traction-control intervention."
"slip_output_suggested_gear???","4000256b","Data Label","enum_t6e_gear","Slip output suggested gear. Log to see wheel slip and traction-control intervention."
"gear_advisory_state","4000256c","Data Label","undefined1",""
"staged_cod_payload","400025a8","Data Label","byte[8]","Staged cod payload. Internal/infrastructure state -- not a typical data-logging channel."
"adc_sample_buffer_secondary","40002614","Data Label","uint16_t[11]","ADC sample buffer secondary. Internal/infrastructure state -- not a typical data-logging channel."
"adc_sample_buffer_primary","40002684","Data Label","uint16_t[45]","ADC sample buffer primary. Internal/infrastructure state -- not a typical data-logging channel."
"adc_dma_dest","400026e0","Data Label","uint16_t[256]","ADC dma dest. Internal/infrastructure state -- not a typical data-logging channel."
"engine_speed_history_500ms","40002ad8","Data Label","u16_rspeed_rpm[4]","Engine speed history 500ms. Log to follow core engine state. (RPM)"
"throttle_target_pos2","40002ae8","Data Label","u16_factor_1/1023[14]",""
"tps_target_history","40002b08","Data Label","u16_factor_1/1023[14]",""
"etpu_elapsed_time","40002b54","Data Label","undefined4",""
"timer_main_start1","40002b58","Data Label","undefined4",""
"timer_main3","40002b5c","Data Label","undefined4",""
"loop_duration_main_ticks_max","40002b60","Data Label","undefined4",""
"loop_duration_main_ticks_max","40002b64","Data Label","undefined4",""
"timer_main_start1","40002b68","Data Label","undefined4",""
"timer_main_start2","40002b6c","Data Label","undefined4",""
"loop_duration_main_pretask_ticks","40002b70","Data Label","undefined4",""
"loop_duration_main_pretask_ticks_max","40002b74","Data Label","undefined4",""
"task_max_execution_time","40002b78","Data Label","uint32_t[12]","Task max execution time. Internal/infrastructure state -- not a typical data-logging channel."
"task_end_timestamps","40002ba8","Data Label","uint32_t[12]","Task end timestamps. Internal/infrastructure state -- not a typical data-logging channel."
"etpu_timestamp_prev_array","40002bd8","Data Label","uint32_t[12]","ETPU timestamp prev array. Internal/infrastructure state -- not a typical data-logging channel."
"map_voltage_buffer","40002c08","Data Label","u16_voltage_5/1023v[32]","MAP voltage buffer. Log the raw sensor voltage to check sensor health and wiring. (V; raw*5/1023)"
"maf_voltage_buffer","40002c48","Data Label","u16_voltage_5/1023v[32]","MAF voltage buffer. Log the raw sensor voltage to check sensor health and wiring. (V; raw*5/1023)"
"tps_error_flags","40002c89","Data Label","undefined1",""
"digital_input_raw_state","40002c98","Data Label","uint8_t[14]","Digital input raw state. Runtime state -- log to observe this behavior."
"digital_input_debounced","40002ca8","Data Label","uint8_t[14]","Digital input debounce state. Runtime state -- log to observe this behavior."
"ign_torque_retard_margin_per_cyl","40002cb8","Data Label","i16_angle_1/4deg[6]","Ignition torque retard margin per cylinder. Log spark advance to confirm the timing strategy and headroom to knock."
"ign_adv_with_torque_retard","40002cc4","Data Label","i16_angle_1/4deg[6]","Ignition advance with torque retard. Log spark advance to confirm the timing strategy and headroom to knock. (deg; raw/4)"
"ign_torque_margin_cyl1","40002cc6","Data Label","i16_angle_1/4deg",""
"ign_torque_margin_cyl2","40002cc8","Data Label","i16_angle_1/4deg",""
"ign_torque_margin_cyl3","40002cca","Data Label","i16_angle_1/4deg",""
"ign_torque_margin_cyl4","40002ccc","Data Label","i16_angle_1/4deg",""
"ign_torque_margin_cyl5","40002cce","Data Label","i16_angle_1/4deg",""
"ign_adv_scheduled_angle","40002cd0","Data Label","int[6]","Ignition advance scheduled angle. Log spark advance to confirm the timing strategy and headroom to knock."
"ign_volt_comp_angle_per_cyl","40002ce8","Data Label","int[6]","Ignition volt compensation angle per cylinder. Log spark advance to confirm the timing strategy and headroom to knock."
"ign_angle_normalized","40002d0c","Data Label","short[6]","Ignition angle normalized. Log spark advance to confirm the timing strategy and headroom to knock."
"LEA_base","40002d40","Data Label","char[32]","T6-V00BU - Learned data#World#Lotus#Evora#2012-2022#MT#48kb#MPC5534#CRP#0x0#T6-V00BU"
"LEA_load_alphaN_trim_factor_X_rpm","40002d60","Data Label","u8_rspeed_125/4+500rpm[16]","X-axis breakpoints for the 'load alphaN learned trim' table. Defines the lookup grid (not a live channel); change only when re-axing the map. (RPM; raw*125/4+500)"
"LEA_load_alphaN_trim_factor_Y_tps","40002d70","Data Label","u8_factor_1/255[16]","Y-axis breakpoints for the 'load alphaN adj' table. Defines the lookup grid (not a live channel); change only when re-axing the map. (0-1; raw/255)"
"LEA_load_alphaN_trim_factor","40002d80","Data Label","u8_factor_1/100[256]","Learned value: load alphaN adj. A value the ECU learns over time -- log it to track adaptation and spot a developing fault. (0-1; raw/100)"
"LEA_load_alphaN_maf_error_correction_X_rpm","40002e80","Data Label","u8_rspeed_125/4+500rpm[16]","X-axis breakpoints for the 'torque torque to throttle position scaling' table. Defines the lookup grid (not a live channel); change only when re-axing the map. (RPM; raw*125/4+500)"
"LEA_load_alphaN_maf_error_correction_Y_load","40002e90","Data Label","u8_load_4mg/stroke[16]","Y-axis breakpoints for the 'torque torque to throttle position scaling' table. Defines the lookup grid (not a live channel); change only when re-axing the map. (mg/stroke; raw*4)"
"LEA_load_alphaN_maf_error_correction","40002ea0","Data Label","u8_factor_1/100[256]","Learned value: torque torque to throttle position scaling. A value the ECU learns over time -- log it to track adaptation and spot a developing fault. (0-1; raw/100)"
"LEA_fuel_learn_zone_2_bank1","40002fa0","Data Label","uint8_t",""
"LEA_fuel_learn_zone_3_bank1","40002fa1","Data Label","uint8_t",""
"LEA_fuel_learn_zone_2_bank2","40002fa2","Data Label","uint8_t","Fuel learn zone 2 bank2. Log to follow fuel delivery and mixture control."
"LEA_fuel_learn_zone_3_bank2","40002fa3","Data Label","uint8_t",""
"LEA_octane_scaler","40002fa4","Data Label","u16_factor_1/65536[6]","Learned value: octane scaler. A value the ECU learns over time -- log it to track adaptation and spot a developing fault. (0-1; raw/65536)"
"LEA_fuel_learn_lean_time_bank1","40002fb0","Data Label","uint16_t",""
"LEA_fuel_learn_lean_time_bank2","40002fb2","Data Label","i16_time_us","Learned value: fuel learn lean time bank2. A value the ECU learns over time -- log it to track adaptation and spot a developing fault. (us)"
"LEA_misfire_baseline","40002fb4","Data Label","uint16_t[6][64]",""
"LEA_obd_ii_idle_learn","400032b4","Data Label","u16_flow_mg/s","Idle learn. Log to diagnose idle quality\, hunting\, and stalls."
"LEA_idle_learn_ac_on","400032b6","Data Label","u16_flow_mg/s",""
"LEA_fuel_learn_zone_cyl1","400032b8","Data Label","uint8_t[153]",""
"LEA_fuel_learn_zone_cyl2","40003352","Data Label","uint8_t[153]",""
"LEA_fuel_learn_zone_cyl3","400033ec","Data Label","uint8_t[153]",""
"LEA_fuel_learn_zone_cyl4","40003486","Data Label","uint8_t[153]",""
"LEA_fuel_learn_zone_cyl5","40003520","Data Label","uint8_t[153]",""
"LEA_fuel_learn_zone_cyl6","400035ba","Data Label","uint8_t[153]",""
"LEA_fuel_learn_trim_cyl1","40003654","Data Label","uint8_t[16]",""
"LEA_fuel_learn_trim_cyl2","40003666","Data Label","uint8_t[16]",""
"LEA_fuel_learn_trim_cyl3","40003678","Data Label","uint8_t[16]",""
"LEA_fuel_learn_trim_cyl4","4000368a","Data Label","uint8_t[16]",""
"LEA_fuel_learn_trim_cyl5","4000369c","Data Label","uint8_t[16]",""
"LEA_fuel_learn_trim_cyl6","400036ae","Data Label","uint8_t[16]",""
"LEA_fuel_learn_unknown_bank1","400036c0","Data Label","uint16_t",""
"LEA_fuel_learn_unknown_bank2","400036c2","Data Label","i16_time_us","Learned value: fuel learn unknown bank2. A value the ECU learns over time -- log it to track adaptation and spot a developing fault. (us)"
"LEA_idle_cold_learning_coolant","400036c4","Data Label","uint16_t",""
"LEA_idle_cold_learning_coolant_ac_on","400036c6","Data Label","u16_flow_mg/s",""
"LEA_fuel_learn_3d_table","400036c8","Data Label","uint16_t[8][8][6]",""
"LEA_time_at_tps","400039c8","Data Label","uint32_t","Time at tps1. Runtime state -- log to observe this behavior."
"LEA_time_at_tps2","400039cc","Data Label","uint32_t","Time at tps2. Runtime state -- log to observe this behavior."
"LEA_time_at_tps3","400039d0","Data Label","uint32_t","Time at tps3. Runtime state -- log to observe this behavior."
"LEA_time_at_tps4","400039d4","Data Label","uint32_t","Time at tps4. Runtime state -- log to observe this behavior."
"LEA_time_at_rpm","400039e8","Data Label","uint32_t","Time at rpm1. Runtime state -- log to observe this behavior."
"LEA_time_at_rpm7","40003a00","Data Label","uint32_t","Time at rpm7. Runtime state -- log to observe this behavior."
"LEA_time_at_kmh1","40003a04","Data Label","uint32_t","Time at kmh1. Runtime state -- log to observe this behavior."
"LEA_time_at_speed","40003a08","Data Label","uint32_t",""
"LEA_time_at_temp","40003a28","Data Label","uint32_t",""
"LEA_engine_run_timer_total","40003a38","Data Label","uint32_t","Engine run timer total. Log to follow core engine state."
"LEA_perf_stat_sentinel_max1","40003a3c","Data Label","uchar",""
"LEA_perf_stat_sentinel_max2","40003a3d","Data Label","uchar",""
"LEA_obd_ii_last_standing_start_0_100kmh","40003a3e","Data Label","uint8_t",""
"LEA_obd_ii_last_standing_start_0_160kmh","40003a3f","Data Label","uint8_t",""
"LEA_number_standing_starts","40003a40","Data Label","uint16_t","Number standing starts. Runtime state -- log to observe this behavior."
"LEA_obd_ii_max_vehicle_speed","40003a42","Data Label","uint16_t","Max vehicle speed. Runtime state -- log to observe this behavior."
"LEA_perf_stat_gear1_hi","40003a4c","Data Label","u16_rspeed_rpm",""
"LEA_perf_stat_gear1_lo","40003a4e","Data Label","u8_temp_5/8-40c",""
"LEA_perf_stat_gear1_val","40003a50","Data Label","u32_time_5ms",""
"LEA_perf_stat_gear2_hi","40003a54","Data Label","u16_rspeed_rpm",""
"LEA_perf_stat_gear2_lo","40003a56","Data Label","u8_temp_5/8-40c",""
"LEA_perf_stat_gear2_val","40003a58","Data Label","u32_time_5ms",""
"LEA_perf_stat_gear3_hi","40003a5c","Data Label","u16_rspeed_rpm",""
"LEA_perf_stat_gear3_lo","40003a5e","Data Label","u8_temp_5/8-40c",""
"LEA_perf_stat_gear3_val","40003a60","Data Label","u32_time_5ms",""
"LEA_perf_stat_gear4_hi","40003a64","Data Label","u16_rspeed_rpm",""
"LEA_perf_stat_gear4_lo","40003a66","Data Label","u8_temp_5/8-40c",""
"LEA_perf_stat_gear4_val","40003a68","Data Label","u32_time_5ms",""
"LEA_perf_stat_gear5_hi","40003a6c","Data Label","u16_rspeed_rpm",""
"LEA_perf_stat_gear5_lo","40003a6e","Data Label","u8_temp_5/8-40c",""
"LEA_perf_stat_gear5_val","40003a70","Data Label","u32_time_5ms",""
"LEA_perf_stat_extra1","40003a74","Data Label","u32_time_5ms",""
"LEA_perf_stat_extra2","40003a78","Data Label","ushort",""
"LEA_tps_fault_bank1_data","40003a7c","Data Label","uint16_t[32]",""
"LEA_tps_fault_bank2_data","40003abc","Data Label","u16_voltage_5/1023v[32]",""
"LEA_tps_fault_sensor_data","40003afc","Data Label","u16_voltage_5/1023v[32]",""
"LEA_tps_fault_trim_data","40003b3c","Data Label","uint16_t[32]",""
"LEA_learned_value_E3C","40003b7c","Data Label","ushort",""
"LEA_learned_value_E3E","40003b7e","Data Label","ushort",""
"LEA_learned_value_E40","40003b80","Data Label","ushort",""
"LEA_learned_value_E42","40003b82","Data Label","ushort",""
"LEA_learned_value_E44","40003b84","Data Label","ushort",""
"LEA_learned_value_E46","40003b86","Data Label","ushort",""
"LEA_learned_value_E48","40003b88","Data Label","ushort",""
"LEA_learned_value_E4A","40003b8a","Data Label","ushort",""
"LEA_learned_value_E4C","40003b8c","Data Label","ushort",""
"LEA_learned_flags_0E4E","40003b8e","Data Label","uchar",""
"LEA_learned_flags_0E4F","40003b8f","Data Label","uchar",""
"LEA_num_low_oil_pressure_events","40003b90","Data Label","uint8_t",""
"LEA_perf_monitor_0","40003b94","Data Label","uint",""
"LEA_perf_monitor_1","40003b98","Data Label","uint",""
"LEA_perf_monitor_2","40003b9c","Data Label","uint",""
"LEA_perf_monitor_3","40003ba0","Data Label","uint",""
"LEA_perf_monitor_4","40003ba4","Data Label","uint",""
"LEA_perf_monitor_5","40003ba8","Data Label","uint32_t","Lifetime distance accumulator (odometer-style)."
"LEA_perf_struct_A_byte0","40003bac","Data Label","uchar",""
"LEA_perf_struct_A_byte1","40003bad","Data Label","u8_speed_kph",""
"LEA_perf_struct_A_word0","40003bae","Data Label","u16_rspeed_rpm",""
"LEA_perf_struct_A_word1","40003bb0","Data Label","ushort",""
"LEA_perf_struct_A_dword","40003bb4","Data Label","u32_time_5ms",""
"LEA_perf_struct_B_byte0","40003bb8","Data Label","uchar",""
"LEA_perf_struct_B_byte1","40003bb9","Data Label","u8_speed_kph",""
"LEA_perf_struct_B_word0","40003bba","Data Label","u16_rspeed_rpm",""
"LEA_perf_struct_B_word1","40003bbc","Data Label","ushort",""
"LEA_perf_struct_B_dword","40003bc0","Data Label","u32_time_5ms",""
"LEA_perf_struct_C_byte0","40003bc4","Data Label","uchar",""
"LEA_perf_struct_C_byte1","40003bc5","Data Label","u8_speed_kph",""
"LEA_perf_struct_C_word0","40003bc6","Data Label","u16_rspeed_rpm",""
"LEA_perf_struct_C_word1","40003bc8","Data Label","ushort",""
"LEA_perf_struct_C_dword","40003bcc","Data Label","u32_time_5ms",""
"LEA_perf_struct_A_b_byte0","40003bd0","Data Label","uchar",""
"LEA_perf_struct_A_b_byte1","40003bd1","Data Label","u8_speed_kph",""
"LEA_perf_struct_A_b_word0","40003bd2","Data Label","u16_rspeed_rpm",""
"LEA_perf_struct_A_b_word1","40003bd4","Data Label","ushort",""
"LEA_perf_struct_A_b_dword","40003bd8","Data Label","u32_time_5ms",""
"LEA_perf_struct_B_b_byte0","40003bdc","Data Label","uchar",""
"LEA_perf_struct_B_b_byte1","40003bdd","Data Label","u8_speed_kph",""
"LEA_perf_struct_B_b_word0","40003bde","Data Label","u16_rspeed_rpm",""
"LEA_perf_struct_B_b_word1","40003be0","Data Label","ushort",""
"LEA_perf_struct_B_b_dword","40003be4","Data Label","u32_time_5ms",""
"LEA_perf_struct_C_b_byte0","40003be8","Data Label","uchar",""
"LEA_perf_struct_C_b_byte1","40003be9","Data Label","u8_speed_kph",""
"LEA_perf_struct_C_b_word0","40003bea","Data Label","u16_rspeed_rpm",""
"LEA_perf_struct_C_b_word1","40003bec","Data Label","ushort",""
"LEA_perf_struct_C_b_dword","40003bf0","Data Label","u32_time_5ms",""
"lea_cal_version_stamp","40004242","Data Label","undefined2",""
"lea_base_size","40004244","Data Label","undefined4",""
"LEA_crc_core","40004248","Data Label","uint16_t",""
"LEA_obd_iumpr_denominator","4000424c","Data Label","uint16_t[19]",""
"LEA_obd_iumpr_numerator","40004272","Data Label","uint16_t[19]",""
"LEA_obd_iumpr_ignition_cycle_counter","40004298","Data Label","uint16_t",""
"LEA_obd_iumpr_conditions_encountered_counter","4000429a","Data Label","uint16_t",""
"LEA_obd_monitor_01","4000429c","Data Label","ushort[10]",""
"LEA_obd_monitor_02","400042b0","Data Label","ushort[10]",""
"LEA_obd_monitor_03","400042c4","Data Label","ushort[10]",""
"LEA_obd_monitor_04","400042d8","Data Label","ushort[10]",""
"LEA_obd_monitor_flag_A","400042ec","Data Label","ushort",""
"LEA_obd_monitor_flag_B","400042ee","Data Label","u16_flow_mg/s",""
"LEA_obd_monitor_flag_C","400042f0","Data Label","ushort",""
"LEA_obd_monitor_flag_D","400042f2","Data Label","u16_flow_mg/s",""
"LEA_obd_monitor_flag_E","400042f4","Data Label","ushort",""
"LEA_obd_monitor_flag_F","400042f6","Data Label","u16_flow_mg/s",""
"LEA_obd_monitor_flag_G","400042f8","Data Label","ushort",""
"LEA_obd_monitor_flag_H","400042fa","Data Label","ushort",""
"LEA_obd_monitor_05","400042fc","Data Label","ushort[10]",""
"LEA_obd_monitor_06","40004310","Data Label","ushort[10]",""
"LEA_obd_monitor_07","40004324","Data Label","ushort[10]",""
"LEA_obd_monitor_08","40004338","Data Label","ushort[10]",""
"LEA_obd_monitor_09","4000434c","Data Label","ushort[10]",""
"LEA_obd_monitor_10","40004360","Data Label","ushort[10]",""
"LEA_obd_monitor_11","40004374","Data Label","ushort[10]",""
"LEA_obd_monitor_12","40004388","Data Label","ushort[10]",""
"LEA_obd_monitor_13","4000439c","Data Label","ushort[10]",""
"LEA_obd_monitor_14","400043b0","Data Label","ushort[10]",""
"LEA_obd_monitor_sentinel","400043c4","Data Label","uchar",""
"LEA_cod_changed","400043d2","Data Label","bool","Learned value: cod changed. A value the ECU learns over time -- log it to track adaptation and spot a developing fault."
"LEA_cat_o2_accum_b1_precat_X_flow","400043d3","Data Label","u8_mass_g[8]",""
"LEA_cat_o2_accum_b1_precat","400043db","Data Label","uint8_t[8]",""
"LEA_cat_o2_accum_b2_precat_X_flow","400043e3","Data Label","u8_mass_g[8]",""
"LEA_cat_o2_accum_b2_precat","400043eb","Data Label","uint8_t[8]",""
"LEA_cat_o2_accum_b1_postcat_X_flow","400043f3","Data Label","u8_mass_g[8]",""
"LEA_cat_o2_accum_b1_postcat","400043fb","Data Label","uint8_t[8]",""
"LEA_cat_o2_accum_b2_postcat_X_flow","40004403","Data Label","u8_mass_g[8]",""
"LEA_cat_o2_accum_b2_postcat","4000440b","Data Label","uint8_t[8]",""
"obd_ii_DTC_causing_FF","40004416","Data Label","undefined2",""
"obd_FF_fuel_system_status","4000441a","Data Label","undefined2",""
"obd_FF_calc_engine_load","4000441c","Data Label","undefined1",""
"obd_FF_engine_coolant_temp_C","4000441d","Data Label","undefined1",""
"obd_FF_stft_bank1","4000441e","Data Label","undefined1",""
"obd_FF_ltft_bank1","4000441f","Data Label","undefined1",""
"obd_FF_stft_bank2","40004420","Data Label","undefined1",""
"obd_FF_ltft_bank2","40004421","Data Label","undefined1",""
"obd_FF_engine_speed","40004422","Data Label","undefined2",""
"obd_FF_car_speed","40004424","Data Label","undefined1",""
"obd_FF_ign_advance","40004425","Data Label","undefined1",""
"obd_FF_iat","40004426","Data Label","undefined1",""
"obd_FF_maf_flow_1","40004428","Data Label","undefined2",""
"obd_FF_tps_x4","4000442a","Data Label","undefined1",""
"obd_FF_runtime_since_start","4000442c","Data Label","undefined2",""
"obd_ff_commanded_evap_purge","4000442e","Data Label","undefined1",""
"obd_FF_fuel_level","4000442f","Data Label","undefined1",""
"obd_FF_atmo_pressure","40004430","Data Label","undefined1",""
"obd_FF_ecu_voltage","40004432","Data Label","undefined2",""
"obd_FF_load_abs_percentage","40004434","Data Label","undefined2",""
"obd_FF_afr_commanded","40004436","Data Label","undefined2",""
"obd_FF_tps_relative","40004438","Data Label","undefined1",""
"obd_FF_tps_pos_b","40004439","Data Label","undefined1",""
"obd_FF_pps_d","4000443a","Data Label","undefined1",""
"obd_FF_pps_e","4000443b","Data Label","undefined1",""
"obd_FF_throttle_target_pos","4000443c","Data Label","undefined1",""
"obd_engine_tests_completeness","4000446d","Data Label","undefined1",""
"obd_ii_car_speed_freeze_frame","40004470","Data Label","undefined2",""
"obd_ii_maf_flow_freeze_frame","40004472","Data Label","undefined2",""
"obd_ii_car_speed_FF_???","40004490","Data Label","undefined1",""
"obd_ii_distance_traveled_with_MIL","40004494","Data Label","undefined4",""
"warmups_since_code_cleared","40004498","Data Label","undefined1",""
"distance_since_codes_cleared_km","4000449a","Data Label","undefined2",""
"LEA_obd_monitor_counter","400044ca","Data Label","ushort",""
"lea_misfire_baseline_set","400044e4","Data Label","undefined1",""
"obd_ii_perm_dtc","400044e6","Data Label","ushort[8]","Perm DTC. Runtime state -- log to observe this behavior."
"LEA_obd_ii_P0011_flags","40004512","Data Label","uint8_t","Stored monitor/maturation state for P0011 (intake cam (VVT) bank1 over-advanced). Log it to catch this fault maturing during a drive."
"LEA_obd_ii_P0011_fail_counter","40004513","Data Label","uint8_t",""
"LEA_obd_ii_P0011_pass_counter","40004514","Data Label","uint8_t",""
"LEA_obd_ii_P0012_flags","40004515","Data Label","uint8_t","Stored monitor/maturation state for P0012 (intake cam bank1 retarded). Log it to catch this fault maturing during a drive."
"LEA_obd_ii_P0012_fail_counter","40004516","Data Label","uint8_t",""
"LEA_obd_ii_P0012_pass_counter","40004517","Data Label","uint8_t",""
"LEA_obd_ii_P0021_flags","40004518","Data Label","uint8_t","Stored monitor/maturation state for P0021 (intake cam bank2 over-advanced). Log it to catch this fault maturing during a drive."
"LEA_obd_ii_P0021_fail_counter","40004519","Data Label","uint8_t",""
"LEA_obd_ii_P0021_pass_counter","4000451a","Data Label","uint8_t",""
"LEA_obd_ii_P0022_flags","4000451b","Data Label","uint8_t","Stored monitor/maturation state for P0022 (intake cam bank2 retarded). Log it to catch this fault maturing during a drive."
"LEA_obd_ii_P0022_fail_counter","4000451c","Data Label","uint8_t",""
"LEA_obd_ii_P0022_pass_counter","4000451d","Data Label","uint8_t",""
"LEA_obd_ii_P0014_flags","4000451e","Data Label","uint8_t","Stored monitor/maturation state for P0014 (exhaust cam bank1 over-advanced). Log it to catch this fault maturing during a drive."
"LEA_obd_ii_P0014_fail_counter","4000451f","Data Label","uint8_t",""
"LEA_obd_ii_P0014_pass_counter","40004520","Data Label","uint8_t",""
"LEA_obd_ii_P0015_flags","40004521","Data Label","uint8_t","Stored monitor/maturation state for P0015 (exhaust cam bank1 retarded). Log it to catch this fault maturing during a drive."
"LEA_obd_ii_P0015_fail_counter","40004522","Data Label","uint8_t",""
"LEA_obd_ii_P0015_pass_counter","40004523","Data Label","uint8_t",""
"LEA_obd_ii_P0024_flags","40004524","Data Label","uint8_t","Stored monitor/maturation state for P0024 (exhaust cam bank2 over-advanced). Log it to catch this fault maturing during a drive."
"LEA_obd_ii_P0024_fail_counter","40004525","Data Label","uint8_t",""
"LEA_obd_ii_P0024_pass_counter","40004526","Data Label","uint8_t",""
"LEA_obd_ii_P0025_flags","40004527","Data Label","uint8_t","Stored monitor/maturation state for P0025 (exhaust cam bank2 retarded). Log it to catch this fault maturing during a drive."
"LEA_obd_ii_P0025_fail_counter","40004528","Data Label","uint8_t",""
"LEA_obd_ii_P0025_pass_counter","40004529","Data Label","uint8_t",""
"LEA_obd_ii_P0016_flags","4000452a","Data Label","uint8_t","Stored monitor/maturation state for P0016 (crank/intake-cam bank1 correlation). Log it to catch this fault maturing during a drive."
"LEA_obd_ii_P0016_fail_counter","4000452b","Data Label","uint8_t",""
"LEA_obd_ii_P0016_pass_counter","4000452c","Data Label","uint8_t",""
"LEA_obd_ii_P0017_flags","4000452d","Data Label","uint8_t","Stored monitor/maturation state for P0017 (crank/exhaust-cam bank1 correlation). Log it to catch this fault maturing during a drive."
"LEA_obd_ii_P0017_fail_counter","4000452e","Data Label","uint8_t",""
"LEA_obd_ii_P0017_pass_counter","4000452f","Data Label","uint8_t",""
"LEA_obd_ii_P0018_flags","40004530","Data Label","uint8_t","Stored monitor/maturation state for P0018 (crank/intake-cam bank2 correlation). Log it to catch this fault maturing during a drive."
"LEA_obd_ii_P0018_fail_counter","40004531","Data Label","uint8_t",""
"LEA_obd_ii_P0018_pass_counter","40004532","Data Label","uint8_t",""
"LEA_obd_ii_P0019_flags","40004533","Data Label","uint8_t","Stored monitor/maturation state for P0019 (crank/exhaust-cam bank2 correlation). Log it to catch this fault maturing during a drive."
"LEA_obd_ii_P0019_fail_counter","40004534","Data Label","uint8_t",""
"LEA_obd_ii_P0019_pass_counter","40004535","Data Label","uint8_t",""
"LEA_obd_ii_P0076_flags","40004536","Data Label","uint8_t","Stored monitor/maturation state for P0076 (intake VVT solenoid bank1 low). Log it to catch this fault maturing during a drive."
"LEA_obd_ii_P0076_fail_counter","40004537","Data Label","uint8_t",""
"LEA_obd_ii_P0076_pass_counter","40004538","Data Label","uint8_t",""
"LEA_obd_ii_P0077_flags","40004539","Data Label","uint8_t","Stored monitor/maturation state for P0077 (intake VVT solenoid bank1 high). Log it to catch this fault maturing during a drive."
"LEA_obd_ii_P0077_fail_counter","4000453a","Data Label","uint8_t",""
"LEA_obd_ii_P0077_pass_counter","4000453b","Data Label","uint8_t",""
"LEA_obd_ii_P0079_flags","4000453c","Data Label","uint8_t","Stored monitor/maturation state for P0079 (exhaust VVT solenoid bank1 low). Log it to catch this fault maturing during a drive."
"LEA_obd_ii_P0079_fail_counter","4000453d","Data Label","uint8_t",""
"LEA_obd_ii_P0079_pass_counter","4000453e","Data Label","uint8_t",""
"LEA_obd_ii_P0080_flags","4000453f","Data Label","uint8_t","Stored monitor/maturation state for P0080 (exhaust VVT solenoid bank1 high). Log it to catch this fault maturing during a drive."
"LEA_obd_ii_P0080_fail_counter","40004540","Data Label","uint8_t",""
"LEA_obd_ii_P0080_pass_counter","40004541","Data Label","uint8_t",""
"LEA_obd_ii_P0082_flags","40004542","Data Label","uint8_t","Stored monitor/maturation state for P0082 (intake VVT solenoid bank2 low). Log it to catch this fault maturing during a drive."
"LEA_obd_ii_P0082_fail_counter","40004543","Data Label","uint8_t",""
"LEA_obd_ii_P0082_pass_counter","40004544","Data Label","uint8_t",""
"LEA_obd_ii_P0083_flags","40004545","Data Label","uint8_t","Stored monitor/maturation state for P0083 (intake VVT solenoid bank2 high). Log it to catch this fault maturing during a drive."
"LEA_obd_ii_P0083_fail_counter","40004546","Data Label","uint8_t",""
"LEA_obd_ii_P0083_pass_counter","40004547","Data Label","uint8_t",""
"LEA_obd_ii_P0085_flags","40004548","Data Label","uint8_t","Stored monitor/maturation state for P0085 (exhaust VVT solenoid bank2 low). Log it to catch this fault maturing during a drive."
"LEA_obd_ii_P0085_fail_counter","40004549","Data Label","uint8_t",""
"LEA_obd_ii_P0085_pass_counter","4000454a","Data Label","uint8_t",""
"LEA_obd_ii_P0086_flags","4000454b","Data Label","uint8_t","Stored monitor/maturation state for P0086 (exhaust VVT solenoid bank2 high). Log it to catch this fault maturing during a drive."
"LEA_obd_ii_P0086_fail_counter","4000454c","Data Label","uint8_t",""
"LEA_obd_ii_P0086_pass_counter","4000454d","Data Label","uint8_t",""
"LEA_obd_ii_P0101_flags","4000454e","Data Label","uint8_t","Stored monitor/maturation state for P0101 (MAF rationality). Log it to catch this fault maturing during a drive."
"LEA_obd_ii_P0101_fail_counter","4000454f","Data Label","uint8_t",""
"LEA_obd_ii_P0101_pass_counter","40004550","Data Label","uint8_t",""
"LEA_obd_ii_P0102_flags","40004551","Data Label","uint8_t","Stored monitor/maturation state for P0102 (MAF circuit low). Log it to catch this fault maturing during a drive."
"LEA_obd_ii_P0102_fail_counter","40004552","Data Label","uint8_t",""
"LEA_obd_ii_P0102_pass_counter","40004553","Data Label","uint8_t",""
"LEA_obd_ii_P0103_flags","40004554","Data Label","uint8_t","Stored monitor/maturation state for P0103 (MAF circuit high). Log it to catch this fault maturing during a drive."
"LEA_obd_ii_P0103_fail_counter","40004555","Data Label","uint8_t",""
"LEA_obd_ii_P0103_pass_counter","40004556","Data Label","uint8_t",""
"LEA_obd_ii_P0106_flags","40004557","Data Label","uint8_t","Stored monitor/maturation state for P0106 (MAP/baro rationality). Log it to catch this fault maturing during a drive."
"LEA_obd_ii_P0106_fail_counter","40004558","Data Label","uint8_t",""
"LEA_obd_ii_P0106_pass_counter","40004559","Data Label","uint8_t",""
"LEA_obd_ii_P0107_flags","4000455a","Data Label","uint8_t","Stored monitor/maturation state for P0107 (MAP/baro circuit low). Log it to catch this fault maturing during a drive."
"LEA_obd_ii_P0107_fail_counter","4000455b","Data Label","uint8_t",""
"LEA_obd_ii_P0107_pass_counter","4000455c","Data Label","uint8_t",""
"LEA_obd_ii_P0108_flags","4000455d","Data Label","uint8_t","Stored monitor/maturation state for P0108 (MAP/baro circuit high). Log it to catch this fault maturing during a drive."
"LEA_obd_ii_P0108_fail_counter","4000455e","Data Label","uint8_t",""
"LEA_obd_ii_P0108_pass_counter","4000455f","Data Label","uint8_t",""
"LEA_obd_ii_P0111_flags","40004560","Data Label","uint8_t","Stored monitor/maturation state for P0111 (IAT rationality). Log it to catch this fault maturing during a drive."
"LEA_obd_ii_P0111_fail_counter","40004561","Data Label","uint8_t",""
"LEA_obd_ii_P0111_pass_counter","40004562","Data Label","uint8_t",""
"LEA_obd_ii_P0112_flags","40004563","Data Label","uint8_t","Stored monitor/maturation state for P0112 (IAT circuit low). Log it to catch this fault maturing during a drive."
"LEA_obd_ii_P0112_fail_counter","40004564","Data Label","uint8_t",""
"LEA_obd_ii_P0112_pass_counter","40004565","Data Label","uint8_t",""
"LEA_obd_ii_P0113_flags","40004566","Data Label","uint8_t","Stored monitor/maturation state for P0113 (IAT circuit high). Log it to catch this fault maturing during a drive."
"LEA_obd_ii_P0113_fail_counter","40004567","Data Label","uint8_t",""
"LEA_obd_ii_P0113_pass_counter","40004568","Data Label","uint8_t",""
"LEA_obd_ii_P0071_flags","40004569","Data Label","uint8_t","Stored monitor/maturation state for P0071 (ambient air temp sensor rationality). Log it to catch this fault maturing during a drive."
"LEA_obd_ii_P0071_fail_counter","4000456a","Data Label","uint8_t",""
"LEA_obd_ii_P0071_pass_counter","4000456b","Data Label","uint8_t",""
"LEA_obd_ii_P0116_flags","4000456c","Data Label","uint8_t","Stored monitor/maturation state for P0116 (coolant-temp rationality). Log it to catch this fault maturing during a drive."
"LEA_obd_ii_P0116_fail_counter","4000456d","Data Label","uint8_t",""
"LEA_obd_ii_P0116_pass_counter","4000456e","Data Label","uint8_t",""
"LEA_obd_ii_P0117_flags","4000456f","Data Label","uint8_t","Stored monitor/maturation state for P0117 (coolant-temp circuit low). Log it to catch this fault maturing during a drive."
"LEA_obd_ii_P0117_fail_counter","40004570","Data Label","uint8_t",""
"LEA_obd_ii_P0117_pass_counter","40004571","Data Label","uint8_t",""
"LEA_obd_ii_P0118_flags","40004572","Data Label","uint8_t","Stored monitor/maturation state for P0118 (coolant-temp circuit high). Log it to catch this fault maturing during a drive."
"LEA_obd_ii_P0118_fail_counter","40004573","Data Label","uint8_t",""
"LEA_obd_ii_P0118_pass_counter","40004574","Data Label","uint8_t",""
"LEA_obd_ii_P0122_flags","40004575","Data Label","uint8_t","Stored monitor/maturation state for P0122 (TPS/pedal A circuit low). Log it to catch this fault maturing during a drive."
"LEA_obd_ii_P0122_fail_counter","40004576","Data Label","uint8_t",""
"LEA_obd_ii_P0122_pass_counter","40004577","Data Label","uint8_t",""
"LEA_obd_ii_P0123_flags","40004578","Data Label","uint8_t","Stored monitor/maturation state for P0123 (TPS/pedal A circuit high). Log it to catch this fault maturing during a drive."
"LEA_obd_ii_P0123_fail_counter","40004579","Data Label","uint8_t",""
"LEA_obd_ii_P0123_pass_counter","4000457a","Data Label","uint8_t",""
"LEA_obd_ii_P0128_flags","4000457b","Data Label","uint8_t","Stored monitor/maturation state for P0128 (coolant below thermostat regulating temp). Log it to catch this fault maturing during a drive."
"LEA_obd_ii_P0128_fail_counter","4000457c","Data Label","uint8_t",""
"LEA_obd_ii_P0128_pass_counter","4000457d","Data Label","uint8_t",""
"LEA_obd_ii_P0131_flags","4000457e","Data Label","uint8_t","Stored monitor/maturation state for P0131 (O2 B1S1 low). Log it to catch this fault maturing during a drive."
"LEA_obd_ii_P0131_fail_counter","4000457f","Data Label","uint8_t",""
"LEA_obd_ii_P0131_pass_counter","40004580","Data Label","uint8_t",""
"LEA_obd_ii_P0132_flags","40004581","Data Label","uint8_t","Stored monitor/maturation state for P0132 (O2 B1S1 high). Log it to catch this fault maturing during a drive."
"LEA_obd_ii_P0132_fail_counter","40004582","Data Label","uint8_t",""
"LEA_obd_ii_P0132_pass_counter","40004583","Data Label","uint8_t",""
"LEA_obd_ii_P0133_flags","40004584","Data Label","uint8_t","Stored monitor/maturation state for P0133 (O2 B1S1 slow response). Log it to catch this fault maturing during a drive."
"LEA_obd_ii_P0133_fail_counter","40004585","Data Label","uint8_t",""
"LEA_obd_ii_P0133_pass_counter","40004586","Data Label","uint8_t",""
"LEA_obd_ii_P0134_flags","40004587","Data Label","uint8_t","Stored monitor/maturation state for P0134 (O2 B1S1 inactive). Log it to catch this fault maturing during a drive."
"LEA_obd_ii_P0134_fail_counter","40004588","Data Label","uint8_t",""
"LEA_obd_ii_P0134_pass_counter","40004589","Data Label","uint8_t",""
"LEA_obd_ii_P0135_flags","4000458a","Data Label","uint8_t","Stored monitor/maturation state for P0135 (O2 B1S1 heater). Log it to catch this fault maturing during a drive."
"LEA_obd_ii_P0135_fail_counter","4000458b","Data Label","uint8_t",""
"LEA_obd_ii_P0135_pass_counter","4000458c","Data Label","uint8_t",""
"LEA_obd_ii_P0137_flags","4000458d","Data Label","uint8_t","Stored monitor/maturation state for P0137 (O2 B1S2 low). Log it to catch this fault maturing during a drive."
"LEA_obd_ii_P0137_fail_counter","4000458e","Data Label","uint8_t",""
"LEA_obd_ii_P0137_pass_counter","4000458f","Data Label","uint8_t",""
"LEA_obd_ii_P0138_flags","40004590","Data Label","uint8_t","Stored monitor/maturation state for P0138 (O2 B1S2 high). Log it to catch this fault maturing during a drive."
"LEA_obd_ii_P0138_fail_counter","40004591","Data Label","uint8_t",""
"LEA_obd_ii_P0138_pass_counter","40004592","Data Label","uint8_t",""
"LEA_obd_ii_P0139_flags","40004593","Data Label","uint8_t","Stored monitor/maturation state for P0139 (O2 B1S2 slow response). Log it to catch this fault maturing during a drive."
"LEA_obd_ii_P0139_fail_counter","40004594","Data Label","uint8_t",""
"LEA_obd_ii_P0139_pass_counter","40004595","Data Label","uint8_t",""
"LEA_obd_ii_P0140_flags","40004596","Data Label","uint8_t","Stored monitor/maturation state for P0140 (O2 B1S2 inactive). Log it to catch this fault maturing during a drive."
"LEA_obd_ii_P0140_fail_counter","40004597","Data Label","uint8_t",""
"LEA_obd_ii_P0140_pass_counter","40004598","Data Label","uint8_t",""
"LEA_obd_ii_P0141_flags","40004599","Data Label","uint8_t","Stored monitor/maturation state for P0141 (O2 B1S2 heater). Log it to catch this fault maturing during a drive."
"LEA_obd_ii_P0141_fail_counter","4000459a","Data Label","uint8_t",""
"LEA_obd_ii_P0141_pass_counter","4000459b","Data Label","uint8_t",""
"LEA_obd_ii_P0151_flags","4000459c","Data Label","uint8_t","Stored monitor/maturation state for P0151 (O2 B2S1 low). Log it to catch this fault maturing during a drive."
"LEA_obd_ii_P0151_fail_counter","4000459d","Data Label","uint8_t",""
"LEA_obd_ii_P0151_pass_counter","4000459e","Data Label","uint8_t",""
"LEA_obd_ii_P0152_flags","4000459f","Data Label","uint8_t","Stored monitor/maturation state for P0152 (O2 B2S1 high). Log it to catch this fault maturing during a drive."
"LEA_obd_ii_P0152_fail_counter","400045a0","Data Label","uint8_t",""
"LEA_obd_ii_P0152_pass_counter","400045a1","Data Label","uint8_t",""
"LEA_obd_ii_P0153_flags","400045a2","Data Label","uint8_t","Stored monitor/maturation state for P0153 (O2 B2S1 slow response). Log it to catch this fault maturing during a drive."
"LEA_obd_ii_P0153_fail_counter","400045a3","Data Label","uint8_t",""
"LEA_obd_ii_P0153_pass_counter","400045a4","Data Label","uint8_t",""
"LEA_obd_ii_P0154_flags","400045a5","Data Label","uint8_t","Stored monitor/maturation state for P0154 (O2 B2S1 inactive). Log it to catch this fault maturing during a drive."
"LEA_obd_ii_P0154_fail_counter","400045a6","Data Label","uint8_t",""
"LEA_obd_ii_P0154_pass_counter","400045a7","Data Label","uint8_t",""
"LEA_obd_ii_P0155_flags","400045a8","Data Label","uint8_t","Stored monitor/maturation state for P0155 (O2 B2S1 heater). Log it to catch this fault maturing during a drive."
"LEA_obd_ii_P0155_fail_counter","400045a9","Data Label","uint8_t",""
"LEA_obd_ii_P0155_pass_counter","400045aa","Data Label","uint8_t",""
"LEA_obd_ii_P0157_flags","400045ab","Data Label","uint8_t","Stored monitor/maturation state for P0157 (O2 B2S2 low). Log it to catch this fault maturing during a drive."
"LEA_obd_ii_P0157_fail_counter","400045ac","Data Label","uint8_t",""
"LEA_obd_ii_P0157_pass_counter","400045ad","Data Label","uint8_t",""
"LEA_obd_ii_P0158_flags","400045ae","Data Label","uint8_t","Stored monitor/maturation state for P0158 (O2 B2S2 high). Log it to catch this fault maturing during a drive."
"LEA_obd_ii_P0158_fail_counter","400045af","Data Label","uint8_t",""
"LEA_obd_ii_P0158_pass_counter","400045b0","Data Label","uint8_t",""
"LEA_obd_ii_P0159_flags","400045b1","Data Label","uint8_t","Stored monitor/maturation state for P0159 (O2 B2S2 slow response). Log it to catch this fault maturing during a drive."
"LEA_obd_ii_P0159_fail_counter","400045b2","Data Label","uint8_t",""
"LEA_obd_ii_P0159_pass_counter","400045b3","Data Label","uint8_t",""
"LEA_obd_ii_P0160_flags","400045b4","Data Label","uint8_t","Stored monitor/maturation state for P0160 (O2 B2S2 inactive). Log it to catch this fault maturing during a drive."
"LEA_obd_ii_P0160_fail_counter","400045b5","Data Label","uint8_t",""
"LEA_obd_ii_P0160_pass_counter","400045b6","Data Label","uint8_t",""
"LEA_obd_ii_P0161_flags","400045b7","Data Label","uint8_t","Stored monitor/maturation state for P0161 (O2 B2S2 heater). Log it to catch this fault maturing during a drive."
"LEA_obd_ii_P0161_fail_counter","400045b8","Data Label","uint8_t",""
"LEA_obd_ii_P0161_pass_counter","400045b9","Data Label","uint8_t",""
"LEA_obd_ii_P0171_flags","400045ba","Data Label","uint8_t","Stored monitor/maturation state for P0171 (bank1 too lean). Log it to catch this fault maturing during a drive."
"LEA_obd_ii_P0171_fail_counter","400045bb","Data Label","uint8_t",""
"LEA_obd_ii_P0171_pass_counter","400045bc","Data Label","uint8_t",""
"LEA_obd_ii_P0172_flags","400045bd","Data Label","uint8_t","Stored monitor/maturation state for P0172 (bank1 too rich). Log it to catch this fault maturing during a drive."
"LEA_obd_ii_P0172_fail_counter","400045be","Data Label","uint8_t",""
"LEA_obd_ii_P0172_pass_counter","400045bf","Data Label","uint8_t",""
"LEA_obd_ii_P0174_flags","400045c0","Data Label","uint8_t","Stored monitor/maturation state for P0174 (bank2 too lean). Log it to catch this fault maturing during a drive."
"LEA_obd_ii_P0174_fail_counter","400045c1","Data Label","uint8_t",""
"LEA_obd_ii_P0174_pass_counter","400045c2","Data Label","uint8_t",""
"LEA_obd_ii_P0175_flags","400045c3","Data Label","uint8_t","Stored monitor/maturation state for P0175 (bank2 too rich). Log it to catch this fault maturing during a drive."
"LEA_obd_ii_P0175_fail_counter","400045c4","Data Label","uint8_t",""
"LEA_obd_ii_P0175_pass_counter","400045c5","Data Label","uint8_t",""
"LEA_obd_ii_P0222_flags","400045c6","Data Label","uint8_t","Stored monitor/maturation state for P0222 (TPS/pedal B circuit low). Log it to catch this fault maturing during a drive."
"LEA_obd_ii_P0222_fail_counter","400045c7","Data Label","uint8_t",""
"LEA_obd_ii_P0222_pass_counter","400045c8","Data Label","uint8_t",""
"LEA_obd_ii_P0223_flags","400045c9","Data Label","uint8_t","Stored monitor/maturation state for P0223 (TPS/pedal B circuit high). Log it to catch this fault maturing during a drive."
"LEA_obd_ii_P0223_fail_counter","400045ca","Data Label","uint8_t",""
"LEA_obd_ii_P0223_pass_counter","400045cb","Data Label","uint8_t",""
"LEA_obd_ii_P0261_flags","400045cc","Data Label","uint8_t","Stored monitor/maturation state for P0261 (injector cyl1 low). Log it to catch this fault maturing during a drive."
"LEA_obd_ii_P0261_fail_counter","400045cd","Data Label","uint8_t",""
"LEA_obd_ii_P0261_pass_counter","400045ce","Data Label","uint8_t",""
"LEA_obd_ii_P0262_flags","400045cf","Data Label","uint8_t","Stored monitor/maturation state for P0262 (injector cyl1 high). Log it to catch this fault maturing during a drive."
"LEA_obd_ii_P0262_fail_counter","400045d0","Data Label","uint8_t",""
"LEA_obd_ii_P0262_pass_counter","400045d1","Data Label","uint8_t",""
"LEA_obd_ii_P0264_flags","400045d2","Data Label","uint8_t","Stored monitor/maturation state for P0264 (injector cyl2 low). Log it to catch this fault maturing during a drive."
"LEA_obd_ii_P0264_fail_counter","400045d3","Data Label","uint8_t",""
"LEA_obd_ii_P0264_pass_counter","400045d4","Data Label","uint8_t",""
"LEA_obd_ii_P0265_flags","400045d5","Data Label","uint8_t","Stored monitor/maturation state for P0265 (injector cyl2 high). Log it to catch this fault maturing during a drive."
"LEA_obd_ii_P0265_fail_counter","400045d6","Data Label","uint8_t",""
"LEA_obd_ii_P0265_pass_counter","400045d7","Data Label","uint8_t",""
"LEA_obd_ii_P0267_flags","400045d8","Data Label","uint8_t","Stored monitor/maturation state for P0267 (injector cyl3 low). Log it to catch this fault maturing during a drive."
"LEA_obd_ii_P0267_fail_counter","400045d9","Data Label","uint8_t",""
"LEA_obd_ii_P0267_pass_counter","400045da","Data Label","uint8_t",""
"LEA_obd_ii_P0268_flags","400045db","Data Label","uint8_t","Stored monitor/maturation state for P0268 (injector cyl3 high). Log it to catch this fault maturing during a drive."
"LEA_obd_ii_P0268_fail_counter","400045dc","Data Label","uint8_t",""
"LEA_obd_ii_P0268_pass_counter","400045dd","Data Label","uint8_t",""
"LEA_obd_ii_P0270_flags","400045de","Data Label","uint8_t","Stored monitor/maturation state for P0270 (injector cyl4 low). Log it to catch this fault maturing during a drive."
"LEA_obd_ii_P0270_fail_counter","400045df","Data Label","uint8_t",""
"LEA_obd_ii_P0270_pass_counter","400045e0","Data Label","uint8_t",""
"LEA_obd_ii_P0271_flags","400045e1","Data Label","uint8_t","Stored monitor/maturation state for P0271 (injector cyl4 high). Log it to catch this fault maturing during a drive."
"LEA_obd_ii_P0271_fail_counter","400045e2","Data Label","uint8_t",""
"LEA_obd_ii_P0271_pass_counter","400045e3","Data Label","uint8_t",""
"LEA_obd_ii_P0273_flags","400045e4","Data Label","uint8_t","Stored monitor/maturation state for P0273 (injector cyl5 low). Log it to catch this fault maturing during a drive."
"LEA_obd_ii_P0273_fail_counter","400045e5","Data Label","uint8_t",""
"LEA_obd_ii_P0273_pass_counter","400045e6","Data Label","uint8_t",""
"LEA_obd_ii_P0274_flags","400045e7","Data Label","uint8_t","Stored monitor/maturation state for P0274 (injector cyl5 high). Log it to catch this fault maturing during a drive."
"LEA_obd_ii_P0274_fail_counter","400045e8","Data Label","uint8_t",""
"LEA_obd_ii_P0274_pass_counter","400045e9","Data Label","uint8_t",""
"LEA_obd_ii_P0276_flags","400045ea","Data Label","uint8_t","Stored monitor/maturation state for P0276 (injector cyl6 low). Log it to catch this fault maturing during a drive."
"LEA_obd_ii_P0276_fail_counter","400045eb","Data Label","uint8_t",""
"LEA_obd_ii_P0276_pass_counter","400045ec","Data Label","uint8_t",""
"LEA_obd_ii_P0277_flags","400045ed","Data Label","uint8_t","Stored monitor/maturation state for P0277 (injector cyl6 high). Log it to catch this fault maturing during a drive."
"LEA_obd_ii_P0277_fail_counter","400045ee","Data Label","uint8_t",""
"LEA_obd_ii_P0277_pass_counter","400045ef","Data Label","uint8_t",""
"LEA_obd_ii_P0300_flags","400045ff","Data Label","uint8_t","Stored monitor/maturation state for P0300 (random/multiple misfire). Log it to catch this fault maturing during a drive."
"LEA_obd_ii_P0300_fail_counter","40004600","Data Label","uint8_t",""
"LEA_obd_ii_P0300_pass_counter","40004601","Data Label","uint8_t",""
"LEA_obd_ii_P0301_flags","40004602","Data Label","uint8_t","Stored monitor/maturation state for P0301 (cyl1 misfire). Log it to catch this fault maturing during a drive."
"LEA_obd_ii_P0301_fail_counter","40004603","Data Label","uint8_t",""
"LEA_obd_ii_P0301_pass_counter","40004604","Data Label","uint8_t",""
"LEA_obd_ii_P0302_flags","40004605","Data Label","uint8_t","Stored monitor/maturation state for P0302 (cyl2 misfire). Log it to catch this fault maturing during a drive."
"LEA_obd_ii_P0302_fail_counter","40004606","Data Label","uint8_t",""
"LEA_obd_ii_P0302_pass_counter","40004607","Data Label","uint8_t",""
"LEA_obd_ii_P0303_flags","40004608","Data Label","uint8_t","Stored monitor/maturation state for P0303 (cyl3 misfire). Log it to catch this fault maturing during a drive."
"LEA_obd_ii_P0303_fail_counter","40004609","Data Label","uint8_t",""
"LEA_obd_ii_P0303_pass_counter","4000460a","Data Label","uint8_t",""
"LEA_obd_ii_P0304_flags","4000460b","Data Label","uint8_t","Stored monitor/maturation state for P0304 (cyl4 misfire). Log it to catch this fault maturing during a drive."
"LEA_obd_ii_P0304_fail_counter","4000460c","Data Label","uint8_t",""
"LEA_obd_ii_P0304_pass_counter","4000460d","Data Label","uint8_t",""
"LEA_obd_ii_P0305_flags","4000460e","Data Label","uint8_t","Stored monitor/maturation state for P0305 (cyl5 misfire). Log it to catch this fault maturing during a drive."
"LEA_obd_ii_P0305_fail_counter","4000460f","Data Label","uint8_t",""
"LEA_obd_ii_P0305_pass_counter","40004610","Data Label","uint8_t",""
"LEA_obd_ii_P0306_flags","40004611","Data Label","uint8_t","Stored monitor/maturation state for P0306 (cyl6 misfire). Log it to catch this fault maturing during a drive."
"LEA_obd_ii_P0306_fail_counter","40004612","Data Label","uint8_t",""
"LEA_obd_ii_P0306_pass_counter","40004613","Data Label","uint8_t",""
"LEA_obd_ii_P0327_flags","40004614","Data Label","uint8_t","Stored monitor/maturation state for P0327 (knock sensor1 low). Log it to catch this fault maturing during a drive."
"LEA_obd_ii_P0327_fail_counter","40004615","Data Label","uint8_t",""
"LEA_obd_ii_P0327_pass_counter","40004616","Data Label","uint8_t",""
"LEA_obd_ii_P0328_flags","40004617","Data Label","uint8_t","Stored monitor/maturation state for P0328 (knock sensor1 high). Log it to catch this fault maturing during a drive."
"LEA_obd_ii_P0328_fail_counter","40004618","Data Label","uint8_t",""
"LEA_obd_ii_P0328_pass_counter","40004619","Data Label","uint8_t",""
"LEA_obd_ii_P0332_flags","4000461a","Data Label","uint8_t","Stored monitor/maturation state for P0332 (knock sensor2 low). Log it to catch this fault maturing during a drive."
"LEA_obd_ii_P0332_fail_counter","4000461b","Data Label","uint8_t",""
"LEA_obd_ii_P0332_pass_counter","4000461c","Data Label","uint8_t",""
"LEA_obd_ii_P0333_flags","4000461d","Data Label","uint8_t","Stored monitor/maturation state for P0333 (knock sensor2 high). Log it to catch this fault maturing during a drive."
"LEA_obd_ii_P0333_fail_counter","4000461e","Data Label","uint8_t",""
"LEA_obd_ii_P0333_pass_counter","4000461f","Data Label","uint8_t",""
"LEA_obd_ii_P0335_flags","40004620","Data Label","uint8_t","Stored monitor/maturation state for P0335 (crank position sensor). Log it to catch this fault maturing during a drive."
"LEA_obd_ii_P0335_fail_counter","40004621","Data Label","uint8_t",""
"LEA_obd_ii_P0335_pass_counter","40004622","Data Label","uint8_t",""
"LEA_obd_ii_P0341_flags","40004623","Data Label","uint8_t","Stored monitor/maturation state for P0341 (cam position sensor A rationality). Log it to catch this fault maturing during a drive."
"LEA_obd_ii_P0341_fail_counter","40004624","Data Label","uint8_t",""
"LEA_obd_ii_P0341_pass_counter","40004625","Data Label","uint8_t",""
"LEA_obd_ii_P0346_flags","40004626","Data Label","uint8_t","Stored monitor/maturation state for P0346 (cam position sensor bank2 rationality). Log it to catch this fault maturing during a drive."
"LEA_obd_ii_P0346_fail_counter","40004627","Data Label","uint8_t",""
"LEA_obd_ii_P0346_pass_counter","40004628","Data Label","uint8_t",""
"LEA_obd_ii_P0366_flags","40004629","Data Label","uint8_t","Stored monitor/maturation state for P0366 (cam position sensor B bank1). Log it to catch this fault maturing during a drive."
"LEA_obd_ii_P0366_fail_counter","4000462a","Data Label","uint8_t",""
"LEA_obd_ii_P0366_pass_counter","4000462b","Data Label","uint8_t",""
"LEA_obd_ii_P0391_flags","4000462c","Data Label","uint8_t","Stored monitor/maturation state for P0391 (cam position sensor B bank2). Log it to catch this fault maturing during a drive."
"LEA_obd_ii_P0391_fail_counter","4000462d","Data Label","uint8_t",""
"LEA_obd_ii_P0391_pass_counter","4000462e","Data Label","uint8_t",""
"LEA_obd_ii_P0351_flags","4000462f","Data Label","uint8_t","Stored monitor/maturation state for P0351 (ignition coil 1). Log it to catch this fault maturing during a drive."
"LEA_obd_ii_P0351_fail_counter","40004630","Data Label","uint8_t",""
"LEA_obd_ii_P0351_pass_counter","40004631","Data Label","uint8_t",""
"LEA_obd_ii_P0352_flags","40004632","Data Label","uint8_t","Stored monitor/maturation state for P0352 (ignition coil 2). Log it to catch this fault maturing during a drive."
"LEA_obd_ii_P0352_fail_counter","40004633","Data Label","uint8_t",""
"LEA_obd_ii_P0352_pass_counter","40004634","Data Label","uint8_t",""
"LEA_obd_ii_P0353_flags","40004635","Data Label","uint8_t","Stored monitor/maturation state for P0353 (ignition coil 3). Log it to catch this fault maturing during a drive."
"LEA_obd_ii_P0353_fail_counter","40004636","Data Label","uint8_t",""
"LEA_obd_ii_P0353_pass_counter","40004637","Data Label","uint8_t",""
"LEA_obd_ii_P0354_flags","40004638","Data Label","uint8_t","Stored monitor/maturation state for P0354 (ignition coil 4). Log it to catch this fault maturing during a drive."
"LEA_obd_ii_P0354_fail_counter","40004639","Data Label","uint8_t",""
"LEA_obd_ii_P0354_pass_counter","4000463a","Data Label","uint8_t",""
"LEA_obd_ii_P0355_flags","4000463b","Data Label","uint8_t","Stored monitor/maturation state for P0355 (ignition coil 5). Log it to catch this fault maturing during a drive."
"LEA_obd_ii_P0355_fail_counter","4000463c","Data Label","uint8_t",""
"LEA_obd_ii_P0355_pass_counter","4000463d","Data Label","uint8_t",""
"LEA_obd_ii_P0356_flags","4000463e","Data Label","uint8_t","Stored monitor/maturation state for P0356 (ignition coil 6). Log it to catch this fault maturing during a drive."
"LEA_obd_ii_P0356_fail_counter","4000463f","Data Label","uint8_t",""
"LEA_obd_ii_P0356_pass_counter","40004640","Data Label","uint8_t",""
"LEA_obd_ii_P1301_flags","40004641","Data Label","uint8_t","Stored monitor/maturation state for P1301 (mfr misfire (cat/igniter)). Log it to catch this fault maturing during a drive."
"LEA_obd_ii_P1301_fail_counter","40004642","Data Label","uint8_t",""
"LEA_obd_ii_P1301_pass_counter","40004643","Data Label","uint8_t",""
"LEA_obd_ii_P1302_flags","40004644","Data Label","uint8_t","Stored monitor/maturation state for P1302 (mfr misfire). Log it to catch this fault maturing during a drive."
"LEA_obd_ii_P1302_fail_counter","40004645","Data Label","uint8_t",""
"LEA_obd_ii_P1302_pass_counter","40004646","Data Label","uint8_t",""
"LEA_obd_ii_P0420_flags","40004647","Data Label","uint8_t","Stored monitor/maturation state for P0420 (catalyst efficiency bank1). Log it to catch this fault maturing during a drive."
"LEA_obd_ii_P0420_fail_counter","40004648","Data Label","uint8_t",""
"LEA_obd_ii_P0420_pass_counter","40004649","Data Label","uint8_t",""
"LEA_obd_ii_P0430_flags","4000464a","Data Label","uint8_t","Stored monitor/maturation state for P0430 (catalyst efficiency bank2). Log it to catch this fault maturing during a drive."
"LEA_obd_ii_P0430_fail_counter","4000464b","Data Label","uint8_t",""
"LEA_obd_ii_P0430_pass_counter","4000464c","Data Label","uint8_t",""
"LEA_obd_ii_P0441_flags","4000464d","Data Label","uint8_t","Stored monitor/maturation state for P0441 (EVAP purge flow). Log it to catch this fault maturing during a drive."
"LEA_obd_ii_P0441_fail_counter","4000464e","Data Label","uint8_t",""
"LEA_obd_ii_P0441_pass_counter","4000464f","Data Label","uint8_t",""
"LEA_obd_ii_P0442_flags","40004650","Data Label","uint8_t","Stored monitor/maturation state for P0442 (EVAP small leak). Log it to catch this fault maturing during a drive."
"LEA_obd_ii_P0442_fail_counter","40004651","Data Label","uint8_t",""
"LEA_obd_ii_P0442_pass_counter","40004652","Data Label","uint8_t",""
"LEA_obd_ii_P0444_flags","40004653","Data Label","uint8_t","Stored monitor/maturation state for P0444 (EVAP purge valve open). Log it to catch this fault maturing during a drive."
"LEA_obd_ii_P0444_fail_counter","40004654","Data Label","uint8_t",""
"LEA_obd_ii_P0444_pass_counter","40004655","Data Label","uint8_t",""
"LEA_obd_ii_P0445_flags","40004656","Data Label","uint8_t","Stored monitor/maturation state for P0445 (EVAP purge valve shorted). Log it to catch this fault maturing during a drive."
"LEA_obd_ii_P0445_fail_counter","40004657","Data Label","uint8_t",""
"LEA_obd_ii_P0445_pass_counter","40004658","Data Label","uint8_t",""
"LEA_obd_ii_P0446_flags","40004659","Data Label","uint8_t","Stored monitor/maturation state for P0446 (EVAP vent control). Log it to catch this fault maturing during a drive."
"LEA_obd_ii_P0446_fail_counter","4000465a","Data Label","uint8_t",""
"LEA_obd_ii_P0446_pass_counter","4000465b","Data Label","uint8_t",""
"LEA_obd_ii_P0447_flags","4000465c","Data Label","uint8_t","Stored monitor/maturation state for P0447 (EVAP vent open). Log it to catch this fault maturing during a drive."
"LEA_obd_ii_P0447_fail_counter","4000465d","Data Label","uint8_t",""
"LEA_obd_ii_P0447_pass_counter","4000465e","Data Label","uint8_t",""
"LEA_obd_ii_P0448_flags","4000465f","Data Label","uint8_t","Stored monitor/maturation state for P0448 (EVAP vent shorted). Log it to catch this fault maturing during a drive."
"LEA_obd_ii_P0448_fail_counter","40004660","Data Label","uint8_t",""
"LEA_obd_ii_P0448_pass_counter","40004661","Data Label","uint8_t",""
"LEA_obd_ii_P0451_flags","40004662","Data Label","uint8_t","Stored monitor/maturation state for P0451 (EVAP pressure sensor rationality). Log it to catch this fault maturing during a drive."
"LEA_obd_ii_P0451_fail_counter","40004663","Data Label","uint8_t",""
"LEA_obd_ii_P0451_pass_counter","40004664","Data Label","uint8_t",""
"LEA_obd_ii_P0452_flags","40004665","Data Label","uint8_t","Stored monitor/maturation state for P0452 (EVAP pressure sensor low). Log it to catch this fault maturing during a drive."
"LEA_obd_ii_P0452_fail_counter","40004666","Data Label","uint8_t",""
"LEA_obd_ii_P0452_pass_counter","40004667","Data Label","uint8_t",""
"LEA_obd_ii_P0453_flags","40004668","Data Label","uint8_t","Stored monitor/maturation state for P0453 (EVAP pressure sensor high). Log it to catch this fault maturing during a drive."
"LEA_obd_ii_P0453_fail_counter","40004669","Data Label","uint8_t",""
"LEA_obd_ii_P0453_pass_counter","4000466a","Data Label","uint8_t",""
"LEA_obd_ii_P0455_flags","4000466b","Data Label","uint8_t","Stored monitor/maturation state for P0455 (EVAP large leak). Log it to catch this fault maturing during a drive."
"LEA_obd_ii_P0455_fail_counter","4000466c","Data Label","uint8_t",""
"LEA_obd_ii_P0455_pass_counter","4000466d","Data Label","uint8_t",""
"LEA_obd_ii_P0456_flags","4000466e","Data Label","uint8_t","Stored monitor/maturation state for P0456 (EVAP very small leak). Log it to catch this fault maturing during a drive."
"LEA_obd_ii_P0456_fail_counter","4000466f","Data Label","uint8_t",""
"LEA_obd_ii_P0456_pass_counter","40004670","Data Label","uint8_t",""
"LEA_obd_ii_P0461_flags","40004671","Data Label","uint8_t","Stored monitor/maturation state for P0461 (fuel level sensor rationality). Log it to catch this fault maturing during a drive."
"LEA_obd_ii_P0461_fail_counter","40004672","Data Label","uint8_t",""
"LEA_obd_ii_P0461_pass_counter","40004673","Data Label","uint8_t",""
"LEA_obd_ii_P0462_flags","40004674","Data Label","uint8_t","Stored monitor/maturation state for P0462 (fuel level sensor low). Log it to catch this fault maturing during a drive."
"LEA_obd_ii_P0462_fail_counter","40004675","Data Label","uint8_t",""
"LEA_obd_ii_P0462_pass_counter","40004676","Data Label","uint8_t",""
"LEA_obd_ii_P0463_flags","40004677","Data Label","uint8_t","Stored monitor/maturation state for P0463 (fuel level sensor high). Log it to catch this fault maturing during a drive."
"LEA_obd_ii_P0463_fail_counter","40004678","Data Label","uint8_t",""
"LEA_obd_ii_P0463_pass_counter","40004679","Data Label","uint8_t",""
"LEA_obd_ii_P0480_flags","4000467a","Data Label","uint8_t","Stored monitor/maturation state for P0480 (cooling fan1 relay). Log it to catch this fault maturing during a drive."
"LEA_obd_ii_P0480_fail_counter","4000467b","Data Label","uint8_t",""
"LEA_obd_ii_P0480_pass_counter","4000467c","Data Label","uint8_t",""
"LEA_obd_ii_P0481_flags","4000467d","Data Label","uint8_t","Stored monitor/maturation state for P0481 (cooling fan2 relay). Log it to catch this fault maturing during a drive."
"LEA_obd_ii_P0481_fail_counter","4000467e","Data Label","uint8_t",""
"LEA_obd_ii_P0481_pass_counter","4000467f","Data Label","uint8_t",""
"LEA_obd_ii_P0482_flags","40004680","Data Label","uint8_t","Stored monitor/maturation state for P0482 (cooling fan3 relay). Log it to catch this fault maturing during a drive."
"LEA_obd_ii_P0482_fail_counter","40004681","Data Label","uint8_t",""
"LEA_obd_ii_P0482_pass_counter","40004682","Data Label","uint8_t",""
"LEA_obd_ii_P0500_flags","40004683","Data Label","uint8_t","Stored monitor/maturation state for P0500 (vehicle speed sensor). Log it to catch this fault maturing during a drive."
"LEA_obd_ii_P0500_fail_counter","40004684","Data Label","uint8_t",""
"LEA_obd_ii_P0500_pass_counter","40004685","Data Label","uint8_t",""
"LEA_obd_ii_P0506_flags","40004686","Data Label","uint8_t","Stored monitor/maturation state for P0506 (idle speed too low). Log it to catch this fault maturing during a drive."
"LEA_obd_ii_P0506_fail_counter","40004687","Data Label","uint8_t",""
"LEA_obd_ii_P0506_pass_counter","40004688","Data Label","uint8_t",""
"LEA_obd_ii_P0507_flags","40004689","Data Label","uint8_t","Stored monitor/maturation state for P0507 (idle speed too high). Log it to catch this fault maturing during a drive."
"LEA_obd_ii_P0507_fail_counter","4000468a","Data Label","uint8_t",""
"LEA_obd_ii_P0507_pass_counter","4000468b","Data Label","uint8_t",""
"LEA_obd_ii_P050A_flags","4000468c","Data Label","uint8_t","Learned value: P050A flags. A value the ECU learns over time -- log it to track adaptation and spot a developing fault."
"LEA_obd_ii_P050A_fail_counter","4000468d","Data Label","uint8_t",""
"LEA_obd_ii_P050A_pass_counter","4000468e","Data Label","uint8_t",""
"LEA_obd_ii_P050B_flags","4000468f","Data Label","uint8_t","Learned value: P050B flags. A value the ECU learns over time -- log it to track adaptation and spot a developing fault."
"LEA_obd_ii_P050B_fail_counter","40004690","Data Label","uint8_t",""
"LEA_obd_ii_P050B_pass_counter","40004691","Data Label","uint8_t",""
"LEA_obd_ii_P0523_flags","40004692","Data Label","uint8_t","Stored monitor/maturation state for P0523 (oil pressure sensor/switch high). Log it to catch this fault maturing during a drive."
"LEA_obd_ii_P0523_fail_counter","40004693","Data Label","uint8_t",""
"LEA_obd_ii_P0523_pass_counter","40004694","Data Label","uint8_t",""
"LEA_obd_ii_P0537_flags","40004695","Data Label","uint8_t","Stored monitor/maturation state for P0537 (A/C evap temp sensor low). Log it to catch this fault maturing during a drive."
"LEA_obd_ii_P0537_fail_counter","40004696","Data Label","uint8_t",""
"LEA_obd_ii_P0537_pass_counter","40004697","Data Label","uint8_t",""
"LEA_obd_ii_P0538_flags","40004698","Data Label","uint8_t","Stored monitor/maturation state for P0538 (A/C evap temp sensor high). Log it to catch this fault maturing during a drive."
"LEA_obd_ii_P0538_fail_counter","40004699","Data Label","uint8_t",""
"LEA_obd_ii_P0538_pass_counter","4000469a","Data Label","uint8_t",""
"LEA_obd_ii_P0562_flags","4000469b","Data Label","uint8_t","Stored monitor/maturation state for P0562 (system voltage low). Log it to catch this fault maturing during a drive."
"LEA_obd_ii_P0562_fail_counter","4000469c","Data Label","uint8_t",""
"LEA_obd_ii_P0562_pass_counter","4000469d","Data Label","uint8_t",""
"LEA_obd_ii_P0563_flags","4000469e","Data Label","uint8_t","Stored monitor/maturation state for P0563 (system voltage high). Log it to catch this fault maturing during a drive."
"LEA_obd_ii_P0563_fail_counter","4000469f","Data Label","uint8_t",""
"LEA_obd_ii_P0563_pass_counter","400046a0","Data Label","uint8_t",""
"LEA_obd_ii_P0571_flags","400046a1","Data Label","uint8_t","Stored monitor/maturation state for P0571 (brake switch). Log it to catch this fault maturing during a drive."
"LEA_obd_ii_P0571_fail_counter","400046a2","Data Label","uint8_t",""
"LEA_obd_ii_P0571_pass_counter","400046a3","Data Label","uint8_t",""
"LEA_obd_ii_P0578_flags","400046a4","Data Label","uint8_t","Stored monitor/maturation state for P0578 (cruise switch stuck). Log it to catch this fault maturing during a drive."
"LEA_obd_ii_P0578_fail_counter","400046a5","Data Label","uint8_t",""
"LEA_obd_ii_P0578_pass_counter","400046a6","Data Label","uint8_t",""
"LEA_obd_ii_P0579_flags","400046a7","Data Label","uint8_t","Stored monitor/maturation state for P0579 (cruise switch rationality). Log it to catch this fault maturing during a drive."
"LEA_obd_ii_P0579_fail_counter","400046a8","Data Label","uint8_t",""
"LEA_obd_ii_P0579_pass_counter","400046a9","Data Label","uint8_t",""
"LEA_obd_ii_P0564_flags","400046aa","Data Label","uint8_t","Stored monitor/maturation state for P0564 (cruise control input). Log it to catch this fault maturing during a drive."
"LEA_obd_ii_P0564_fail_counter","400046ab","Data Label","uint8_t",""
"LEA_obd_ii_P0564_pass_counter","400046ac","Data Label","uint8_t",""
"LEA_obd_ii_P0601_flags","400046ad","Data Label","uint8_t","Stored monitor/maturation state for P0601 (ECU memory checksum). Log it to catch this fault maturing during a drive."
"LEA_obd_ii_P0601_fail_counter","400046ae","Data Label","uint8_t",""
"LEA_obd_ii_P0601_pass_counter","400046af","Data Label","uint8_t",""
"LEA_obd_ii_P0606_flags","400046b0","Data Label","uint8_t","Stored monitor/maturation state for P0606 (ECU processor fault). Log it to catch this fault maturing during a drive."
"LEA_obd_ii_P0606_fail_counter","400046b1","Data Label","uint8_t",""
"LEA_obd_ii_P0606_pass_counter","400046b2","Data Label","uint8_t",""
"LEA_obd_ii_P0610_flags","400046b3","Data Label","uint8_t","Stored monitor/maturation state for P0610 (vehicle options error). Log it to catch this fault maturing during a drive."
"LEA_obd_ii_P0610_fail_counter","400046b4","Data Label","uint8_t",""
"LEA_obd_ii_P0610_pass_counter","400046b5","Data Label","uint8_t",""
"LEA_obd_ii_P0141_flags","400046b6","Data Label","uint8_t","Stored monitor/maturation state for P0141 (O2 B1S2 heater). Log it to catch this fault maturing during a drive."
"LEA_obd_ii_P0141_fail_counter","400046b7","Data Label","uint8_t",""
"LEA_obd_ii_P0141_pass_counter","400046b8","Data Label","uint8_t",""
"LEA_obd_ii_P0628_flags","400046b9","Data Label","uint8_t","Stored monitor/maturation state for P0628 (fuel pump control low). Log it to catch this fault maturing during a drive."
"LEA_obd_ii_P0628_fail_counter","400046ba","Data Label","uint8_t",""
"LEA_obd_ii_P0628_pass_counter","400046bb","Data Label","uint8_t",""
"LEA_obd_ii_P0629_flags","400046bc","Data Label","uint8_t","Stored monitor/maturation state for P0629 (fuel pump control high). Log it to catch this fault maturing during a drive."
"LEA_obd_ii_P0629_fail_counter","400046bd","Data Label","uint8_t",""
"LEA_obd_ii_P0629_pass_counter","400046be","Data Label","uint8_t",""
"LEA_obd_ii_P0630_flags","400046bf","Data Label","uint8_t","Stored monitor/maturation state for P0630 (VIN not programmed). Log it to catch this fault maturing during a drive."
"LEA_obd_ii_P0630_fail_counter","400046c0","Data Label","uint8_t",""
"LEA_obd_ii_P0630_pass_counter","400046c1","Data Label","uint8_t",""
"LEA_obd_ii_P0638_flags","400046c2","Data Label","uint8_t","Stored monitor/maturation state for P0638 (throttle actuator control rationality bank1). Log it to catch this fault maturing during a drive."
"LEA_obd_ii_P0638_fail_counter","400046c3","Data Label","uint8_t",""
"LEA_obd_ii_P0638_pass_counter","400046c4","Data Label","uint8_t",""
"LEA_obd_ii_P0647_flags","400046c5","Data Label","uint8_t","Stored monitor/maturation state for P0647 (A/C clutch relay high). Log it to catch this fault maturing during a drive."
"LEA_obd_ii_P0647_fail_counter","400046c6","Data Label","uint8_t",""
"LEA_obd_ii_P0647_pass_counter","400046c7","Data Label","uint8_t",""
"LEA_obd_ii_P0646_flags","400046c8","Data Label","uint8_t","Stored monitor/maturation state for P0646 (A/C clutch relay low). Log it to catch this fault maturing during a drive."
"LEA_obd_ii_P0646_fail_counter","400046c9","Data Label","uint8_t",""
"LEA_obd_ii_P0646_pass_counter","400046ca","Data Label","uint8_t",""
"LEA_obd_ii_P0685_flags","400046cb","Data Label","uint8_t","Stored monitor/maturation state for P0685 (ECU power relay). Log it to catch this fault maturing during a drive."
"LEA_obd_ii_P0685_fail_counter","400046cc","Data Label","uint8_t",""
"LEA_obd_ii_P0685_pass_counter","400046cd","Data Label","uint8_t",""
"LEA_obd_ii_P0700_flags","400046ce","Data Label","uint8_t","Stored monitor/maturation state for P0700 (transmission MIL request). Log it to catch this fault maturing during a drive."
"LEA_obd_ii_P0700_fail_counter","400046cf","Data Label","uint8_t",""
"LEA_obd_ii_P0700_pass_counter","400046d0","Data Label","uint8_t",""
"LEA_obd_ii_P0806_flags","400046d1","Data Label","uint8_t","Stored monitor/maturation state for P0806 (clutch position sensor rationality). Log it to catch this fault maturing during a drive."
"LEA_obd_ii_P0806_fail_counter","400046d2","Data Label","uint8_t",""
"LEA_obd_ii_P0806_pass_counter","400046d3","Data Label","uint8_t",""
"LEA_obd_ii_P1809_flags","400046d4","Data Label","uint8_t","Stored monitor/maturation state for P1809 (mfr transmission). Log it to catch this fault maturing during a drive."
"LEA_obd_ii_P1809_fail_counter","400046d5","Data Label","uint8_t",""
"LEA_obd_ii_P1809_pass_counter","400046d6","Data Label","uint8_t",""
"LEA_obd_ii_P0807_flags","400046d7","Data Label","uint8_t","Stored monitor/maturation state for P0807 (clutch position sensor low). Log it to catch this fault maturing during a drive."
"LEA_obd_ii_P0807_fail_counter","400046d8","Data Label","uint8_t",""
"LEA_obd_ii_P0807_pass_counter","400046d9","Data Label","uint8_t",""
"LEA_obd_ii_P0808_flags","400046da","Data Label","uint8_t","Stored monitor/maturation state for P0808 (clutch position sensor high). Log it to catch this fault maturing during a drive."
"LEA_obd_ii_P0808_fail_counter","400046db","Data Label","uint8_t",""
"LEA_obd_ii_P0808_pass_counter","400046dc","Data Label","uint8_t",""
"LEA_obd_ii_P1106_flags","400046dd","Data Label","uint8_t","Stored monitor/maturation state for P1106 (mfr MAP/baro intermittent). Log it to catch this fault maturing during a drive."
"LEA_obd_ii_P1106_fail_counter","400046de","Data Label","uint8_t",""
"LEA_obd_ii_P1106_pass_counter","400046df","Data Label","uint8_t",""
"LEA_obd_ii_P1562_flags","400046e0","Data Label","uint8_t","Stored monitor/maturation state for P1562 (mfr ECU supply voltage). Log it to catch this fault maturing during a drive."
"LEA_obd_ii_P1562_fail_counter","400046e1","Data Label","uint8_t",""
"LEA_obd_ii_P1562_pass_counter","400046e2","Data Label","uint8_t",""
"LEA_obd_ii_P2122_flags","400046e3","Data Label","uint8_t","Stored monitor/maturation state for P2122 (pedal D low). Log it to catch this fault maturing during a drive."
"LEA_obd_ii_P2122_fail_counter","400046e4","Data Label","uint8_t",""
"LEA_obd_ii_P2122_pass_counter","400046e5","Data Label","uint8_t",""
"LEA_obd_ii_P2123_flags","400046e6","Data Label","uint8_t","Stored monitor/maturation state for P2123 (pedal D high). Log it to catch this fault maturing during a drive."
"LEA_obd_ii_P2123_fail_counter","400046e7","Data Label","uint8_t",""
"LEA_obd_ii_P2123_pass_counter","400046e8","Data Label","uint8_t",""
"LEA_obd_ii_P2127_flags","400046e9","Data Label","uint8_t","Stored monitor/maturation state for P2127 (pedal E low). Log it to catch this fault maturing during a drive."
"LEA_obd_ii_P2127_fail_counter","400046ea","Data Label","uint8_t",""
"LEA_obd_ii_P2127_pass_counter","400046eb","Data Label","uint8_t",""
"LEA_obd_ii_P2128_flags","400046ec","Data Label","uint8_t","Stored monitor/maturation state for P2128 (pedal E high). Log it to catch this fault maturing during a drive."
"LEA_obd_ii_P2128_fail_counter","400046ed","Data Label","uint8_t",""
"LEA_obd_ii_P2128_pass_counter","400046ee","Data Label","uint8_t",""
"LEA_obd_ii_P2135_flags","400046ef","Data Label","uint8_t","Stored monitor/maturation state for P2135 (TPS A/B correlation). Log it to catch this fault maturing during a drive."
"LEA_obd_ii_P2135_fail_counter","400046f0","Data Label","uint8_t",""
"LEA_obd_ii_P2135_pass_counter","400046f1","Data Label","uint8_t",""
"LEA_obd_ii_P2138_flags","400046f2","Data Label","uint8_t","Stored monitor/maturation state for P2138 (pedal D/E correlation). Log it to catch this fault maturing during a drive."
"LEA_obd_ii_P2138_fail_counter","400046f3","Data Label","uint8_t",""
"LEA_obd_ii_P2138_pass_counter","400046f4","Data Label","uint8_t",""
"LEA_obd_ii_P2173_flags","400046f5","Data Label","uint8_t","Stored monitor/maturation state for P2173 (high airflow / throttle). Log it to catch this fault maturing during a drive."
"LEA_obd_ii_P2173_fail_counter","400046f6","Data Label","uint8_t",""
"LEA_obd_ii_P2173_pass_counter","400046f7","Data Label","uint8_t",""
"LEA_obd_ii_P2602_flags","400046f8","Data Label","uint8_t","Stored monitor/maturation state for P2602 (coolant pump control low). Log it to catch this fault maturing during a drive."
"LEA_obd_ii_P2602_fail_counter","400046f9","Data Label","uint8_t",""
"LEA_obd_ii_P2602_pass_counter","400046fa","Data Label","uint8_t",""
"LEA_obd_ii_P2603_flags","400046fb","Data Label","uint8_t","Stored monitor/maturation state for P2603 (coolant pump control high). Log it to catch this fault maturing during a drive."
"LEA_obd_ii_P2603_fail_counter","400046fc","Data Label","uint8_t",""
"LEA_obd_ii_P2603_pass_counter","400046fd","Data Label","uint8_t",""
"LEA_obd_ii_P2104_flags","4000470a","Data Label","uint8_t","Stored monitor/maturation state for P2104 (throttle forced idle). Log it to catch this fault maturing during a drive."
"LEA_obd_ii_P2104_fail_counter","4000470b","Data Label","uint8_t",""
"LEA_obd_ii_P2104_pass_counter","4000470c","Data Label","uint8_t",""
"LEA_obd_ii_P1104_flags","4000470d","Data Label","uint8_t","Stored monitor/maturation state for P1104 (mfr MAF/intake). Log it to catch this fault maturing during a drive."
"LEA_obd_ii_P1104_fail_counter","4000470e","Data Label","uint8_t",""
"LEA_obd_ii_P1104_pass_counter","4000470f","Data Label","uint8_t",""
"LEA_obd_ii_P2105_flags","40004710","Data Label","uint8_t","Stored monitor/maturation state for P2105 (throttle forced shutdown). Log it to catch this fault maturing during a drive."
"LEA_obd_ii_P2105_fail_counter","40004711","Data Label","uint8_t",""
"LEA_obd_ii_P2105_pass_counter","40004712","Data Label","uint8_t",""
"LEA_obd_ii_P2106_flags","40004713","Data Label","uint8_t","Stored monitor/maturation state for P2106 (throttle performance limited). Log it to catch this fault maturing during a drive."
"LEA_obd_ii_P2106_fail_counter","40004714","Data Label","uint8_t",""
"LEA_obd_ii_P2106_pass_counter","40004715","Data Label","uint8_t",""
"LEA_obd_ii_P2107_flags","40004716","Data Label","uint8_t","Stored monitor/maturation state for P2107 (throttle actuator processor). Log it to catch this fault maturing during a drive."
"LEA_obd_ii_P2107_fail_counter","40004717","Data Label","uint8_t",""
"LEA_obd_ii_P2107_pass_counter","40004718","Data Label","uint8_t",""
"LEA_obd_ii_P2100_flags","40004719","Data Label","uint8_t","Stored monitor/maturation state for P2100 (throttle actuator motor open). Log it to catch this fault maturing during a drive."
"LEA_obd_ii_P2100_fail_counter","4000471a","Data Label","uint8_t",""
"LEA_obd_ii_P2100_pass_counter","4000471b","Data Label","uint8_t",""
"LEA_obd_ii_P2102_flags","4000471c","Data Label","uint8_t","Stored monitor/maturation state for P2102 (throttle actuator motor low). Log it to catch this fault maturing during a drive."
"LEA_obd_ii_P2102_fail_counter","4000471d","Data Label","uint8_t",""
"LEA_obd_ii_P2102_pass_counter","4000471e","Data Label","uint8_t",""
"LEA_obd_ii_P2103_flags","4000471f","Data Label","uint8_t","Stored monitor/maturation state for P2103 (throttle actuator motor high). Log it to catch this fault maturing during a drive."
"LEA_obd_ii_P2103_fail_counter","40004720","Data Label","uint8_t",""
"LEA_obd_ii_P2103_pass_counter","40004721","Data Label","uint8_t",""
"LEA_obd_ii_P2108_flags","40004722","Data Label","uint8_t","Stored monitor/maturation state for P2108 (throttle actuator performance). Log it to catch this fault maturing during a drive."
"LEA_obd_ii_P2108_fail_counter","40004723","Data Label","uint8_t",""
"LEA_obd_ii_P2108_pass_counter","40004724","Data Label","uint8_t",""
"LEA_obd_ii_P1113_flags","40004725","Data Label","uint8_t","Stored monitor/maturation state for P1113 (mfr IAT). Log it to catch this fault maturing during a drive."
"LEA_obd_ii_P1113_fail_counter","40004726","Data Label","uint8_t",""
"LEA_obd_ii_P1113_pass_counter","40004727","Data Label","uint8_t",""
"LEA_obd_ii_P0661_flags","40004728","Data Label","uint8_t","Stored monitor/maturation state for P0661 (intake manifold runner (VIMS) control low). Log it to catch this fault maturing during a drive."
"LEA_obd_ii_P0661_fail_counter","40004729","Data Label","uint8_t",""
"LEA_obd_ii_P0661_pass_counter","4000472a","Data Label","uint8_t",""
"LEA_obd_ii_P0662_flags","4000472b","Data Label","uint8_t","Stored monitor/maturation state for P0662 (intake manifold runner (VIMS) control high). Log it to catch this fault maturing during a drive."
"LEA_obd_ii_P0662_fail_counter","4000472c","Data Label","uint8_t",""
"LEA_obd_ii_P0662_pass_counter","4000472d","Data Label","uint8_t",""
"LEA_obd_ii_P2612_flags","4000472e","Data Label","uint8_t","Stored monitor/maturation state for P2612 (A/C refrigerant valve low). Log it to catch this fault maturing during a drive."
"LEA_obd_ii_P2612_fail_counter","4000472f","Data Label","uint8_t",""
"LEA_obd_ii_P2612_pass_counter","40004730","Data Label","uint8_t",""
"LEA_obd_ii_P2613_flags","40004731","Data Label","uint8_t","Stored monitor/maturation state for P2613 (A/C refrigerant valve high). Log it to catch this fault maturing during a drive."
"LEA_obd_ii_P2613_fail_counter","40004732","Data Label","uint8_t",""
"LEA_obd_ii_P2613_pass_counter","40004733","Data Label","uint8_t",""
"LEA_obd_ii_P0616_flags","40004734","Data Label","uint8_t","Stored monitor/maturation state for P0616 (starter relay low). Log it to catch this fault maturing during a drive."
"LEA_obd_ii_P0616_fail_counter","40004735","Data Label","uint8_t",""
"LEA_obd_ii_P0616_pass_counter","40004736","Data Label","uint8_t",""
"LEA_obd_ii_P0617_flags","40004737","Data Label","uint8_t","Stored monitor/maturation state for P0617 (starter relay high). Log it to catch this fault maturing during a drive."
"LEA_obd_ii_P0617_fail_counter","40004738","Data Label","uint8_t",""
"LEA_obd_ii_P0617_pass_counter","40004739","Data Label","uint8_t",""
"LEA_obd_ii_P2119_flags","4000473a","Data Label","uint8_t","Stored monitor/maturation state for P2119 (throttle body rationality). Log it to catch this fault maturing during a drive."
"LEA_obd_ii_P2119_fail_counter","4000473b","Data Label","uint8_t",""
"LEA_obd_ii_P2119_pass_counter","4000473c","Data Label","uint8_t",""
"LEA_obd_ii_P2170_flags","4000473d","Data Label","uint8_t","Stored monitor/maturation state for P2170 (exhaust bypass valve stuck). Log it to catch this fault maturing during a drive."
"LEA_obd_ii_P2170_fail_counter","4000473e","Data Label","uint8_t",""
"LEA_obd_ii_P2170_pass_counter","4000473f","Data Label","uint8_t",""
"LEA_obd_ii_P2171_flags","40004740","Data Label","uint8_t","Stored monitor/maturation state for P2171 (exhaust bypass valve). Log it to catch this fault maturing during a drive."
"LEA_obd_ii_P2171_fail_counter","40004741","Data Label","uint8_t",""
"LEA_obd_ii_P2171_pass_counter","40004742","Data Label","uint8_t",""
"LEA_obd_ii_P0826_flags","40004743","Data Label","uint8_t","Stored monitor/maturation state for P0826 (shift switch). Log it to catch this fault maturing during a drive."
"LEA_obd_ii_P0826_fail_counter","40004744","Data Label","uint8_t",""
"LEA_obd_ii_P0826_pass_counter","40004745","Data Label","uint8_t",""
"LEA_obd_ii_P0827_flags","40004746","Data Label","uint8_t","Stored monitor/maturation state for P0827 (shift switch low). Log it to catch this fault maturing during a drive."
"LEA_obd_ii_P0827_fail_counter","40004747","Data Label","uint8_t",""
"LEA_obd_ii_P0827_pass_counter","40004748","Data Label","uint8_t",""
"LEA_obd_ii_P0828_flags","40004749","Data Label","uint8_t","Stored monitor/maturation state for P0828 (shift switch high). Log it to catch this fault maturing during a drive."
"LEA_obd_ii_P0828_fail_counter","4000474a","Data Label","uint8_t",""
"LEA_obd_ii_P0828_pass_counter","4000474b","Data Label","uint8_t",""
"LEA_obd_ii_P2191_flags","4000474c","Data Label","uint8_t","Stored monitor/maturation state for P2191 (bank1 lean at load). Log it to catch this fault maturing during a drive."
"LEA_obd_ii_P2191_fail_counter","4000474d","Data Label","uint8_t",""
"LEA_obd_ii_P2191_pass_counter","4000474e","Data Label","uint8_t",""
"LEA_obd_ii_P2193_flags","4000474f","Data Label","uint8_t","Stored monitor/maturation state for P2193 (bank2 lean at load). Log it to catch this fault maturing during a drive."
"LEA_obd_ii_P2193_fail_counter","40004750","Data Label","uint8_t",""
"LEA_obd_ii_P2193_pass_counter","40004751","Data Label","uint8_t",""
"LEA_obd_ii_P219A_flags","40004752","Data Label","uint8_t","Learned value: P219A flags. A value the ECU learns over time -- log it to track adaptation and spot a developing fault."
"LEA_obd_ii_P219A_fail_counter","40004753","Data Label","uint8_t",""
"LEA_obd_ii_P219A_pass_counter","40004754","Data Label","uint8_t",""
"LEA_obd_ii_P219B_flags","40004755","Data Label","uint8_t","Learned value: P219B flags. A value the ECU learns over time -- log it to track adaptation and spot a developing fault."
"LEA_obd_ii_P219B_fail_counter","40004756","Data Label","uint8_t",""
"LEA_obd_ii_P219B_pass_counter","40004757","Data Label","uint8_t",""
"LEA_obd_ii_P2336_flags","40004758","Data Label","uint8_t","Stored monitor/maturation state for P2336 (cyl1 over knock threshold). Log it to catch this fault maturing during a drive."
"LEA_obd_ii_P2336_fail_counter","40004759","Data Label","uint8_t",""
"LEA_obd_ii_P2336_pass_counter","4000475a","Data Label","uint8_t",""
"LEA_obd_ii_P2337_flags","4000475b","Data Label","uint8_t","Stored monitor/maturation state for P2337 (cyl2 over knock threshold). Log it to catch this fault maturing during a drive."
"LEA_obd_ii_P2337_fail_counter","4000475c","Data Label","uint8_t",""
"LEA_obd_ii_P2337_pass_counter","4000475d","Data Label","uint8_t",""
"LEA_obd_ii_P2338_flags","4000475e","Data Label","uint8_t","Stored monitor/maturation state for P2338 (cyl3 over knock threshold). Log it to catch this fault maturing during a drive."
"LEA_obd_ii_P2338_fail_counter","4000475f","Data Label","uint8_t",""
"LEA_obd_ii_P2338_pass_counter","40004760","Data Label","uint8_t",""
"LEA_obd_ii_P2339_flags","40004761","Data Label","uint8_t","Stored monitor/maturation state for P2339 (cyl4 over knock threshold). Log it to catch this fault maturing during a drive."
"LEA_obd_ii_P2339_fail_counter","40004762","Data Label","uint8_t",""
"LEA_obd_ii_P2339_pass_counter","40004763","Data Label","uint8_t",""
"LEA_obd_ii_P2340_flags","40004764","Data Label","uint8_t","Stored monitor/maturation state for P2340 (cyl5 over knock threshold). Log it to catch this fault maturing during a drive."
"LEA_obd_ii_P2340_fail_counter","40004765","Data Label","uint8_t",""
"LEA_obd_ii_P2340_pass_counter","40004766","Data Label","uint8_t",""
"LEA_obd_ii_P2341_flags","40004767","Data Label","uint8_t","Stored monitor/maturation state for P2341 (cyl6 over knock threshold). Log it to catch this fault maturing during a drive."
"LEA_obd_ii_P2341_fail_counter","40004768","Data Label","uint8_t",""
"LEA_obd_ii_P2341_pass_counter","40004769","Data Label","uint8_t",""
"LEA_obd_ii_P1422_flags","4000476a","Data Label","uint8_t","Stored monitor/maturation state for P1422 (mfr emissions). Log it to catch this fault maturing during a drive."
"LEA_obd_ii_P1422_fail_counter","4000476b","Data Label","uint8_t",""
"LEA_obd_ii_P1422_pass_counter","4000476c","Data Label","uint8_t",""
"LEA_obd_ii_U0101_flags","4000476d","Data Label","uint8_t","Stored monitor/maturation state for U0101 (lost comms with TCM). Log it to catch this fault maturing during a drive."
"LEA_obd_ii_U0122_flags","40004770","Data Label","uint8_t","Stored monitor/maturation state for U0122 (lost comms with ABS/ESP). Log it to catch this fault maturing during a drive."
"LEA_obd_ii_U0123_flags","40004773","Data Label","uint8_t","Stored monitor/maturation state for U0123 (lost comms with yaw sensor). Log it to catch this fault maturing during a drive."
"LEA_obd_ii_P0127_flags","40004776","Data Label","uint8_t","Stored monitor/maturation state for P0127 (intake air too hot). Log it to catch this fault maturing during a drive."
"LEA_obd_ii_P0127_fail_counter","40004777","Data Label","uint8_t",""
"LEA_obd_ii_P0127_pass_counter","40004778","Data Label","uint8_t",""
"LEA_obd_ii_U0302_flags","40004779","Data Label","uint8_t","Stored monitor/maturation state for U0302 (software mismatch with TCM). Log it to catch this fault maturing during a drive."
"LEA_obd_ii_U0316_flags","4000477c","Data Label","uint8_t","Stored monitor/maturation state for U0316 (software mismatch with VDC). Log it to catch this fault maturing during a drive."
"LEA_obd_ii_U0416_flags","4000477f","Data Label","uint8_t","Stored monitor/maturation state for U0416 (bad data from ABS/ESP). Log it to catch this fault maturing during a drive."
"LEA_obd_ii_U0513_flags","40004782","Data Label","uint8_t","Stored monitor/maturation state for U0513 (bad data from convenience module). Log it to catch this fault maturing during a drive."
"lea_write_size","40004788","Data Label","undefined4",""
"LEA_crc_full","4000478c","Data Label","uint16_t",""
"hc08_crc16","400049b8","Data Label","undefined2",""
"throttle_actuator_state","400049ba","Data Label","enum_throttle_actuator_state","Throttle actuator state. Runtime state -- log to observe this behavior."
"hc08_obd_flags","400049bb","Data Label","undefined1",""
"octane_scaler_short_term","400049c8","Data Label","u16_factor_1/65536[6]","Short-term octane adaptation\, per cylinder. Log to watch the ECU learn fuel octane."
"knock_window_center_angle","40004a1c","Data Label","ushort[6]","Knock window center angle. Log to catch knock events and see how much timing is being pulled."
"misfire_iir_accum","40004c80","Data Label","uint32_t[6][64]","Misfire iir accum. Log to find misfires and which cylinder is responsible."
"knock_retard_per_cyl","400059f4","Data Label","short[6]","Knock-driven timing retard\, per cylinder. Log it -- shows exactly where and how hard the ECU is pulling timing."
"obd_DTC_pending","40005a28","Data Label","short[128]","OBD DTC pending. Runtime state -- log to observe this behavior."
"obd_DTC_confirmed","40005b28","Data Label","short[128]","OBD DTC confirmed. Runtime state -- log to observe this behavior."
"tps_track_b_smoothing_state","40005e54","Data Label","struct_adc_smoothing_state",""
"tps_track_a_smoothing_state","40005e78","Data Label","struct_adc_smoothing_state",""
"flexcan_tx_queue_state_flags","40006528","Data Label","undefined1",""
"queue_len","40006534","Data Label","undefined1",""
"queue_head","40006535","Data Label","undefined1",""
"queue_buffer","40006536","Data Label","undefined1",""
"obd_req","400084c0","Data Label","byte[8]","OBD req. Runtime state -- log to observe this behavior."
"obd_resp","40008540","Data Label","byte[8]","OBD resp. Runtime state -- log to observe this behavior."
"obd_payload_byte1","40008543","Data Label","byte",""
"obd_payload_byte2","40008544","Data Label","byte",""
"obd_payload_byte3","40008545","Data Label","byte",""
"obd_payload_byte4","40008546","Data Label","byte",""
"obd_DTC_current","400085c0","Data Label","short[128]","OBD DTC current. Runtime state -- log to observe this behavior."
"hc08_parse_buf","400086c0","Data Label","char[24]","HC08 throttle co-processor parse buf. Runtime state -- log to observe this behavior."
"accel_pedal_pos_d_clipped","4000877c","Data Label","struct_tps_shaping_flags","Accelerator pedal position d clipped. Runtime state -- log to observe this behavior."
"accel_pedal_pos_e_clipped","40008790","Data Label","struct_tps_shaping_flags","Accelerator pedal position e clipped. Runtime state -- log to observe this behavior."
"COD_base","400087e0","Data Label","struct_variant_coding_t6e","COD base. Internal/infrastructure state -- not a typical data-logging channel."
"COD_VIN","400087e8","Data Label","char",""
"COD_model_name","40008800","Data Label","char",""
"COD_CRC","40008820","Data Label","uint16_t",""
"ips_shift_state","40008848","Data Label","undefined",""
"speed_implied_rpm","400088b0","Data Label","short[6]","Speed implied RPM. Runtime state -- log to observe this behavior."
"LEA_slip_threshold_per_gear","400088c0","Data Label","uint16_t *[6]","Learned value: slip threshold per gear. A value the ECU learns over time -- log it to track adaptation and spot a developing fault."
"LEA_slip_gear_speed_ratios","400088d8","Data Label","uint16_t *[6]","Learned value: slip gear speed ratios. A value the ECU learns over time -- log it to track adaptation and spot a developing fault."
"CAL_base","40008e24","Data Label","char[32]","T6-V00BU#World#Lotus#Evora#2012-2022#MT#25050b#MPC5534#CRP#0x59D4#LOTUS EVORA "
"CAL_ecu_data_base","40008e44","Data Label","undefined",""
"CAL_logger_high_speed_logger_enable","40008e4a","Data Label","enum_flexcan_bus_select","To enable the built-in highspeed data logger\, set this configuration option.

0: disabled (factory defatult)
1: FlexCAN A logging
2: FlexCAN C logging"
"CAL_ips_request_msg_id_nibble","40008e4b","Data Label","uint8_t"," 4-bit nibble; IPS CAN request message ID = `(nibble << 4)     "
"CAL_sensor_baro_gain","40008e4c","Data Label","u16_ratio_mbar/5v","Calibration: sensor barometric gain. Tunable map/constant (not a live channel); log the raw sensor signal to check sensor health and range. (mbar/5V)"
"CAL_sensor_baro_offset","40008e4e","Data Label","i16_pressure_mbar","Calibration: sensor barometric offset. Tunable map/constant (not a live channel); log the raw sensor signal to check sensor health and range. (mbar)"
"CAL_sensor_evap_gain","40008e50","Data Label","u16_ratio_mbar/5v","Calibration: sensor EVAP gain. Tunable map/constant (not a live channel); log the raw sensor signal to check sensor health and range. (mbar/5V)"
"CAL_sensor_evap_offset","40008e52","Data Label","i16_pressure_mbar","Calibration: sensor EVAP offset. Tunable map/constant (not a live channel); log the raw sensor signal to check sensor health and range. (mbar)"
"CAL_sensor_adc_map_gain","40008e54","Data Label","uint16_t",""
"CAL_sensor_adc_map_offset","40008e56","Data Label","undefined2",""
"CAL_cooling_fan_carspeed_min_1","40008e58","Data Label","u8_speed_kph","Calibration: cooling fan carspeed min 1. Tunable map/constant (not a live channel); log to confirm fans/pumps switch at the right temperatures. (km/h)"
"CAL_cooling_fan_bay_off_temp_3min","40008e59","Data Label","u8_temp_5/8-40c","Calibration: cooling fan bay off temperature 3min. Tunable map/constant (not a live channel); log to confirm fans/pumps switch at the right temperatures. (deg C; raw*5/8-40)"
"CAL_cooling_fan_bay_off_temp_2min","40008e5a","Data Label","u8_temp_5/8-40c","Calibration: cooling fan bay off temperature 2min. Tunable map/constant (not a live channel); log to confirm fans/pumps switch at the right temperatures. (deg C; raw*5/8-40)"
"CAL_ecu_ips_calibration_version","40008e5b","Data Label","uint8_t",""
"CAL_sensor_evap_purge_pressure_scaling","40008e5c","Data Label","uint8_t",""
"CAL_evap_purge_pressure_offset","40008e5d","Data Label","uint8_t",""
"CAL_cooling_fan_coolant_temp_threshold","40008e5e","Data Label","u8_temp_5/8-40c","Coolant temperature above which cooling fan activates  "
"CAL_cooling_fan_engine_bay_run_duration","40008e5f","Data Label","uint8_t",""
"CAL_cooling_fan_bay_idle_stationary_dwell","40008e60","Data Label","u8_time_s","Calibration: cooling fan bay idle stationary dwell. Tunable map/constant (not a live channel); log to confirm fans/pumps switch at the right temperatures. (s)"
"CAL_cooling_fan_bay_idle_temp_low","40008e61","Data Label","u8_temp_5/8-40c","Calibration: cooling fan bay idle temperature low. Tunable map/constant (not a live channel); log to confirm fans/pumps switch at the right temperatures. (deg C; raw*5/8-40)"
"CAL_cooling_fan_bay_restart_inhibit","40008e62","Data Label","u8_time_s","Calibration: cooling fan bay restart inhibit. Tunable map/constant (not a live channel); log to confirm fans/pumps switch at the right temperatures. (s)"
"CAL_fuel_level_debounce_window_low","40008e63","Data Label","u8_volume_1/10gallon","Calibration: fuel level debounce window low. Tunable map/constant (not a live channel); log to follow fuel delivery and mixture control. (gal; raw/10)"
"CAL_fuel_level_debounce_window_high","40008e65","Data Label","u8_volume_1/10gallon","Calibration: fuel level debounce window high. Tunable map/constant (not a live channel); log to follow fuel delivery and mixture control. (gal; raw/10)"
"CAL_fuel_level_update_holdoff","40008e66","Data Label","u8_count",""
"CAL_fuel_level_stable_count","40008e67","Data Label","u8_count",""
"CAL_load_alphaN_hold_time","40008e68","Data Label","u8_time_5ms","Calibration: load alphaN hold time. Tunable map/constant (not a live channel); log engine load -- the main axis for fueling and ignition. (ms; raw*5)"
"CAL_ign_comp_coolant_engine_stopped_max","40008e69","Data Label","uint8_t",""
"CAL_ign_comp_coolant_engine_stopped_min","40008e6a","Data Label","uint8_t",""
"CAL_tpssmooth_rate_calc_window_size","40008e6b","Data Label","uint8_t","Calibration: tpssmooth rate calculated window size. Tunable map/constant (not a live channel); log to see throttle-signal smoothing/filtering behavior."
"CAL_wheelspeed_vss_tire_circumference","40008e6c","Data Label","uint16_t","Calibration: vss tire circumference. Tunable map/constant (not a live channel); adjust to change this behavior."
"CAL_wheelspeed_vss_pulses_per_rev","40008e6e","Data Label","uint8_t","Calibration: vss pulses per rev. Tunable map/constant (not a live channel); adjust to change this behavior."
"CAL_dfco_pedal_ramp_step_interval","40008e6f","Data Label","undefined1",""
"CAL_inj_fuel_fillm_xtau_coeff","40008e70","Data Label","u8_factor_1/255","Calibration: injector fuel fillm xtau coeff. Tunable map/constant (not a live channel); log to verify injector pulse width and fuel delivery vs target. (0-1; raw/255)"
"CAL_ign_startup_comp_coolant_min","40008e71","Data Label","u8_temp_5/8-40c","Calibration: ignition startup compensation coolant min. Tunable map/constant (not a live channel); log spark advance to confirm the timing strategy and headroom to knock. (deg C; raw*5/8-40)"
"CAL_ign_startup_comp_coolant_max","40008e72","Data Label","u8_temp_5/8-40c","Calibration: ignition startup compensation coolant max. Tunable map/constant (not a live channel); log spark advance to confirm the timing strategy and headroom to knock. (deg C; raw*5/8-40)"
"CAL_ign_fixed_manual","40008e73","Data Label","u8_angle_1/4-10deg","Calibration: ignition fixed manual. Tunable map/constant (not a live channel); log spark advance to confirm the timing strategy and headroom to knock. (deg; raw/4-10)"
"CAL_torque_ext_torque_limit_hold_count","40008e74","Data Label","u8_time_10ms",""
"CAL_injtip_in_adj_gears","40008e75","Data Label","u8_factor_1/128[6]","Calibration: injtip in adj gears. Tunable map/constant (not a live channel); log to debug transient (tip-in/out) fueling stumbles and surge. (0-1; raw/128)"
"CAL_engine_accel_lookback_teeth","40008e7b","Data Label","uint8_t","Calibration: engine accelerator lookback teeth. Tunable map/constant (not a live channel); log to follow core engine state."
"CAL_knock_baseline_min_clamp","40008e7c","Data Label","uint8_t",""
"CAL_injtip_fuel_film_disable_default_coeff","40008e7d","Data Label","uint8_t",""
"CAL_ign_trim_per_cyl","40008e7e","Data Label","u8_angle_1/4-32deg[6]","Calibration: ignition trim per cylinder. Tunable map/constant (not a live channel); log spark advance to confirm the timing strategy and headroom to knock. (deg; raw/4-32)"
"CAL_ac_inhibit_coolant","40008e84","Data Label","u8_temp_5/8-40c[2]","Calibration: A/C inhibit coolant. Tunable map/constant (not a live channel); log to see A/C clutch engagement and its load/idle impact. (deg C; raw*5/8-40)"
"CAL_ac_inhibit_tps","40008e86","Data Label","u8_factor_1/255[2]","Calibration: A/C inhibit throttle position. Tunable map/constant (not a live channel); log to see throttle/pedal demand and throttle response. (0-1; raw/255)"
"CAL_ac_compressor_max_coolant_temp_max","40008e88","Data Label","uint8_t",""
"CAL_cooling_fan_low_on_engine_on","40008e89","Data Label","u8_temp_5/8-40c","Calibration: cooling fan low on engine on. Tunable map/constant (not a live channel); log to confirm fans/pumps switch at the right temperatures. (deg C; raw*5/8-40)"
"CAL_cooling_fan_low_off_engine_on","40008e8a","Data Label","u8_temp_5/8-40c","Calibration: cooling fan low off engine on. Tunable map/constant (not a live channel); log to confirm fans/pumps switch at the right temperatures. (deg C; raw*5/8-40)"
"CAL_cooling_fan_low_on_engine_off","40008e8b","Data Label","u8_temp_5/8-40c","Calibration: cooling fan low on engine off. Tunable map/constant (not a live channel); log to confirm fans/pumps switch at the right temperatures. (deg C; raw*5/8-40)"
"CAL_cooling_fan_low_off_engine_off","40008e8c","Data Label","u8_temp_5/8-40c","Calibration: cooling fan low off engine off. Tunable map/constant (not a live channel); log to confirm fans/pumps switch at the right temperatures. (deg C; raw*5/8-40)"
"CAL_cooling_fan_high_on_coolant","40008e8d","Data Label","u8_temp_5/8-40c","Calibration: cooling fan high on coolant. Tunable map/constant (not a live channel); log to confirm fans/pumps switch at the right temperatures. (deg C; raw*5/8-40)"
"CAL_cooling_fan_high_off_coolant","40008e8e","Data Label","u8_temp_5/8-40c","Calibration: cooling fan high off coolant. Tunable map/constant (not a live channel); log to confirm fans/pumps switch at the right temperatures. (deg C; raw*5/8-40)"
"CAL_cooling_fan_disable_carspeed","40008e8f","Data Label","u8_speed_kph","Calibration: cooling fan disable carspeed. Tunable map/constant (not a live channel); log to confirm fans/pumps switch at the right temperatures. (km/h)"
"CAL_idle_flow_integral_adj_max","40008e90","Data Label","u8_flow_100mg/s","Calibration: idle flow integral adj max. Tunable map/constant (not a live channel); log to diagnose idle quality\, hunting\, and stalls. (mg/s; raw*100)"
"CAL_idle_flow_integral_adj_max","40008e91","Data Label","u8_flow_100mg/s","Calibration: idle flow integral adj max. Tunable map/constant (not a live channel); log to diagnose idle quality\, hunting\, and stalls. (mg/s; raw*100)"
"CAL_ac_compressor_max_coolant_temp_min","40008e92","Data Label","uint8_t",""
"CAL_ac_compressor_max_throttle","40008e93","Data Label","uint8_t",""
"CAL_closedloop_activate_air_temp","40008e94","Data Label","u8_temp_5/8-40c","Calibration: closedloop activate air temperature. Tunable map/constant (not a live channel); log to watch O2 feedback trim the mixture and confirm the loop is active. (deg C; raw*5/8-40)"
"CAL_stft_steady_state_holdoff_ticks","40008e95","Data Label","u8_time_100ms",""
"CAL_cooling_fan_speed_disable_speed","40008e96","Data Label","uint8_t",""
"CAL_inj_max_duty_cycle_limit","40008e97","Data Label","uint8_t",""
"CAL_ac_inhibit_rpm","40008e98","Data Label","u8_rspeed_125/4+500rpm[2]","Calibration: A/C inhibit RPM. Tunable map/constant (not a live channel); log to see A/C clutch engagement and its load/idle impact. (RPM; raw*125/4+500)"
"CAL_ac_tps_inhibit_timer","40008e9a","Data Label","uint8_t","Calibration: A/C throttle position inhibit timer. Tunable map/constant (not a live channel); log to see throttle/pedal demand and throttle response."
"CAL_misc_engine_running_confirm_delay","40008e9b","Data Label","uint8_t","Calibration: misc engine running confirm delay. Tunable map/constant (not a live channel); log to follow core engine state."
"CAL_closedloop_lean_protect_max_rpm","40008e9c","Data Label","uint8_t",""
"CAL_cooling_recirc_pump_enable_temp","40008e9d","Data Label","u8_temp_5/8-40c","Calibration: cooling recirc pump enable temperature. Tunable map/constant (not a live channel); log to confirm fans/pumps switch at the right temperatures. (deg C; raw*5/8-40)"
"CAL_dfco_entry_pedal_max_clutch_coast","40008e9e","Data Label","u8_factor_1/255","Calibration: DFCO entry pedal max clutch coast. Tunable map/constant (not a live channel); log to see when fuel is cut and restored on deceleration. (0-1; raw/255)"
"CAL_torque_torque_to_tps_scaling_rpm_range_unknown","40008e9f","Data Label","u8_rspeed_125/4+500rpm[2]","Calibration: torque torque to throttle position scaling RPM range unknown. Tunable map/constant (not a live channel); log to see throttle/pedal demand and throttle response. (RPM; raw*125/4+500)"
"CAL_ecu_learning_x_axis_stability_threshold","40008ea1","Data Label","uint8_t","Calibration: ECU learning x axis stability threshold. Tunable map/constant (not a live channel); mostly housekeeping/diagnostic state."
"CAL_ecu_learning_y_axis_stability_threshold","40008ea2","Data Label","uint8_t",""
"CAL_wheelspeed_smoothing","40008ea3","Data Label","u8_factor_1/255","Calibration: unused wheelspeed smoothing. Tunable map/constant (not a live channel); adjust to change this behavior. (0-1; raw/255)"
"CAL_load_learning_enable_coolant_min","40008ea4","Data Label","u8_temp_5/8-40c",""
"CAL_ac_fan_startup_hold_time","40008ea5","Data Label","u8_time_s","Calibration: A/C fan startup hold time. Tunable map/constant (not a live channel); log to see A/C clutch engagement and its load/idle impact. (s)"
"CAL_sensor_coolant_temp_derived1_scaling","40008ea6","Data Label","uint8_t",""
"CAL_sensor_engine_air_reactivity","40008ea7","Data Label","u8_factor_1/2560","Calibration: sensor engine air reactivity. Tunable map/constant (not a live channel); log the raw sensor signal to check sensor health and range. (0-1; raw/2560)"
"CAL_sensor_coolant_reactivity","40008ea8","Data Label","u8_factor_1/2560","Calibration: sensor coolant reactivity. Tunable map/constant (not a live channel); log the raw sensor signal to check sensor health and range. (0-1; raw/2560)"
"CAL_sensor_intake_air_reactivity","40008ea9","Data Label","u8_factor_1/2560","Calibration: sensor intake air reactivity. Tunable map/constant (not a live channel); log the raw sensor signal to check sensor health and range. (0-1; raw/2560)"
"CAL_sensor_intake_air_temp_filter_scaling","40008eaa","Data Label","uint8_t",""
"CAL_fuel_level_filter_coeff_rise","40008eab","Data Label","u8_factor_1/255",""
"CAL_ac_inhibit_carspeed2","40008eac","Data Label","u8_speed_kph[2]","Calibration: A/C inhibit carspeed2. Tunable map/constant (not a live channel); log to see A/C clutch engagement and its load/idle impact. (km/h)"
"CAL_sensor_o2_heater_warmup_pwm_period","40008eae","Data Label","uint8_t",""
"CAL_ecu_ign_threshold","40008eaf","Data Label","u8_voltage_72/1023v","Calibration: ECU ignition threshold. Tunable map/constant (not a live channel); log spark advance to confirm the timing strategy and headroom to knock. (V; raw*72/1023)"
"CAL_dfco_entry_speed_min","40008eb0","Data Label","u8_speed_kph","Calibration: DFCO entry speed min. Tunable map/constant (not a live channel); log to see when fuel is cut and restored on deceleration. (km/h)"
"CAL_dfco_exit_speed_min_ips","40008eb1","Data Label","u8_speed_kph","Calibration: DFCO exit speed min IPS. Tunable map/constant (not a live channel); log to see when fuel is cut and restored on deceleration. (km/h)"
"CAL_ign_enable_lea_knock_retard","40008eb2","Data Label","bool","Calibration: ignition enable lea knock retard. Tunable map/constant (not a live channel); log spark advance to confirm the timing strategy and headroom to knock."
"CAL_sensor_o2_heater_warmup_duration","40008eb3","Data Label","uint8_t",""
"CAL_sensor_o2_heater_warmup_duration_plus1","40008eb4","Data Label","u16_time_5ms",""
"CAL_knock_retard1_limit","40008eb6","Data Label","u8_angle_1/4deg","Calibration: knock retard1 limit. Tunable map/constant (not a live channel); log to catch knock events and see how much timing is being pulled. (deg; raw/4)"
"CAL_knock_ign_retard_initial","40008eb7","Data Label","uint8_t","Calibration: knock ignition retard initial. Tunable map/constant (not a live channel); log spark advance to confirm the timing strategy and headroom to knock."
"CAL_knock_ign_retard_decay_rate","40008eb8","Data Label","u8_angle_1/4deg","Calibration: knock ignition retard decay rate. Tunable map/constant (not a live channel); log spark advance to confirm the timing strategy and headroom to knock. (deg; raw/4)"
"CAL_knock_octane_scaler_increment","40008eb9","Data Label","uint8_t","Calibration: knock octane scaler increment. Tunable map/constant (not a live channel); log to catch knock events and see how much timing is being pulled."
"CAL_knock_octane_scaler_decrement","40008eba","Data Label","uint8_t","Calibration: knock octane scaler decrement. Tunable map/constant (not a live channel); log to catch knock events and see how much timing is being pulled."
"CAL_knock_detection_engine_speed_max","40008ebb","Data Label","u8_rspeed_125/4+500rpm","Calibration: knock detection engine speed max. Tunable map/constant (not a live channel); log to catch knock events and see how much timing is being pulled. (RPM; raw*125/4+500)"
"CAL_knock_detection_engine_speed_min","40008ebc","Data Label","u8_rspeed_125/4+500rpm","Calibration: knock detection engine speed min. Tunable map/constant (not a live channel); log to catch knock events and see how much timing is being pulled. (RPM; raw*125/4+500)"
"CAL_knock_learning_enable_coolant_temp_min","40008ebd","Data Label","u8_temp_5/8-40c",""
"CAL_knock_signal_fadeout_step","40008ebe","Data Label","uint8_t","Calibration: knock signal fadeout step. Tunable map/constant (not a live channel); log to catch knock events and see how much timing is being pulled."
"CAL_injtip_dfco_enable_speed","40008ebf","Data Label","uint8_t",""
"CAL_knock_detection_engine_speed_margin","40008ec0","Data Label","u8_rspeed_125/4rpm","Calibration: knock detection engine speed margin. Tunable map/constant (not a live channel); log to catch knock events and see how much timing is being pulled. (RPM; raw*125/4)"
"CAL_knock_detection_load_margin_debounce","40008ec1","Data Label","u8_load_4mg/stroke","Calibration: knock detection load margin debounce. Tunable map/constant (not a live channel); log to catch knock events and see how much timing is being pulled. (mg/stroke; raw*4)"
"CAL_knock_inhibit_timer_tps_rate","40008ec2","Data Label","u8_time_5ms","Calibration: knock inhibit timer throttle position rate. Tunable map/constant (not a live channel); log to catch knock events and see how much timing is being pulled. (ms; raw*5)"
"CAL_knock_inhibit_tps_rate1","40008ec4","Data Label","u16_factor_1/1023","Calibration: knock inhibit throttle position rate1. Tunable map/constant (not a live channel); log to catch knock events and see how much timing is being pulled. (0-1; raw/1023)"
"CAL_knock_corr_limit","40008ec6","Data Label","uint8_t",""
"CAL_knock_retard_hold_time","40008ec7","Data Label","uint8_t",""
"CAL_knock_corr_temp_threshold","40008ec8","Data Label","uint8_t",""
"CAL_knock_corr_octane_base","40008ec9","Data Label","uint8_t",""
"CAL_knock_baseline_filter_alpha","40008eca","Data Label","uint8_t",""
"CAL_knock_baseline_filter_alpha","40008ecb","Data Label","uint8_t",""
"CAL_gap_after_knock_baseline_filter_alpha","40008ecc","Data Label","uchar",""
"CAL_dfco_vacuum_target","40008ecd","Data Label","uchar",""
"CAL_evap_purge_filter_alpha","40008ece","Data Label","u8_time_5ms",""
"CAL_obd_ii_idle_air_output_limit","40008ecf","Data Label","uchar",""
"CAL_obd_ii_idle_air_output_threshold","40008ed0","Data Label","uchar",""
"CAL_cooling_fan_high_on_coolant_with_ac","40008ed1","Data Label","u8_temp_5/8-40c","Calibration: cooling fan high on coolant with A/C. Tunable map/constant (not a live channel); log to confirm fans/pumps switch at the right temperatures. (deg C; raw*5/8-40)"
"CAL_cooling_fan_high_off_coolant_with_ac","40008ed2","Data Label","u8_temp_5/8-40c","Calibration: cooling fan high off coolant with A/C. Tunable map/constant (not a live channel); log to confirm fans/pumps switch at the right temperatures. (deg C; raw*5/8-40)"
"CAL_ign_comp_ac_compressor_active","40008ed3","Data Label","i8_angle_1/4deg","Calibration: ignition compensation A/C compressor active. Tunable map/constant (not a live channel); log spark advance to confirm the timing strategy and headroom to knock. (deg; raw/4)"
"CAL_engine_speed_3_threshold","40008ed4","Data Label","uchar",""
"CAL_injtip_in_adj_gears_6","40008ed5","Data Label","u8_factor_1/128","Calibration: injtip in adj gears 6. Tunable map/constant (not a live channel); log to debug transient (tip-in/out) fueling stumbles and surge. (0-1; raw/128)"
"CAL_engine_speed_avg_samples","40008ed6","Data Label","uint8_t","Calibration: engine speed avg samples. Tunable map/constant (not a live channel); log to follow core engine state."
"CAL_ac_inhibit_evap_temp","40008ed7","Data Label","uint8_t[2]","Calibration: A/C inhibit EVAP temperature. Tunable map/constant (not a live channel); log to see A/C clutch engagement and its load/idle impact."
"CAL_ac_evap_timer_ticks_5ms","40008ed9","Data Label","uint8_t",""
"CAL_ac_evap_timer_ticks_5ms2","40008eda","Data Label","uint8_t",""
"CAL_ac_evap_pid_derivative_filter_alpha","40008edb","Data Label","u8_factor_1/256",""
"CAL_idle_bypass_airflow_factor","40008edc","Data Label","uchar",""
"CAL_inj_comp_startup_default","40008edd","Data Label","uint8_t",""
"CAL_inj_comp_power_enrich_from_ign_retard","40008ede","Data Label","uint8_t",""
"CAL_inj_comp_enrichment_per_degree_ign_retard","40008edf","Data Label","u8_afr_1/100","Calibration: injector compensation enrichment per degree ignition retard. Tunable map/constant (not a live channel); log to verify injector pulse width and fuel delivery vs target. (AFR; raw/100)"
"CAL_fuel_learn_step_timeout","40008ee0","Data Label","u8_time_5ms",""
"CAL_fuel_learn_time_step","40008ee1","Data Label","uint8_t",""
"CAL_fuel_learn_time_step","40008ee2","Data Label","uint8_t",""
"CAL_sensor_accel_pedal_d_gain","40008ee3","Data Label","uchar",""
"CAL_sensor_accel_pedal_e_gain","40008ee4","Data Label","uchar",""
"CAL_tps_accel_pedal_zero_calibrate_timer","40008ee5","Data Label","uint8_t",""
"CAL_tps_accel_pedal_zero_calibrate_timer","40008ee6","Data Label","uint8_t",""
"CAL_sensor_map_avg_window_size","40008ee7","Data Label","u8_count",""
"CAL_ac_evap_freeze_inhibit_delay","40008ee8","Data Label","uint8_t",""
"CAL_ac_evap_temp_trend_period2","40008ee9","Data Label","uchar",""
"CAL_knock_agc_threshold","40008eea","Data Label","u8_rspeed_125/4+500rpm[3]","Calibration: knock AGC threshold. Tunable map/constant (not a live channel); log to catch knock events and see how much timing is being pulled. (RPM; raw*125/4+500)"
"CAL_knock_agc_hysteresis_band","40008eed","Data Label","u8_rspeed_125/4+500rpm","Calibration: knock AGC hysteresis band. Tunable map/constant (not a live channel); log to catch knock events and see how much timing is being pulled. (RPM; raw*125/4+500)"
"CAL_ac_load_ramp_steps","40008eee","Data Label","uchar",""
"CAL_ac_evap_target_temp","40008eef","Data Label","u8_temp_1/10C","Calibration: A/C EVAP target temperature. Tunable map/constant (not a live channel); log to see A/C clutch engagement and its load/idle impact. (deg C; raw/10)"
"CAL_ac_evap_pid_kd","40008ef0","Data Label","uint8_t",""
"CAL_ac_evap_pid_ki_warm","40008ef1","Data Label","uint8_t",""
"CAL_ac_evap_pid_integrator_limit","40008ef2","Data Label","uint8_t",""
"CAL_ac_output_pwm_freq","40008ef3","Data Label","uint8_t",""
"CAL_ac_pwm_dc_divisor","40008ef4","Data Label","uint16_t","Calibration: A/C pwm dc divisor. Tunable map/constant (not a live channel); log to see A/C clutch engagement and its load/idle impact."
"CAL_ac_pwm_dc_divisor_plus2","40008ef6","Data Label","undefined",""
"CAL_ac_compressor_soft_engage_time","40008ef7","Data Label","uint8_t","Calibration: A/C compressor soft engage time. Tunable map/constant (not a live channel); log to see A/C clutch engagement and its load/idle impact."
"CAL_cooling_fan_air_temp_threshold","40008ef8","Data Label","u8_temp_5/8-40c","Air temperature threshold for fan activation "
"CAL_ign_zero_rpm_threshold","40008ef9","Data Label","uint8_t",""
"CAL_ign_zero_rpm_threshold","40008efa","Data Label","uint8_t",""
"CAL_ign_comp_idle_transient_max_advance","40008efb","Data Label","u8_angle_1/4deg","Calibration: ignition compensation idle transient max advance. Tunable map/constant (not a live channel); log spark advance to confirm the timing strategy and headroom to knock. (deg; raw/4)"
"lCAL_idle_exit_rpm_offset","40008efc","Data Label","uchar",""
"CAL_engine_speed_accel_limit","40008efd","Data Label","uchar",""
"CAL_tps_delta_rate_limit","40008efe","Data Label","uchar",""
"CAL_tps_delta_rate_limit_next","40008eff","Data Label","uchar",""
"CAL_obd_o2_tps_transient_settle_ticks","40008f00","Data Label","ushort",""
"CAL_tps_delta_rate_limit_plus4","40008f02","Data Label","u8_speed_kph",""
"CAL_idle_car_moving_threshold","40008f03","Data Label","uint8_t",""
"CAL_knock_octane_scaler_shortterm_multiplier","40008f04","Data Label","uint8_t",""
"CAL_knock_octane_scaler_shortterm_decrement","40008f05","Data Label","uint8_t","Calibration: knock octane scaler shortterm decrement. Tunable map/constant (not a live channel); log to catch knock events and see how much timing is being pulled."
"CAL_cooling_recirc_enable_airtemp","40008f06","Data Label","uint8_t",""
"CAL_cooling_recirc_pump_run_ambient_min","40008f07","Data Label","u8_temp_5/8-40c","Calibration: cooling recirc pump run ambient min. Tunable map/constant (not a live channel); log to confirm fans/pumps switch at the right temperatures. (deg C; raw*5/8-40)"
"CAL_injtip_overrun_inhibit_timer","40008f08","Data Label","u16_time_5ms","Calibration: injtip overrun inhibit timer. Tunable map/constant (not a live channel); log to debug transient (tip-in/out) fueling stumbles and surge. (ms; raw*5)"
"CAL_injtip_overrun_inhibit_timer_plus2","40008f0a","Data Label","ushort",""
"CAL_ac_timer_unknown1","40008f0c","Data Label","uchar",""
"CAL_ac_load_slew_down_period","40008f0d","Data Label","uchar",""
"CAL_etb_tps1_max_count","40008f0e","Data Label","ushort",""
"CAL_ac_load_slew_up_step","40008f10","Data Label","uchar",""
"CAL_ac_load_slew_down_step","40008f11","Data Label","uchar",""
"CAL_etb_tps2_max_count","40008f12","Data Label","ushort",""
"CAL_etb_pwm_period","40008f14","Data Label","ushort",""
"CAL_torque_limit_low_speed_min_torque","40008f16","Data Label","u8_torque_nm",""
"CAL_ac_evap_pid_ki_cold","40008f17","Data Label","uint8_t",""
"CAL_ac_evap_pid_update_period_cold","40008f18","Data Label","u8_time_5ms",""
"CAL_temp_engine_air_threshold","40008f19","Data Label","uchar",""
"CAL_temp_engine_air_threshold_plus1","40008f1a","Data Label","ushort",""
"CAL_torque_limit_low_speed_rpm_threshold","40008f1c","Data Label","u16_rspeed_rpm",""
"CAL_throttle_model_voltage_scaler","40008f1e","Data Label","ushort",""
"CAL_injtip_overrun_hysteresis_timer","40008f20","Data Label","u16_time_5ms","Calibration: injtip overrun hysteresis timer. Tunable map/constant (not a live channel); log to debug transient (tip-in/out) fueling stumbles and surge. (ms; raw*5)"
"CAL_throttle_model_torque_gain","40008f22","Data Label","ushort",""
"CAL_injtip_overrun_hysteresis_timer_plus4","40008f24","Data Label","ushort",""
"CAL_etb_tps2_range_lo_frac","40008f26","Data Label","ushort",""
"CAL_tpssmooth_step_timer","40008f28","Data Label","uint16_t",""
"CAL_cooling_fan_inhibit_window_end_5s","40008f2a","Data Label","uint16_t",""
"CAL_tps_decrement_base","40008f2c","Data Label","u16_factor_1/1023","Calibration: throttle position decrement base. Tunable map/constant (not a live channel); log to see throttle/pedal demand and throttle response. (0-1; raw/1023)"
"CAL_dfco_rpm_offset_above_idle","40008f2e","Data Label","u8_rspeed_rpm",""
"CAL_cooling_engine_bay_fan_thermostat_detect_timeout_250ms","40008f2f","Data Label","u8_time_250ms",""
"CAL_cooling_recirc_pump_run_time_sec","40008f30","Data Label","uint8_t","Calibration: cooling recirc pump run time sec. Tunable map/constant (not a live channel); log to confirm fans/pumps switch at the right temperatures."
"CAL_ltft_step_min_interval_ticks","40008f31","Data Label","u8_time_100ms",""
"CAL_cooling_fan_thermostat_open_temp_drop","40008f32","Data Label","u8_temp_5/8-40c","Calibration: cooling fan thermostat open temperature drop. Tunable map/constant (not a live channel); log to confirm fans/pumps switch at the right temperatures. (deg C; raw*5/8-40)"
"CAL_cooling_engine_bay_fan_thermostat_check_period","40008f33","Data Label","u8_time_100ms",""
"CAL_idle_unknown4","40008f34","Data Label","uint8_t",""
"CAL_idle_unknown3","40008f35","Data Label","uint8_t",""
"CAL_cooling_engine_bay_fan_startup_inhibit_time","40008f36","Data Label","u8_time_250ms",""
"CAL_idle_carspeed_comp_decay_step_ac","40008f37","Data Label","u8_rspeed_rpm",""
"CAL_sensor_clutch_engaged_threshold","40008f38","Data Label","u16_voltage_5/1023v","Calibration: sensor clutch engaged threshold. Tunable map/constant (not a live channel); log the raw sensor signal to check sensor health and range. (V; raw*5/1023)"
"CAL_sensor_clutch_disengaged_threshold","40008f3a","Data Label","u16_voltage_5/1023v","Calibration: sensor clutch disengaged threshold. Tunable map/constant (not a live channel); log the raw sensor signal to check sensor health and range. (V; raw*5/1023)"
"CAL_cooling_recirc_pump_stopped_dwell","40008f3c","Data Label","u8_time_100ms",""
"CAL_tpssmooth_decrement_comp_gears_manual","40008f3d","Data Label","u8_factor_1/255[7]","Calibration: tpssmooth decrement compensation gears manual. Tunable map/constant (not a live channel); log to see throttle-signal smoothing/filtering behavior. (0-1; raw/255)"
"CAL_load_alphaN_learning_rpm_rate_max","40008f44","Data Label","uint16_t",""
"CAL_evap_purge_pwm_freq","40008f46","Data Label","uint16_t","Calibration: EVAP purge pwm freq. Tunable map/constant (not a live channel); adjust to change this behavior."
"CAL_ecu_engine_stopped_period_min","40008f48","Data Label","uint8_t",""
"CAL_closedloop_activate_timer_o2_check","40008f49","Data Label","uint8_t",""
"CAL_ecu_engine_running_period_max","40008f4a","Data Label","uint16_t",""
"CAL_revlimit_hard_hysteresis","40008f4c","Data Label","u16_rspeed_rpm","Calibration: revlimit hard hysteresis. Tunable map/constant (not a live channel); log to confirm where and how the rev limiter intervenes. (RPM)"
"CAL_misc_engine_detection_on","40008f4e","Data Label","u16_time_4us","Calibration: misc engine detection on. Tunable map/constant (not a live channel); log to follow core engine state. (us; raw*4)"
"CAL_misc_engine_detection_off","40008f50","Data Label","u16_time_4us","Calibration: misc engine detection off. Tunable map/constant (not a live channel); log to follow core engine state. (us; raw*4)"
"CAL_cooling_fan_high_off_min_time","40008f52","Data Label","u16_time_5ms","Calibration: cooling fan high off min time. Tunable map/constant (not a live channel); log to confirm fans/pumps switch at the right temperatures. (ms; raw*5)"
"CAL_closedloop_o2_warmup_time","40008f54","Data Label","u16_time_5ms","Calibration: closedloop O2 warmup time. Tunable map/constant (not a live channel); log to watch O2 feedback trim the mixture and confirm the loop is active. (ms; raw*5)"
"CAL_ecu_vehicle_mode_button_time","40008f56","Data Label","uint8_t",""
"CAL_trans_gear_ratio_tour","40008f57","Data Label","uint8_t",""
"CAL_ecu_gear_long_ratio","40008f58","Data Label","uint16_t[10]","Calibration: ECU gear long ratio. Tunable map/constant (not a live channel); mostly housekeeping/diagnostic state."
"CAL_closedloop_afr","40008f6c","Data Label","u16_afr_1/100","Calibration: closedloop AFR. Tunable map/constant (not a live channel); log to watch O2 feedback trim the mixture and confirm the loop is active. (AFR; raw/100)"
"CAL_closedloop_o2_sensor_voltage_switching_lean","40008f6e","Data Label","u16_voltage_5/1023v",""
"CAL_closedloop_o2_sensor_voltage_switch_rich","40008f70","Data Label","u16_voltage_5/1023v",""
"CAL_inj_stft_limit","40008f72","Data Label","i16_factor_1/20","Calibration: injector stft limit. Tunable map/constant (not a live channel); log to verify injector pulse width and fuel delivery vs target. (raw/20)"
"CAL_cooling_fan_1_afterrun_timer","40008f74","Data Label","u16_time_s","Calibration: cooling fan 1 afterrun timer. Tunable map/constant (not a live channel); log to confirm fans/pumps switch at the right temperatures. (s)"
"CAL_ecu_ign_off_relay_hold_time","40008f76","Data Label","uint16_t","Calibration: ECU ignition off relay hold time. Tunable map/constant (not a live channel); log spark advance to confirm the timing strategy and headroom to knock."
"CAL_ign_low_gear_number","40008f7a","Data Label","uint16_t",""
"CAL_cooling_fan_engine_bay_aux_afterrun_timer","40008f7c","Data Label","u16_time_s","Calibration: cooling fan engine bay aux afterrun timer. Tunable map/constant (not a live channel); log to confirm fans/pumps switch at the right temperatures. (s)"
"CAL_ac_inhibit_rpm_cutoff","40008f7e","Data Label","u8_rspeed_125/4+500rpm[2]","Calibration: A/C inhibit RPM cutoff. Tunable map/constant (not a live channel); log to see A/C clutch engagement and its load/idle impact. (RPM; raw*125/4+500)"
"CAL_ac_startup_lockout_time","40008f80","Data Label","u16_time_5ms","Calibration: A/C startup lockout time. Tunable map/constant (not a live channel); log to see A/C clutch engagement and its load/idle impact. (ms; raw*5)"
"CAL_load_learning_stabilization_delay","40008f82","Data Label","uint16_t","Calibration: load learning stabilization delay. Tunable map/constant (not a live channel); log engine load -- the main axis for fueling and ignition."
"CAL_tps_idle_to_current_ratio_threshold","40008f84","Data Label","uint16_t[2]","Calibration: throttle position idle to current ratio threshold. Tunable map/constant (not a live channel); log to diagnose idle quality\, hunting\, and stalls."
"CAL_load_learning_min_maf_accumulated","40008f88","Data Label","u16_mass_mg",""
"CAL_load_learning_holdoff_delay","40008f8a","Data Label","uint16_t","Calibration: load learning holdoff delay. Tunable map/constant (not a live channel); log engine load -- the main axis for fueling and ignition."
"CAL_cruise_accel_pedal_override_threshold_exit","40008f8c","Data Label","u8_factor_1/1023","Calibration: cruise accelerator pedal override threshold exit. Tunable map/constant (not a live channel); log to debug cruise engagement and speed holding. (0-1; raw/1023)"
"CAL_cruise_accel_pedal_override_threshold_enter","40008f8d","Data Label","u8_factor_1/1023","Calibration: cruise accelerator pedal override threshold enter. Tunable map/constant (not a live channel); log to debug cruise engagement and speed holding. (0-1; raw/1023)"
"CAL_ecu_2gr_cylinder_air_mass_mg","40008f8e","Data Label","u16_mass_mg","Calibration: ECU 2gr cylinder air mass mg. Tunable map/constant (not a live channel); mostly housekeeping/diagnostic state. (mg)"
"CAL_ecu_2gr_cylinder_air_mass_mg_obd_ii","40008f90","Data Label","u16_mass_mg","Calibration: ECU 2gr cylinder air mass mg OBD. Tunable map/constant (not a live channel); mostly housekeeping/diagnostic state. (mg)"
"CAL_idle_unknown3","40008f92","Data Label","uint8_t",""
"CAL_idle_air_control_unknown","40008f93","Data Label","uint8_t",""
"CAL_injtip_tipout_decay_rate_divider","40008f94","Data Label","uint8_t",""
"CAL_vehicle_moving_speed_min","40008f95","Data Label","u8_speed_kph","Calibration: vehicle moving speed min. Tunable map/constant (not a live channel); adjust to change this behavior. (km/h)"
"CAL_tpssmooth_decrement_cruise_scale","40008f96","Data Label","u8_factor_1/255",""
"CAL_idle_unknown2","40008f97","Data Label","uint8_t",""
"CAL_idle_unknown1","40008f98","Data Label","u8_rspeed_8rpm",""
"CAL_cruise_resume_timer","40008f99","Data Label","uint8_t",""
"CAL_sensor_maf_buffer_size","40008f9a","Data Label","uint8_t",""
"CAL_injtip_out_threshold","40008f9b","Data Label","uint8_t",""
"CAL_sensor_maf_adc_avg_window_depth","40008f9c","Data Label","uint8_t","Calibration: sensor MAF ADC avg window depth. Tunable map/constant (not a live channel); log the raw sensor signal to check sensor health and range."
"CAL_closedloop_stft_ramp_interval_manual","40008f9d","Data Label","uint8_t",""
"CAL_injtip_time_base","40008f9e","Data Label","u8_time_us","Calibration: injtip time base. Tunable map/constant (not a live channel); log to debug transient (tip-in/out) fueling stumbles and surge. (us)"
"CAL_tps_delta_rate_window_size","40008f9f","Data Label","u8_count","Calibration: throttle position delta rate window size. Tunable map/constant (not a live channel); log to see throttle/pedal demand and throttle response."
"CAL_injtip_in_decay_count","40008fa0","Data Label","u8_count",""
"CAL_injtip_out_decay_count","40008fa1","Data Label","u8_count",""
"CAL_injtip_in_threshold","40008fa2","Data Label","u16_factor_1/1023[2]","Calibration: injtip in threshold. Tunable map/constant (not a live channel); log to debug transient (tip-in/out) fueling stumbles and surge. (0-1; raw/1023)"
"CAL_tps_delta_neg_clamp","40008fa6","Data Label","uint16_t",""
"CAL_tps_delta_neg_threshold","40008fa8","Data Label","uint16_t",""
"CAL_closedloop_integration_period","40008faa","Data Label","u8_time_5ms","Calibration: closedloop integration period. Tunable map/constant (not a live channel); log to watch O2 feedback trim the mixture and confirm the loop is active. (ms; raw*5)"
"CAL_closedloop_prop_gain_rich_slow_switch_scale","40008fab","Data Label","u8_factor_1/64","Calibration: closed loop prop gain rich slow switch scale. Tunable map/constant (not a live channel); adjust to change this behavior. (0-1; raw/64)"
"CAL_closedloop_enable_iat_min","40008fac","Data Label","u8_temp_5/8-40c","Calibration: closed loop enable intake-air temp min. Tunable map/constant (not a live channel); adjust to change this behavior. (deg C; raw*5/8-40)"
"CAL_closedloop_fuel_level_min","40008fad","Data Label","u8_volume_liter","Calibration: closed loop fuel level min. Tunable map/constant (not a live channel); log to follow fuel delivery and mixture control. (L)"
"CAL_cluster_shift_light_deadband_rpm","40008fae","Data Label","u16_rspeed_rpm","Calibration: cluster shift light deadband RPM. Tunable map/constant (not a live channel); log to check what the ECU sends the dash (gauges/warnings). (RPM)"
"CAL_tps_warmup_max","40008fb0","Data Label","u16_factor_1/1023",""
"CAL_tps_commanded_wamup_min","40008fb2","Data Label","u16_factor_1/1023","Calibration: throttle position commanded wamup min. Tunable map/constant (not a live channel); log to see throttle/pedal demand and throttle response. (0-1; raw/1023)"
"CAL_idle_tps_max","40008fb4","Data Label","u16_factor_1/1023","Calibration: idle throttle position max. Tunable map/constant (not a live channel); log to diagnose idle quality\, hunting\, and stalls. (0-1; raw/1023)"
"CAL_dfco_exit_pedal_min","40008fb6","Data Label","u8_factor_1/1023","Calibration: DFCO exit pedal min. Tunable map/constant (not a live channel); log to see when fuel is cut and restored on deceleration. (0-1; raw/1023)"
"CAL_dfco_entry_pedal_max","40008fb7","Data Label","u8_factor_1/1023","Calibration: DFCO entry pedal max. Tunable map/constant (not a live channel); log to see when fuel is cut and restored on deceleration. (0-1; raw/1023)"
"CAL_fuel_reserve_size","40008fb8","Data Label","u8_volume_liter","Calibration: fuel reserve size. Tunable map/constant (not a live channel); log to follow fuel delivery and mixture control. (L)"
"CAL_fuel_level_filter_coeff_fall","40008fb9","Data Label","u8_factor_1/255",""
"CAL_cruise_integrator_clamp","40008fba","Data Label","u8_factor_1/255",""
"CAL_cruise_derivative_clamp","40008fbb","Data Label","u8_factor_1/255",""
"CAL_dfco_entry_temp_min","40008fbc","Data Label","u8_temp_5/8-40c","Calibration: DFCO entry temperature min. Tunable map/constant (not a live channel); log to see when fuel is cut and restored on deceleration. (deg C; raw*5/8-40)"
"CAL_dfco_exit_temp_max","40008fbd","Data Label","u8_temp_5/8-40c","Calibration: DFCO exit temperature max. Tunable map/constant (not a live channel); log to see when fuel is cut and restored on deceleration. (deg C; raw*5/8-40)"
"CAL_dfco_cyl_ramp_length","40008fbe","Data Label","uint8_t","Calibration: DFCO cylinder ramp length. Tunable map/constant (not a live channel); log to see when fuel is cut and restored on deceleration."
"CAL_idle_tps_max_opening","40008fbf","Data Label","uint8_t",""
"CAL_engine_speed_unknown5","40008fc0","Data Label","uint8_t",""
"CAL_dfco_entry_min_runtime","40008fc1","Data Label","u8_time_50ms","Calibration: DFCO entry min runtime. Tunable map/constant (not a live channel); log to see when fuel is cut and restored on deceleration. (ms; raw*50)"
"CAL_load_alphaN_max_rpm","40008fc2","Data Label","u16_rspeed_rpm","Calibration: load alphaN max RPM. Tunable map/constant (not a live channel); log engine load -- the main axis for fueling and ignition. (RPM)"
"CAL_load_alphaN_tps_rate_closing_threshold","40008fc4","Data Label","u16_factor_1/255","Calibration: load alphaN throttle position rate closing threshold. Tunable map/constant (not a live channel); log to see throttle/pedal demand and throttle response. (0-1; raw/255)"
"CAL_injtip_dfco_enable_accel_pedal","40008fc6","Data Label","uint16_t",""
"CAL_cluster_fuel_level_zero_clip_threshold","40008fc8","Data Label","uint16_t",""
"CAL_injtip_dfco_enable_temp","40008fca","Data Label","uint16_t",""
"CAL_closedloop_enable_baro_min","40008fcc","Data Label","u16_pressure_mbar","Calibration: closed loop enable barometric min. Tunable map/constant (not a live channel); adjust to change this behavior. (mbar)"
"CAL_injtip_dfco_min_runtime","40008fce","Data Label","uint8_t",""
"CAL_evap_commanded_purge_unknown","40008fcf","Data Label","uint8_t",""
"CAL_closedloop_fuel_learn_baro_min","40008fd0","Data Label","uint8_t",""
"CAL_closedloop_fuel_learn_baro_min","40008fd1","Data Label","uint8_t",""
"CAL_exhaust_flap_sport_mode_enable","40008fd2","Data Label","uint8_t",""
"CAL_exhaust_flap_tour_mode_enable","40008fd3","Data Label","uint8_t",""
"CAL_vvt_pwm_driver_divisor","40008fd4","Data Label","uint16_t","Calibration: VVT pwm driver divisor. Tunable map/constant (not a live channel); log commanded vs actual cam timing to verify VVT response."
"CAL_acis_open_rpm","40008fd6","Data Label","u16_rspeed_rpm","Calibration: acis open RPM. Tunable map/constant (not a live channel); adjust to change this behavior. (RPM)"
"CAL_acis_close_rpm","40008fd8","Data Label","u16_rspeed_rpm","Calibration: acis close RPM. Tunable map/constant (not a live channel); adjust to change this behavior. (RPM)"
"CAL_acis_close_load","40008fda","Data Label","u8_load_4mg/stroke","Calibration: acis close load. Tunable map/constant (not a live channel); log engine load -- the main axis for fueling and ignition. (mg/stroke; raw*4)"
"CAL_acis_open_load","40008fdb","Data Label","u8_load_4mg/stroke","Calibration: acis open load. Tunable map/constant (not a live channel); log engine load -- the main axis for fueling and ignition. (mg/stroke; raw*4)"
"CAL_idle_carspeed_comp_decay_step","40008fdc","Data Label","u8_rspeed_rpm",""
"CAL_cruise_derivative_term_limit","40008fdd","Data Label","uint8_t",""
"CAL_cruise_speed_error_limit","40008fde","Data Label","u8_speed_kph","Calibration: cruise speed error limit. Tunable map/constant (not a live channel); log to debug cruise engagement and speed holding. (km/h)"
"CAL_cruise_integral_term_limit","40008fdf","Data Label","u8_factor_1/100","Calibration: cruise integral term limit. Tunable map/constant (not a live channel); log to debug cruise engagement and speed holding. (0-1; raw/100)"
"CAL_injtip_dfco_enable_rpm_manual_clutch_disengage","40008fe0","Data Label","uint8_t",""
"CAL_dfco_entry_rpm_clutch_coast","40008fe1","Data Label","u8_rspeed_10rpm","Calibration: DFCO entry RPM clutch coast. Tunable map/constant (not a live channel); log to see when fuel is cut and restored on deceleration. (RPM; raw*10)"
"CAL_vvt_error_gain_startup","40008fe2","Data Label","u16_factor_1/255",""
"CAL_vvt_integral_gain","40008fe4","Data Label","uint16_t","Calibration: VVT integral gain. Tunable map/constant (not a live channel); log commanded vs actual cam timing to verify VVT response."
"CAL_idle_flow_adj1_maf_accum_max","40008fe6","Data Label","u16_mass_g","Calibration: idle flow adj1 MAF accum max. Tunable map/constant (not a live channel); log to diagnose idle quality\, hunting\, and stalls. (g)"
"CAL_idle_flow_adj1_maf_accum_max_plus2","40008fe8","Data Label","u16_factor_1/255",""
"CAL_cooling_recirc_pump_rpm_max_disable","40008fea","Data Label","u16_rspeed_rpm","Calibration: cooling recirc pump RPM max disable. Tunable map/constant (not a live channel); log to confirm fans/pumps switch at the right temperatures. (RPM)"
"CAL_closedloop_stft_increment_period","40008fec","Data Label","uint16_t",""
"CAL_cooling_recirc_enginespeed_disable_engine_on","40008fee","Data Label","uint16_t",""
"CAL_revlimit_offset_reset_timer","40008ff0","Data Label","u16_rspeed_rpm","Calibration: revlimit offset reset timer. Tunable map/constant (not a live channel); log to confirm where and how the rev limiter intervenes. (RPM)"
"CAL_load_alphaN_tps_rate_opening_threshold","40008ff2","Data Label","u16_factor_1/255","Calibration: load alphaN throttle position rate opening threshold. Tunable map/constant (not a live channel); log to see throttle/pedal demand and throttle response. (0-1; raw/255)"
"CAL_ecu_gear_long_ratio_topgear","40008ff4","Data Label","uint16_t[2]","Calibration: ECU gear long ratio topgear. Tunable map/constant (not a live channel); mostly housekeeping/diagnostic state."
"CAL_revlimit_fuelcut_hysteresis","40008ff8","Data Label","uint8_t",""
"CAL_evap_vacuum_unknown1","40008ff9","Data Label","uint8_t",""
"CAL_maf_flow_1_threshold","40008ffa","Data Label","ushort",""
"CAL_engine_speed_16bit_threshold","40008ffc","Data Label","ushort",""
"CAL_maf_flow_1_threshold_0","40008ffe","Data Label","ushort",""
"CAL_maf_flow_1_threshold_1","40009000","Data Label","ushort",""
"CAL_maf_flow_1_threshold_1_plus2","40009002","Data Label","ushort",""
"CAL_load_mass_per_stroke_raw_limit","40009004","Data Label","ushort",""
"CAL_maf_flow_1_threshold_2","40009006","Data Label","ushort",""
"CAL_load_mass_per_stroke_raw_limit_0","40009008","Data Label","ushort",""
"CAL_closedloop_enable_ect_min","4000900a","Data Label","u8_temp_5/8-40c","Calibration: closed loop enable coolant temp min. Tunable map/constant (not a live channel); adjust to change this behavior. (deg C; raw*5/8-40)"
"CAL_closedloop_fuel_learn_coolant_min","4000900b","Data Label","uint8_t",""
"CAL_closedloop_fuel_learn_coolant_min_plus1","4000900c","Data Label","ushort",""
"CAL_closedloop_fuel_learn_coolant_min_plus3","4000900e","Data Label","ushort",""
"CAL_fuel_learn_lean_time_limit","40009010","Data Label","uint8_t",""
"CAL_fuel_learn_rich_time_limit","40009011","Data Label","uint8_t",""
"CAL_obd_ii_fuel_learn_zone_2_bank1_threshold","40009012","Data Label","uchar",""
"CAL_obd_ii_fuel_learn_zone_2_bank1_limit","40009013","Data Label","uchar",""
"CAL_closedloop_o2_sensor_threshold_rich","40009014","Data Label","uint8_t",""
"CAL_closedloop_o2_sensor_threshold_lean","40009015","Data Label","uint8_t",""
"CAL_closedloop_proportional_gain_rich_ips","40009016","Data Label","i16_factor_1/20","Calibration: closedloop proportional gain rich IPS. Tunable map/constant (not a live channel); log to watch O2 feedback trim the mixture and confirm the loop is active."
"CAL_closedloop_proportional_gain_lean_ips","40009018","Data Label","i16_factor_1/20","Calibration: closedloop proportional gain lean IPS. Tunable map/constant (not a live channel); log to watch O2 feedback trim the mixture and confirm the loop is active."
"CAL_closedloop_integral_gain_ips","4000901a","Data Label","i16_factor_1/20","Calibration: closedloop integral gain IPS. Tunable map/constant (not a live channel); log to watch O2 feedback trim the mixture and confirm the loop is active."
"CAL_closedloop_derivative_gain_ips","4000901c","Data Label","i16_factor_1/20","Calibration: closedloop derivative gain IPS. Tunable map/constant (not a live channel); log to watch O2 feedback trim the mixture and confirm the loop is active."
"CAL_closedloop_o2_rich_threshold","4000901e","Data Label","u16_voltage_5/1023v","Calibration: closedloop O2 rich threshold. Tunable map/constant (not a live channel); log to watch O2 feedback trim the mixture and confirm the loop is active. (V; raw*5/1023)"
"CAL_closedloop_o2_lean_threshold","40009020","Data Label","u16_voltage_5/1023v","Calibration: closedloop O2 lean threshold. Tunable map/constant (not a live channel); log to watch O2 feedback trim the mixture and confirm the loop is active. (V; raw*5/1023)"
"CAL_revlimit_startup_offset_decrement","40009022","Data Label","uint16_t",""
"CAL_inj_flow_rate","40009024","Data Label","u16_flow_mg/s","Calibration: injector flow rate. Tunable map/constant (not a live channel); log to verify injector pulse width and fuel delivery vs target. (mg/s)"
"CAL_tps_limit_idle_request_max","40009026","Data Label","u16_factor_1/1023","Calibration: throttle position idle request max. Tunable map/constant (not a live channel); log to diagnose idle quality\, hunting\, and stalls. (0-1; raw/1023)"
"CAL_idle_rpm_ramp_step","40009028","Data Label","u8_rspeed_rpm",""
"CAL_tps_limit_misfire_single_bank","40009029","Data Label","u8_factor_1/255","Calibration: throttle position limit misfire single bank. Tunable map/constant (not a live channel); log to find misfires and which cylinder is responsible. (0-1; raw/255)"
"CAL_airbox_flapper_engine_speed_tour","4000902a","Data Label","uint16_t[2]","Calibration: airbox flapper engine speed tour. Tunable map/constant (not a live channel); log to follow core engine state."
"CAL_ign_idle_recovery_period","4000902e","Data Label","u8_time_5ms","Calibration: ignition idle recovery period 5ms. Tunable map/constant (not a live channel); log spark advance to confirm the timing strategy and headroom to knock. (ms; raw*5)"
"CAL_torque_tps_gain","4000902f","Data Label","u8_factor_1/255","Calibration: torque throttle position gain. Tunable map/constant (not a live channel); log to see throttle/pedal demand and throttle response. (0-1; raw/255)"
"CAL_cruise_speed_limit","40009030","Data Label","u8_speed_kph[2]","Calibration: cruise speed limit. Tunable map/constant (not a live channel); log to debug cruise engagement and speed holding. (km/h)"
"CAL_cruise_max_rpm_factor_manual","40009032","Data Label","u8_factor_1/255",""
"CAL_cruise_min_rpm_factor_manual","40009033","Data Label","u8_factor_1/255",""
"CAL_cruise_speed_deadband","40009034","Data Label","u8_speed_kph","Calibration: cruise speed deadband. Tunable map/constant (not a live channel); log to debug cruise engagement and speed holding. (km/h)"
"CAL_ign_zero_load_threshold","40009035","Data Label","uint8_t",""
"CAL_ign_zero_gear","40009036","Data Label","uint8_t",""
"CAL_tps_limit_severe_misfire_multi_cut","40009037","Data Label","u8_factor_1/255","Calibration: throttle position limit severe misfire multi cut. Tunable map/constant (not a live channel); log to find misfires and which cylinder is responsible. (0-1; raw/255)"
"CAL_tps_limit_severe_misfire_1_cut","40009038","Data Label","u8_factor_1/255","Calibration: throttle position limit severe misfire 1 cut. Tunable map/constant (not a live channel); log to find misfires and which cylinder is responsible. (0-1; raw/255)"
"CAL_tps_limit_severe_misfire_no_cut","40009039","Data Label","u8_factor_1/255","Calibration: throttle position limit severe misfire no cut. Tunable map/constant (not a live channel); log to find misfires and which cylinder is responsible. (0-1; raw/255)"
"CAL_ign_comp_recovery_timer","4000903a","Data Label","uint16_t",""
"CAL_cruise_speed_increment","4000903c","Data Label","u8_speed_1/10kph","Calibration: cruise speed increment. Tunable map/constant (not a live channel); log to debug cruise engagement and speed holding. (km/h; raw/10)"
"CAL_cruise_speed_decrement","4000903d","Data Label","uint8_t",""
"CAL_cruise_speed_increment2","4000903e","Data Label","uint8_t",""
"CAL_cooling_recirc_airtemp_disable_engine_on","4000903f","Data Label","uint8_t",""
"CAL_tps_limit_warmup_coolant_max","40009040","Data Label","u8_temp_5/8-40c",""
"CAL_tps_limit_warmup_stepsize","40009041","Data Label","u8_factor_1/1023","Calibration: throttle position limit warmup stepsize. Tunable map/constant (not a live channel); log to see throttle/pedal demand and throttle response. (0-1; raw/1023)"
"CAL_ecu_brake_or_clutch_inactive_timer","40009042","Data Label","uint16_t",""
"CAL_cooling_recirc_rpm_enable_engine_on","40009044","Data Label","uint8_t",""
"CAL_cooling_afterrun_fan_timer_unknown","40009045","Data Label","uint8_t","Calibration: cooling afterrun fan timer unknown. Tunable map/constant (not a live channel); log to confirm fans/pumps switch at the right temperatures."
"CAL_tpms_version","40009046","Data Label","uint8_t","Calibration: tpms version. Tunable map/constant (not a live channel); adjust to change this behavior."
"CAL_fuel_level_change_threshold","40009047","Data Label","u8_volume_liter",""
"CAL_fuel_trim_integral_max","40009048","Data Label","uint16_t",""
"CAL_cooling_recirc_pump_run_ambient_max","4000904a","Data Label","u8_temp_5/8-40c","Calibration: cooling recirc pump run ambient max. Tunable map/constant (not a live channel); log to confirm fans/pumps switch at the right temperatures. (deg C; raw*5/8-40)"
"CAL_load_cylinder_volume","4000904b","Data Label","uint8_t",""
"CAL_cooling_recirc_pump_rpm_max_enable","4000904c","Data Label","u16_rspeed_rpm","Calibration: cooling recirc pump RPM max enable. Tunable map/constant (not a live channel); log to confirm fans/pumps switch at the right temperatures. (RPM)"
"CAL_tpssmooth_decrement_comp_gears_ips","4000904e","Data Label","u8_factor_1/255[7]","Calibration: tpssmooth decrement compensation gears IPS. Tunable map/constant (not a live channel); log to see throttle-signal smoothing/filtering behavior. (0-1; raw/255)"
"CAL_closedloop_integral_gain_startup_duration","40009055","Data Label","uint8_t",""
"CAL_closedloop_o2_breakin_window_hours","40009056","Data Label","u8_time_hours"," u8_time_hours; maximum engine run time before long-term fuel trim adaptation stops updating"
"CAL_closedloop_integral_gain_scale_manual","40009057","Data Label","uint8_t",""
"CAL_closedloop_hold_time","40009058","Data Label","uint8_t","Calibration: closedloop hold time. Tunable map/constant (not a live channel); log to watch O2 feedback trim the mixture and confirm the loop is active."
"CAL_idle_air_fast_decay_period","40009059","Data Label","u8_time_ms",""
"CAL_exhaust_flap_rpm1","4000905a","Data Label","u16_rspeed_rpm","Calibration: exhaust flap rpm1. Tunable map/constant (not a live channel); log to see exhaust bypass valve position (sound/backpressure). (RPM)"
"CAL_exhaust_flap_rpm2","4000905c","Data Label","u16_rspeed_rpm","Calibration: exhaust flap rpm2. Tunable map/constant (not a live channel); log to see exhaust bypass valve position (sound/backpressure). (RPM)"
"CAL_closedloop_entry_delay_time_cruise","4000905f","Data Label","uint8_t",""
"CAL_closedloop_entry_delay_power_enrich","40009060","Data Label","uint8_t",""
"CAL_cruise_max_rpm_factor_ips","40009061","Data Label","u8_factor_1/255",""
"CAL_cruise_min_rpm_factor_ips","40009062","Data Label","u8_factor_1/255",""
"CAL_exhaust_flap_startup_delay","40009063","Data Label","u8_time_100ms","Calibration: exhaust flap startup delay. Tunable map/constant (not a live channel); log to see exhaust bypass valve position (sound/backpressure). (ms; raw*100)"
"CAL_revlimit_flow_correction_p_limit","40009064","Data Label","u8_flow_g/s",""
"CAL_exhaust_flap_RPM_threshold_open","40009065","Data Label","uint8_t",""
"CAL_revlimit_maf_limit_unknown","40009066","Data Label","u8_flow_10mg/s",""
"CAL_revlimit_flow_proportional_term","40009067","Data Label","uint8_t",""
"CAL_revlimit_flow_integral_limit","40009068","Data Label","uint8_t",""
"CAL_revlimit_maf_error_max","40009069","Data Label","u8_flow_100mg/s",""
"CAL_roughness_enable_rpm","4000906a","Data Label","u16_rspeed_1/4rpm[2]","Calibration: roughness enable RPM. Tunable map/constant (not a live channel); log to find misfires and rough-running cylinders. (RPM; raw/4)"
"CAL_roughness_enable_load","4000906e","Data Label","u8_load_4mg/stroke[2]","Calibration: roughness enable load. Tunable map/constant (not a live channel); log to find misfires and rough-running cylinders. (mg/stroke; raw*4)"
"CAL_roughness_unknown6","40009070","Data Label","uint8_t",""
"CAL_roughness_unknown8","40009071","Data Label","uint8_t",""
"CAL_roughness_delta_rpm_smoothing_factor","40009072","Data Label","u8_factor_1/100","Calibration: roughness delta RPM smoothing factor. Tunable map/constant (not a live channel); log to find misfires and rough-running cylinders. (0-1; raw/100)"
"CAL_roughness_min_edge_count","40009073","Data Label","u8_count",""
"CAL_roughness_cycle_count_threshold","40009074","Data Label","u8_count","Calibration: roughness cycle count threshold. Tunable map/constant (not a live channel); log to find misfires and rough-running cylinders."
"CAL_roughness_peak_valley_imblance_threshold","40009075","Data Label","uint8_t",""
"CAL_roughness_unknown2","40009076","Data Label","uint8_t",""
"CAL_roughness_peak_valley_imbalance_threshold","40009077","Data Label","u8_count","Calibration: roughness peak valley imbalance threshold. Tunable map/constant (not a live channel); log to find misfires and rough-running cylinders."
"CAL_roughness_unknown5","40009078","Data Label","uint8_t",""
"CAL_roughness_unknown4","40009079","Data Label","uint8_t",""
"CAL_roughness_ign_adv_min_sign_flipped","4000907a","Data Label","u8_angle_1/4deg","Calibration: roughness ignition advance min sign flipped. Tunable map/constant (not a live channel); log spark advance to confirm the timing strategy and headroom to knock. (deg; raw/4)"
"CAL_roughness_ign_adv_max","4000907b","Data Label","u8_angle_1/4deg","Calibration: roughness ignition advance max. Tunable map/constant (not a live channel); log spark advance to confirm the timing strategy and headroom to knock. (deg; raw/4)"
"CAL_roughness_unknown7","4000907c","Data Label","uint8_t",""
"CAL_wheel_speed_front_dvdt_scaling","4000907d","Data Label","u8_factor_1/256",""
"CAL_wheel_speed_front_accel_update_interval","4000907e","Data Label","uint8_t",""
"CAL_ecu_engine_breakin_distance","4000907f","Data Label","uint8_t",""
"CAL_vehicle_standing_start_throttle_threshold","40009080","Data Label","u8_accel_1/255g",""
"CAL_revlimit_tps_cut_enable","40009081","Data Label","bool","Calibration: revlimit throttle position cut enable. Tunable map/constant (not a live channel); log to confirm where and how the rev limiter intervenes."
"CAL_revlimit_exit_margin","40009082","Data Label","u8_rspeed_10rpm"," RPM margin below the soft limit required to fully exit rev limit mode and reset all state"
"CAL_revlimit_time_above_soft_threshold","40009083","Data Label","u8_time_100ms","Calibration: revlimit time above soft threshold. Tunable map/constant (not a live channel); log to confirm where and how the rev limiter intervenes. (ms; raw*100)"
"CAL_revlimit_max_with_speedlimit","40009084","Data Label","u16_rspeed_rpm","Calibration: revlimit max with speedlimit. Tunable map/constant (not a live channel); log to confirm where and how the rev limiter intervenes. (RPM)"
"CAL_vehicle_speed_limit","40009086","Data Label","u8_speed_kph","Calibration: vehicle speed limit. Tunable map/constant (not a live channel); adjust to change this behavior. (km/h)"
"CAL_revlimit_bounce_count_threshold","40009087","Data Label","uint8_t","The number of rev limit bounces before sustained rev limit mode and aggressive throttle management engage."
"CAL_vehicle_speed_limit_enforce","40009088","Data Label","bool","Calibration: vehicle speed limit enforce. Tunable map/constant (not a live channel); adjust to change this behavior."
"CAL_vehicle_speed_limit_enforce_margin","40009089","Data Label","u8_speed_1/100kph","Calibration: vehicle speed limit enforce margin. Tunable map/constant (not a live channel); adjust to change this behavior. (km/h; raw/100)"
"CAL_cruise_tps_accelerating_threshold","4000908a","Data Label","uint16_t",""
"CAL_idle_rpm_ramp_step_ips","4000908e","Data Label","uint8_t",""
"CAL_cruise_tps_override_threshold","4000908f","Data Label","u8_factor_1/255","Calibration: cruise throttle position override threshold. Tunable map/constant (not a live channel); log to see throttle/pedal demand and throttle response. (0-1; raw/255)"
"CAL_ign_fixed_timing_ips","40009090","Data Label","uint8_t",""
"CAL_ign_fixed_ips","40009091","Data Label","u8_angle_1/4-10deg","Calibration: ignition fixed IPS. Tunable map/constant (not a live channel); log spark advance to confirm the timing strategy and headroom to knock. (deg; raw/4-10)"
"CAL_knock_freq_band_centers","40009092","Data Label","uint16_t",""
"CAL_tps_brake_wheeldecel_threshold","400090a8","Data Label","undefined1",""
"CAL_tps_brake_safety_floor","400090a9","Data Label","u8_factor_1/100","Calibration: throttle position brake safety floor. Tunable map/constant (not a live channel); log to see throttle/pedal demand and throttle response. (0-1; raw/100)"
"CAL_tps_brake_wheeldecel_tps_cut_threshold","400090ac","Data Label","uint8_t",""
"CAL_cruise_torque_request_braking","400090ad","Data Label","u8_torque_2nm",""
"CAL_cruise_brake_standstill_timer","400090ae","Data Label","u16_time_10ms",""
"CAL_knock_agc_scaling_threshold","400090b0","Data Label","uint16_t","Calibration: knock AGC scaling threshold. Tunable map/constant (not a live channel); log to catch knock events and see how much timing is being pulled."
"CAL_knock_mode","400090b2","Data Label","enum_knock_mode","Calibration: knock mode. Tunable map/constant (not a live channel); log to catch knock events and see how much timing is being pulled."
"CAL_dca_enable_untested","400090b3","Data Label","bool","Calibration: Drive-Cycle-Assist enable untested. Tunable map/constant (not a live channel); log to observe Drive-Cycle-Assist activation (normally off)."
"CAL_tpssmooth_parking_threshold_carspeed","400090b4","Data Label","uint8_t",""
"CAL_vvt_low_load_disable","400090b5","Data Label","bool","Calibration: VVT low load disable. Tunable map/constant (not a live channel); log commanded vs actual cam timing to verify VVT response."
"CAL_obd_ii_variant_enable","400090b6","Data Label","bool","Calibration: OBD variant enable. Tunable map/constant (not a live channel); adjust to change this behavior."
"CAL_vvt_low_load_map_enable_temp","400090b7","Data Label","u8_temp_5/8-40c","Calibration: VVT low load MAP enable temperature. Tunable map/constant (not a live channel); log commanded vs actual cam timing to verify VVT response. (deg C; raw*5/8-40)"
"CAL_tpssmooth_parking_threshold_tps","400090b8","Data Label","uint8_t",""
"CAL_tpssmooth_accel_pedal_modes_enable","400090b9","Data Label","bool","Calibration: tpssmooth accelerator pedal modes enable. Tunable map/constant (not a live channel); log to see throttle-signal smoothing/filtering behavior."
"CAL_tpssmooth_parking_pedal_max","400090bd","Data Label","u8_factor_1/255","Calibration: tpssmooth parking pedal max. Tunable map/constant (not a live channel); log to see throttle-signal smoothing/filtering behavior. (0-1; raw/255)"
"CAL_tpssmooth_parking_speed_max","400090be","Data Label","u8_speed_kph","Calibration: tpssmooth parking speed max. Tunable map/constant (not a live channel); log to see throttle-signal smoothing/filtering behavior. (km/h)"
"CAL_tpssmooth_parking_gear_max","400090bf","Data Label","enum_t6e_gear","Calibration: tpssmooth parking gear max. Tunable map/constant (not a live channel); log to see throttle-signal smoothing/filtering behavior."
"CAL_tpssmooth_parking_gear_max_plus3","400090c2","Data Label","pointer",""
"CAL_torque_estimate_min_ips","400090de","Data Label","short",""
"CAL_ips_torque_reduction_slow_scale_pct","400090e0","Data Label","uint8_t",""
"CAL_ips_torque_reduction_slow_floor_nm","400090e1","Data Label","uint8_t",""
"CAL_idle_unknown6","400090e2","Data Label","u8_temp_5/8-40c",""
"CAL_idle_learn_temp_range","400090e3","Data Label","u8_temp_5/8-40c[2]","Calibration: idle learn temperature range. Tunable map/constant (not a live channel); log to diagnose idle quality\, hunting\, and stalls. (deg C; raw*5/8-40)"
"CAL_dca_enable_steering_max","400090e5","Data Label","uint8_t","Calibration: Drive-Cycle-Assist enable steering max. Tunable map/constant (not a live channel); log to observe Drive-Cycle-Assist activation (normally off)."
"CAL_dca_enable_carspeed","400090e6","Data Label","u8_speed_kph[2]","Calibration: Drive-Cycle-Assist enable carspeed. Tunable map/constant (not a live channel); log to observe Drive-Cycle-Assist activation (normally off). (km/h)"
"CAL_dca_stationary_wait_time","400090e8","Data Label","u8_time_100ms","Calibration: Drive-Cycle-Assist stationary wait time. Tunable map/constant (not a live channel); log to observe Drive-Cycle-Assist activation (normally off). (ms; raw*100)"
"CAL_dca_tps_initial_offset","400090e9","Data Label","uint8_t","Calibration: Drive-Cycle-Assist throttle position initial offset. Tunable map/constant (not a live channel); log to see throttle/pedal demand and throttle response."
"CAL_dca_enable_tps_margin","400090ea","Data Label","uint8_t","Calibration: Drive-Cycle-Assist enable throttle position margin. Tunable map/constant (not a live channel); log to see throttle/pedal demand and throttle response."
"CAL_dca_activate_timer","400090eb","Data Label","u8_time_5ms","Calibration: Drive-Cycle-Assist activate timer. Tunable map/constant (not a live channel); log to observe Drive-Cycle-Assist activation (normally off). (ms; raw*5)"
"CAL_dca_activate_tps_threshold","400090ec","Data Label","u16_factor_1/1023","Calibration: Drive-Cycle-Assist activate throttle position threshold. Tunable map/constant (not a live channel); log to see throttle/pedal demand and throttle response. (0-1; raw/1023)"
"CAL_vvt_low_load_ips_enable","400090ee","Data Label","bool","Calibration: VVT low load IPS enable. Tunable map/constant (not a live channel); log commanded vs actual cam timing to verify VVT response."
"CAL_dca_freerev_wait_time","400090ef","Data Label","uint8_t","Calibration: Drive-Cycle-Assist freerev wait time. Tunable map/constant (not a live channel); log to observe Drive-Cycle-Assist activation (normally off)."
"CAL_dca_tps_ramp_step_period","400090f0","Data Label","uint8_t","Calibration: Drive-Cycle-Assist throttle position ramp step period. Tunable map/constant (not a live channel); log to see throttle/pedal demand and throttle response."
"CAL_dca_freerev_rpm_tolerance","400090f1","Data Label","uint8_t","Calibration: Drive-Cycle-Assist freerev RPM tolerance. Tunable map/constant (not a live channel); log to observe Drive-Cycle-Assist activation (normally off)."
"CAL_engine_speed_coolant_temp_unknown7","400090f2","Data Label","u8_temp_5/8-40c",""
"CAL_revlimit_enforce_delay_after_start","400090f3","Data Label","u8_time_50ms","Calibration: revlimit enforce delay after start. Tunable map/constant (not a live channel); log to confirm where and how the rev limiter intervenes. (ms; raw*50)"
"CAL_engine_speed_calc_unknown2","400090f4","Data Label","u16_rspeed_1/4rpm",""
"CAL_revlimit_enforce_delay_after_start_plus3","400090f6","Data Label","u16_rspeed_1/4rpm",""
"CAL_dca_freerev_rpm","400090f8","Data Label","uint8_t","Calibration: Drive-Cycle-Assist freerev RPM. Tunable map/constant (not a live channel); log to observe Drive-Cycle-Assist activation (normally off)."
"CAL_exhaust_flap_load1","400090fa","Data Label","u8_load_4mg/stroke","Calibration: exhaust flap load1. Tunable map/constant (not a live channel); log to see exhaust bypass valve position (sound/backpressure). (mg/stroke; raw*4)"
"CAL_exhaust_flap_load2","400090fb","Data Label","u8_load_4mg/stroke","Calibration: exhaust flap load2. Tunable map/constant (not a live channel); log to see exhaust bypass valve position (sound/backpressure). (mg/stroke; raw*4)"
"CAL_torque_hysteresis_threshold1","400090fc","Data Label","u8_torque_nm","Calibration: torque hysteresis threshold1. Tunable map/constant (not a live channel); log to follow the ECU torque estimate and any torque limiting. (Nm)"
"CAL_lfb_timer_entry","400090fe","Data Label","uint8_t","Calibration: long-term fuel timer entry. Tunable map/constant (not a live channel); log to track long-term fuel learning and spot a developing fuel fault."
"CAL_lfb_timer_hold","400090ff","Data Label","uint8_t","Calibration: long-term fuel timer hold. Tunable map/constant (not a live channel); log to track long-term fuel learning and spot a developing fuel fault."
"CAL_ecu_engine_speed_decel_hysteresis_rpm","40009100","Data Label","uint8_t",""
"CAL_lfb_tps_max","40009101","Data Label","u8_factor_1/255","Calibration: long-term fuel throttle position max. Tunable map/constant (not a live channel); log to track long-term fuel learning and spot a developing fuel fault. (0-1; raw/255)"
"CAL_lfb_detect_carspeed_min","40009102","Data Label","u8_speed_kph","Calibration: long-term fuel detect carspeed min. Tunable map/constant (not a live channel); log to track long-term fuel learning and spot a developing fuel fault. (km/h)"
"CAL_lfb_pedal_override_rate","40009103","Data Label","uint8_t",""
"CAL_exhaust_flap_load_threshold_open","40009104","Data Label","uint8_t",""
"CAL_exhaust_flap_load_threshold_close","40009105","Data Label","uint8_t",""
"CAL_tpssmooth_parking_clutch_threshold","40009106","Data Label","uint8_t",""
"CAL_lfb_pulse_toggle_period","40009107","Data Label","u8_time_100ms",""
"CAL_lfb_pulse_enable","40009108","Data Label","bool","Calibration: long-term fuel pulse enable. Tunable map/constant (not a live channel); log to track long-term fuel learning and spot a developing fuel fault."
"CAL_lfb_clutch_threshold","4000910a","Data Label","u16_voltage_5/1023v","Calibration: long-term fuel clutch threshold. Tunable map/constant (not a live channel); log to track long-term fuel learning and spot a developing fuel fault. (V; raw*5/1023)"
"CAL_cruise_accel_pedal_limit_unknown","4000910c","Data Label","u16_factor_1/1023",""
"CAL_cruise_feedforward_blend_threshold","4000910e","Data Label","u8_factor_1/255",""
"CAL_cooling_fan_iat_mid_timer_threshold","4000910f","Data Label","uint8_t",""
"CAL_cooling_fan_high_iat","40009110","Data Label","u8_temp_5/8-40c","Calibration: cooling fan high intake-air temp. Tunable map/constant (not a live channel); log to confirm fans/pumps switch at the right temperatures. (deg C; raw*5/8-40)"
"CAL_cooling_fan_iat_mid","40009111","Data Label","u8_temp_5/8-40c","Calibration: cooling fan intake-air temp mid. Tunable map/constant (not a live channel); log to confirm fans/pumps switch at the right temperatures. (deg C; raw*5/8-40)"
"CAL_cooling_fan_iat_low","40009112","Data Label","u8_temp_5/8-40c","Calibration: cooling fan intake-air temp low. Tunable map/constant (not a live channel); log to confirm fans/pumps switch at the right temperatures. (deg C; raw*5/8-40)"
"CAL_cooling_fan_carspeed_min","40009113","Data Label","u8_speed_kph","Calibration: cooling fan carspeed min. Tunable map/constant (not a live channel); log to confirm fans/pumps switch at the right temperatures. (km/h)"
"CAL_injtip_dfco_recovery_enrichment_max_rpm","40009114","Data Label","uint8_t",""
"CAL_idle_low_car_speed_enter","40009115","Data Label","uint8_t",""
"CAL_dfco_recovery_enrich_max_rpm","40009116","Data Label","u16_rspeed_rpm","In short: it suppresses the DFCO re-entry enrichment shot at high RPM where it isn't needed\, preventing over-fueling during high-RPM overrun recovery."
"CAL_dfco_recovery_enrich_cooldown_ticks","40009118","Data Label","u16_time_5ms",""
"CAL_oil_pressure_switch_voltage_scaling","4000911a","Data Label","u16_voltage_18/1023v",""
"CAL_lfb_brake_off_hold_ticks","4000911c","Data Label","uint16_t",""
"CAL_gpdo_7c_7d_rpm_off_threshold","4000911e","Data Label","u8_rspeed_4rpm",""
"CAL_gpdo_7c_7d_rpm_on_threshold","4000911f","Data Label","u8_rspeed_4rpm","Calibration: seat heater RPM threshold. Tunable map/constant (not a live channel); adjust to change this behavior. (RPM; raw*4)"
"CAL_ac_inhibit_cranking","40009120","Data Label","u8_rspeed_4rpm[2]","Calibration: A/C inhibit cranking. Tunable map/constant (not a live channel); log to see A/C clutch engagement and its load/idle impact. (RPM; raw*4)"
"CAL_cooling_fan_rpm_inhibit_off","40009122","Data Label","u8_rspeed_4rpm","Calibration: cooling fan RPM inhibit off. Tunable map/constant (not a live channel); log to confirm fans/pumps switch at the right temperatures. (RPM; raw*4)"
"CAL_cooling_fan_rpm_inhibit_on","40009123","Data Label","u8_rspeed_4rpm","Calibration: cooling fan RPM inhibit on. Tunable map/constant (not a live channel); log to confirm fans/pumps switch at the right temperatures. (RPM; raw*4)"
"CAL_cooling_fan_low_rpm_hysteresis_threshold","40009124","Data Label","uint16_t",""
"CAL_oil_pressure_switch_offset","40009126","Data Label","uint16_t",""
"CAL_inj_soak_time_max","40009128","Data Label","uint16_t",""
"CAL_evap_purge_idle_speed_error_deadband","4000912a","Data Label","uint8_t",""
"CAL_evap_purge_idle_lean_recovery_holdoff_ticks","4000912b","Data Label","uint8_t",""
"CAL_evap_purge_mass_ratio_stft_inhibit_threshold","4000912c","Data Label","uint8_t",""
"CAL_evap_purge_idle_speed_error_deadband_alt","4000912d","Data Label","uint8_t",""
"CAL_inj_post_start_enrichment_decay_divisor","4000912e","Data Label","uint8_t",""
"CAL_cooling_fan_2_after_run_counter_threshold","4000912f","Data Label","uint8_t",""
"CAL_post_start_soak_max","40009130","Data Label","undefined2",""
"CAL_inj_warmup_factor_ips_X_load","400092ca","Data Label","u8_load_4mg/stroke[12]","X-axis breakpoints for the 'injector enrichment factor load n coolant IPS' table. Defines the lookup grid (not a live channel); change only when re-axing the map. (mg/stroke; raw*4)"
"CAL_inj_warmup_factor_ips_Y_coolant_temp","400092d6","Data Label","u8_temp_5/8-40c[16]","Y-axis breakpoints for the 'injector enrichment factor load n coolant IPS' table. Defines the lookup grid (not a live channel); change only when re-axing the map. (deg C; raw*5/8-40)"
"CAL_inj_warmup_factor_ips","400092e6","Data Label","u8_factor_1/64[192]","Calibration: injector enrichment factor load n coolant IPS. Tunable map/constant (not a live channel); log to verify injector pulse width and fuel delivery vs target. (0-1; raw/64)"
"CAL_inj_cranking_comp_air_temp_X_iat","400093be","Data Label","u8_temp_5/8-40c[10]","X-axis breakpoints for the 'injector cranking enrichment2' table. Defines the lookup grid (not a live channel); change only when re-axing the map. (deg C; raw*5/8-40)"
"CAL_inj_cranking_comp_air_temp_Y_maf_accum","400093c8","Data Label","u8_mass_8g[10]","Y-axis breakpoints for the 'injector cranking enrichment2' table. Defines the lookup grid (not a live channel); change only when re-axing the map. (g; raw*8)"
"CAL_inj_cranking_comp_air_temp","400093d2","Data Label","u8_factor_1/32[100]","Calibration: injector cranking enrichment2. Tunable map/constant (not a live channel); log to verify injector pulse width and fuel delivery vs target. (0-1; raw/32)"
"CAL_sensor_engine_air_scaling","40009436","Data Label","u8_temp_5/8-40c[34]","Calibration: sensor engine air scaling. Tunable map/constant (not a live channel); log the raw sensor signal to check sensor health and range. (deg C; raw*5/8-40)"
"CAL_sensor_coolant_scaling","40009458","Data Label","u8_temp_5/8-40c[34]","Calibration: sensor coolant scaling. Tunable map/constant (not a live channel); log the raw sensor signal to check sensor health and range. (deg C; raw*5/8-40)"
"CAL_sensor_intake_air_scaling","4000947a","Data Label","u8_temp_5/8-40c[33]","Calibration: sensor intake air scaling. Tunable map/constant (not a live channel); log the raw sensor signal to check sensor health and range. (deg C; raw*5/8-40)"
"CAL_sensor_adc_unused_channel1e_scaling_X_voltage","4000949c","Data Label","u8_voltage_5/255v[16]",""
"CAL_sensor_adc_unused_channel1e_scaling","400094ac","Data Label","uint8_t[16]",""
"CAL_dfco_entry_rpm_manual_X_coolant_temp","400094bc","Data Label","u8_temp_5/8-40c[4]","X-axis breakpoints for the 'DFCO entry RPM manual' table. Defines the lookup grid (not a live channel); change only when re-axing the map. (deg C; raw*5/8-40)"
"CAL_dfco_entry_rpm_manual","400094c0","Data Label","u8_rspeed_10rpm[4]","Calibration: DFCO entry RPM manual. Tunable map/constant (not a live channel); log to see when fuel is cut and restored on deceleration. (RPM; raw*10)"
"CAL_dfco_exit_rpm_ingear_manual_X_coolant_temp","400094c4","Data Label","u8_temp_5/8-40c[4]","X-axis breakpoints for the 'DFCO exit RPM ingear manual' table. Defines the lookup grid (not a live channel); change only when re-axing the map. (deg C; raw*5/8-40)"
"CAL_dfco_exit_rpm_ingear_manual","400094c8","Data Label","u8_rspeed_10rpm[4]","Calibration: DFCO exit RPM ingear manual. Tunable map/constant (not a live channel); log to see when fuel is cut and restored on deceleration. (RPM; raw*10)"
"CAL_dfco_exit_rpm_neutral_X_coolant_temp","400094cc","Data Label","u8_temp_5/8-40c[4]","X-axis breakpoints for the 'DFCO exit RPM neutral' table. Defines the lookup grid (not a live channel); change only when re-axing the map. (deg C; raw*5/8-40)"
"CAL_dfco_exit_rpm_neutral","400094d0","Data Label","u8_rspeed_10rpm[4]","Calibration: DFCO exit RPM neutral. Tunable map/constant (not a live channel); log to see when fuel is cut and restored on deceleration. (RPM; raw*10)"
"CAL_idle_air_decay_period_X_phase","400094d4","Data Label","uint8_t[5]",""
"CAL_idle_air_decay_period","400094d9","Data Label","u8_time_ms[5]",""
"CAL_ign_comp_coldstart_X_coolant_temp","400094de","Data Label","u8_temp_5/8-40c[8]","X-axis breakpoints for the 'ignition compensation coldstart' table. Defines the lookup grid (not a live channel); change only when re-axing the map. (deg C; raw*5/8-40)"
"CAL_ign_comp_coldstart","400094e6","Data Label","u8_angle_1/4-10deg[8]","Calibration: ignition compensation coldstart. Tunable map/constant (not a live channel); log spark advance to confirm the timing strategy and headroom to knock. (deg; raw/4-10)"
"CAL_obd_ii_freeze_frame_pid_list","400094ee","Data Label","ushort[8]",""
"CAL_ips_revmatch_target_rpm_X_rpm","400094fe","Data Label","u16_rspeed_rpm[4]","X-axis breakpoints for the 'IPS revmatch target RPM' table. Defines the lookup grid (not a live channel); change only when re-axing the map. (RPM)"
"CAL_ips_revmatch_target_rpm","40009506","Data Label","uint16_t[4]","Calibration: IPS revmatch target RPM. Tunable map/constant (not a live channel); log to follow IPS automated-manual shift behavior."
"CAL_dfco_entry_rpm_manual_alt_X_coolant_temp","4000950e","Data Label","u8_temp_5/8-40c[4]","X-axis breakpoints for the 'DFCO entry RPM manual alt' table. Defines the lookup grid (not a live channel); change only when re-axing the map. (deg C; raw*5/8-40)"
"CAL_dfco_entry_rpm_manual_alt","40009512","Data Label","u8_rspeed_10rpm[4]","Calibration: DFCO entry RPM manual alt. Tunable map/constant (not a live channel); log to see when fuel is cut and restored on deceleration. (RPM; raw*10)"
"CAL_dfco_entry_rpm_manual_alt_plus4","40009516","Data Label","undefined",""
"CAL_ac_load_limit_X_rpm","40009518","Data Label","u8_rspeed_125/4+500rpm[4]","X-axis breakpoints for the 'A/C load limit' table. Defines the lookup grid (not a live channel); change only when re-axing the map. (RPM; raw*125/4+500)"
"CAL_ac_load_limit","4000951c","Data Label","uint8_t[4]","Calibration: A/C load limit. Tunable map/constant (not a live channel); log engine load -- the main axis for fueling and ignition."
"CAL_idle_comp_iat_X_iat","40009526","Data Label","u8_temp_5/8-40c[8]","X-axis breakpoints for the 'idle compensation intake-air temp' table. Defines the lookup grid (not a live channel); change only when re-axing the map. (deg C; raw*5/8-40)"
"CAL_idle_comp_iat","4000952e","Data Label","u8_rspeed_rpm[8]","Calibration: idle compensation intake-air temp. Tunable map/constant (not a live channel); log to diagnose idle quality\, hunting\, and stalls. (RPM)"
"CAL_ign_comp_idle_error_moving_X_idle_speed_error","40009560","Data Label","u8_rspeed_4-512rpm[16]","X-axis breakpoints for the 'ignition compensation idle error moving' table. Defines the lookup grid (not a live channel); change only when re-axing the map. (RPM; raw*4-512)"
"CAL_ign_comp_idle_error_moving","40009570","Data Label","u8_angle_1/4-32deg[16]","Calibration: ignition compensation idle error moving. Tunable map/constant (not a live channel); log spark advance to confirm the timing strategy and headroom to knock. (deg; raw/4-32)"
"CAL_ign_advance_step_tps_X_engine_speed","40009580","Data Label","u8_rspeed_125/4+500rpm[8]","X-axis breakpoints for the 'ignition advance step throttle position' table. Defines the lookup grid (not a live channel); change only when re-axing the map. (RPM; raw*125/4+500)"
"CAL_ign_advance_step_tps_Y_pedal_pos","40009588","Data Label","u8_factor_1/255[16]","Y-axis breakpoints for the 'ignition advance step throttle position' table. Defines the lookup grid (not a live channel); change only when re-axing the map. (0-1; raw/255)"
"CAL_ign_advance_step_tps","40009598","Data Label","i8_angle_1/4deg[128]","Calibration: ignition advance step throttle position. Tunable map/constant (not a live channel); log spark advance to confirm the timing strategy and headroom to knock. (deg; raw/4)"
"CAL_idle_comp_baro_X_baro","40009618","Data Label","u8_pressure_4mbar[8]","X-axis breakpoints for the 'idle compensation barometric' table. Defines the lookup grid (not a live channel); change only when re-axing the map. (mbar; raw*4)"
"CAL_idle_comp_baro","40009620","Data Label","u8_rspeed_-128[8]","Calibration: idle compensation barometric. Tunable map/constant (not a live channel); log to diagnose idle quality\, hunting\, and stalls. (RPM; raw-128)"
"CAL_engine_speed_filter_coeff_by_coolant_X_coolant","40009628","Data Label","u8_temp_5/8-40c[4]",""
"CAL_engine_speed_filter_coeff_by_coolant","4000962c","Data Label","u8_factor_1/255[4]",""
"CAL_closedloop_activate_engine_timer","40009632","Data Label","u8_time_s[16]","Calibration: closedloop activate engine timer. Tunable map/constant (not a live channel); log to watch O2 feedback trim the mixture and confirm the loop is active. (s)"
"CAL_vvt_intake_advance_base_X_rpm","4000964a","Data Label","u8_rspeed_125/4+500rpm[16]","X-axis breakpoints for the 'VVT intake advance base' table. Defines the lookup grid (not a live channel); change only when re-axing the map. (RPM; raw*125/4+500)"
"CAL_vvt_intake_advance_base_Y_load","4000965a","Data Label","u8_load_4mg/stroke[16]","Y-axis breakpoints for the 'VVT intake advance base' table. Defines the lookup grid (not a live channel); change only when re-axing the map. (mg/stroke; raw*4)"
"CAL_vvt_intake_advance_base","4000966a","Data Label","u8_angle_1/4deg[256]","Calibration: VVT intake advance base. Tunable map/constant (not a live channel); log commanded vs actual cam timing to verify VVT response. (deg; raw/4)"
"CAL_vvt_intake_advance_coolant_offset_X_coolant_temp","4000976a","Data Label","u8_temp_5/8-40c[16]","X-axis breakpoints for the 'VVT intake advance coolant offset' table. Defines the lookup grid (not a live channel); change only when re-axing the map. (deg C; raw*5/8-40)"
"CAL_vvt_intake_advance_coolant_offset","4000977a","Data Label","u8_angle_1/4deg[16]","Calibration: VVT intake advance coolant offset. Tunable map/constant (not a live channel); log commanded vs actual cam timing to verify VVT response. (deg; raw/4)"
"CAL_inj_cranking_enrichment_coolant_manual_X_coolant_temp","4000978a","Data Label","u8_temp_5/8-40c[12]","X-axis breakpoints for the 'injector cranking enrichment coolant manual' table. Defines the lookup grid (not a live channel); change only when re-axing the map. (deg C; raw*5/8-40)"
"CAL_inj_cranking_enrichment_coolant_manual_Y_maf_accum","40009796","Data Label","u8_mass_g[14]","Y-axis breakpoints for the 'injector cranking enrichment coolant manual' table. Defines the lookup grid (not a live channel); change only when re-axing the map. (g)"
"CAL_inj_cranking_enrichment_coolant_manual","400097a4","Data Label","u8_factor_1/32[168]","Calibration: injector cranking enrichment coolant manual. Tunable map/constant (not a live channel); log to verify injector pulse width and fuel delivery vs target. (0-1; raw/32)"
"CAL_inj_cranking_enrichment_coolant_ips_X_coolant_temp","4000984c","Data Label","u8_temp_5/8-40c[12]","X-axis breakpoints for the 'injector cranking enrichment coolant IPS' table. Defines the lookup grid (not a live channel); change only when re-axing the map. (deg C; raw*5/8-40)"
"CAL_inj_cranking_enrichment_coolant_ips_Y_maf_accum","40009858","Data Label","u8_mass_g[14]","Y-axis breakpoints for the 'injector cranking enrichment coolant IPS' table. Defines the lookup grid (not a live channel); change only when re-axing the map. (g)"
"CAL_inj_cranking_enrichment_coolant_ips","40009866","Data Label","u8_factor_1/32[168]","Calibration: injector cranking enrichment coolant IPS. Tunable map/constant (not a live channel); log to verify injector pulse width and fuel delivery vs target. (0-1; raw/32)"
"CAL_torque_engine_ac_load_base_X_ac","4000990e","Data Label","uint8_t[16]","X-axis breakpoints for the 'torque engine A/C load base' table. Defines the lookup grid (not a live channel); change only when re-axing the map."
"CAL_torque_engine_ac_load_base","4000991e","Data Label","uint8_t[16]","Calibration: torque engine A/C load base. Tunable map/constant (not a live channel); log to follow the ECU torque estimate and any torque limiting."
"CAL_load_alphaN_seed_X_tps","40009932","Data Label","u8_factor_1/255[16]","X-axis breakpoints for the 'load alphaN seed' table. Defines the lookup grid (not a live channel); change only when re-axing the map. (0-1; raw/255)"
"CAL_load_alphaN_seed","40009942","Data Label","u8_load_4mg/stroke[16]","Calibration: load alphaN seed. Tunable map/constant (not a live channel); log engine load -- the main axis for fueling and ignition. (mg/stroke; raw*4)"
"CAL_dfco_entry_rpm_ips_X_coolant_temp","40009962","Data Label","u8_temp_5/8-40c[4]","X-axis breakpoints for the 'DFCO entry RPM IPS' table. Defines the lookup grid (not a live channel); change only when re-axing the map. (deg C; raw*5/8-40)"
"CAL_dfco_entry_rpm_ips","40009966","Data Label","u8_rspeed_10rpm[4]","Calibration: DFCO entry RPM IPS. Tunable map/constant (not a live channel); log to see when fuel is cut and restored on deceleration. (RPM; raw*10)"
"CAL_dfco_exit_rpm_ingear_ips_X_coolant_temp","4000996a","Data Label","u8_temp_5/8-40c[4]","X-axis breakpoints for the 'DFCO exit RPM ingear IPS' table. Defines the lookup grid (not a live channel); change only when re-axing the map. (deg C; raw*5/8-40)"
"CAL_dfco_exit_rpm_ingear_ips","4000996e","Data Label","u8_rspeed_10rpm[4]","Calibration: DFCO exit RPM ingear IPS. Tunable map/constant (not a live channel); log to see when fuel is cut and restored on deceleration. (RPM; raw*10)"
"CAL_ign_comp_iat_load_scaler_X_load","40009972","Data Label","u8_load_4mg/stroke[16]","X-axis breakpoints for the 'ignition compensation intake-air temp load scaler' table. Defines the lookup grid (not a live channel); change only when re-axing the map. (mg/stroke; raw*4)"
"CAL_ign_comp_iat_load_scaler","40009982","Data Label","u8_factor_1/128[16]","Calibration: ignition compensation intake-air temp load scaler. Tunable map/constant (not a live channel); log spark advance to confirm the timing strategy and headroom to knock. (0-1; raw/128)"
"CAL_idle_target_manual_tour_X_coolant_temp","40009992","Data Label","u8_temp_5/8-40c[16]","X-axis breakpoints for the 'idle target manual tour' table. Defines the lookup grid (not a live channel); change only when re-axing the map. (deg C; raw*5/8-40)"
"CAL_idle_target_manual_tour","400099a2","Data Label","u8_rspeed_4+500rpm[16]","Calibration: idle target manual tour. Tunable map/constant (not a live channel); log to diagnose idle quality\, hunting\, and stalls. (RPM; raw*4+500)"
"CAL_idle_comp_ecu_voltage_X_voltage","40009a4a","Data Label","u8_voltage_5/255v[8]","X-axis breakpoints for the 'idle compensation ECU voltage' table. Defines the lookup grid (not a live channel); change only when re-axing the map. (V; raw*5/255)"
"CAL_idle_comp_ecu_voltage","40009a52","Data Label","uint8_t[8]","Calibration: idle compensation ECU voltage. Tunable map/constant (not a live channel); log to diagnose idle quality\, hunting\, and stalls."
"CAL_tpssmooth_increment_sport_driving_X_tps_rate","40009a5a","Data Label","u8_factor_1/255[8]","X-axis breakpoints for the 'tpssmooth increment sport driving' table. Defines the lookup grid (not a live channel); change only when re-axing the map. (0-1; raw/255)"
"CAL_tpssmooth_increment_sport_driving","40009a62","Data Label","u8_factor_1/1023[8]","Calibration: tpssmooth increment sport driving. Tunable map/constant (not a live channel); log to see throttle-signal smoothing/filtering behavior. (0-1; raw/1023)"
"CAL_idle_air_prop_gain_X_speed_error","40009a6a","Data Label","uint8_t[16]","X-axis breakpoints for the 'idle air prop gain' table. Defines the lookup grid (not a live channel); change only when re-axing the map."
"CAL_idle_air_prop_gain","40009a7a","Data Label","u8_factor_1/255[16]","Calibration: idle air prop gain. Tunable map/constant (not a live channel); log to diagnose idle quality\, hunting\, and stalls. (0-1; raw/255)"
"CAL_idle_air_integral_step_X_speed_error","40009a8a","Data Label","u8_factor_1/255[16]","X-axis breakpoints for the 'idle air integral step' table. Defines the lookup grid (not a live channel); change only when re-axing the map. (0-1; raw/255)"
"CAL_idle_air_integral_step","40009a9a","Data Label","u8_factor_1/255[16]","Calibration: idle air integral step. Tunable map/constant (not a live channel); log to diagnose idle quality\, hunting\, and stalls. (0-1; raw/255)"
"CAL_ign_comp_coolant_manual1_X_coolant_temp","40009aaa","Data Label","u8_temp_5/8-40c[16]","X-axis breakpoints for the 'ignition compensation coolant manual1' table. Defines the lookup grid (not a live channel); change only when re-axing the map. (deg C; raw*5/8-40)"
"CAL_ign_comp_coolant_manual1","40009aba","Data Label","u8_angle_1/4deg[16]","Calibration: ignition compensation coolant manual1. Tunable map/constant (not a live channel); log spark advance to confirm the timing strategy and headroom to knock. (deg; raw/4)"
"CAL_ign_comp_idle_error_stationary_X_idle_speed_error","40009aca","Data Label","u8_rspeed_4-512rpm[16]","X-axis breakpoints for the 'ignition compensation idle error stationary' table. Defines the lookup grid (not a live channel); change only when re-axing the map. (RPM; raw*4-512)"
"CAL_ign_comp_idle_error_stationary","40009ada","Data Label","u8_angle_1/4-32deg[16]","Calibration: ignition compensation idle error stationary. Tunable map/constant (not a live channel); log spark advance to confirm the timing strategy and headroom to knock. (deg; raw/4-32)"
"CAL_ign_comp_engine_air_X_air_temp","40009aea","Data Label","u8_temp_5/8-40c[16]","X-axis breakpoints for the 'ignition compensation engine air' table. Defines the lookup grid (not a live channel); change only when re-axing the map. (deg C; raw*5/8-40)"
"CAL_ign_comp_engine_air","40009afa","Data Label","u8_angle_1/4-32deg[16]","Calibration: ignition compensation engine air. Tunable map/constant (not a live channel); log spark advance to confirm the timing strategy and headroom to knock. (deg; raw/4-32)"
"CAL_injtip_in_rpm_scale_X_rpm","40009b0a","Data Label","u8_rspeed_125/4+500rpm[16]","X-axis breakpoints for the 'injtip in RPM scale' table. Defines the lookup grid (not a live channel); change only when re-axing the map. (RPM; raw*125/4+500)"
"CAL_injtip_in_rpm_scale","40009b1a","Data Label","u8_factor_1/128[16]","Calibration: injtip in RPM scale. Tunable map/constant (not a live channel); log to debug transient (tip-in/out) fueling stumbles and surge. (0-1; raw/128)"
"CAL_injtip_in_rpm_decay_X_rpm","40009b2a","Data Label","u8_rspeed_125/4+500rpm[16]","X-axis breakpoints for the 'injtip in RPM decay' table. Defines the lookup grid (not a live channel); change only when re-axing the map. (RPM; raw*125/4+500)"
"CAL_injtip_in_rpm_decay","40009b3a","Data Label","u8_dt_factor_1/100/5ms[16]","Calibration: injtip in RPM decay. Tunable map/constant (not a live channel); log to debug transient (tip-in/out) fueling stumbles and surge. (/5ms tick; raw/100)"
"CAL_injtip_in_coolant_scale_X_coolant_temp","40009b4a","Data Label","u8_temp_5/8-40c[16]","X-axis breakpoints for the 'injtip in coolant scale' table. Defines the lookup grid (not a live channel); change only when re-axing the map. (deg C; raw*5/8-40)"
"CAL_injtip_in_coolant_scale","40009b5a","Data Label","u8_factor_1/64[16]","Calibration: injtip in coolant scale. Tunable map/constant (not a live channel); log to debug transient (tip-in/out) fueling stumbles and surge. (0-1; raw/64)"
"CAL_injtip_out_rpm_scale_X_rpm","40009b6a","Data Label","u8_rspeed_125/4+500rpm[16]","X-axis breakpoints for the 'injtip out RPM scale' table. Defines the lookup grid (not a live channel); change only when re-axing the map. (RPM; raw*125/4+500)"
"CAL_injtip_out_rpm_scale","40009b7a","Data Label","u8_factor_1/128[16]","Calibration: injtip out RPM scale. Tunable map/constant (not a live channel); log to debug transient (tip-in/out) fueling stumbles and surge. (0-1; raw/128)"
"CAL_injtip_out_rpm_decay_X_rpm","40009b8a","Data Label","u8_rspeed_125/4+500rpm[16]","X-axis breakpoints for the 'injtip out RPM decay' table. Defines the lookup grid (not a live channel); change only when re-axing the map. (RPM; raw*125/4+500)"
"CAL_injtip_out_rpm_decay","40009b9a","Data Label","u8_dt_factor_1/100/5ms[16]","Calibration: injtip out RPM decay. Tunable map/constant (not a live channel); log to debug transient (tip-in/out) fueling stumbles and surge. (/5ms tick; raw/100)"
"CAL_injtip_out_coolant_scale_X_coolant_temp","40009baa","Data Label","u8_temp_5/8-40c[16]","X-axis breakpoints for the 'injtip out coolant scale' table. Defines the lookup grid (not a live channel); change only when re-axing the map. (deg C; raw*5/8-40)"
"CAL_injtip_out_coolant_scale","40009bba","Data Label","u8_factor_1/64[16]","Calibration: injtip out coolant scale. Tunable map/constant (not a live channel); log to debug transient (tip-in/out) fueling stumbles and surge. (0-1; raw/64)"
"CAL_tpssmooth_increment_sport_shifting_X_tps_rate","40009bda","Data Label","u8_factor_1/255[8]","X-axis breakpoints for the 'tpssmooth increment sport shifting' table. Defines the lookup grid (not a live channel); change only when re-axing the map. (0-1; raw/255)"
"CAL_tpssmooth_increment_sport_shifting","40009be2","Data Label","u8_factor_1/1023[8]","Calibration: tpssmooth increment sport shifting. Tunable map/constant (not a live channel); log to see throttle-signal smoothing/filtering behavior. (0-1; raw/1023)"
"CAL_tps_idle_target_X_idle_air","40009bea","Data Label","u8_flow_g/s[8]","X-axis breakpoints for the 'throttle position idle target' table. Defines the lookup grid (not a live channel); change only when re-axing the map. (g/s)"
"CAL_tps_idle_target_Y_vacuum","40009bf2","Data Label","u8_pressure_4mbar[8]","Y-axis breakpoints for the 'throttle position idle target' table. Defines the lookup grid (not a live channel); change only when re-axing the map. (mbar; raw*4)"
"CAL_tps_idle_target","40009bfa","Data Label","u8_factor_1/255[64]","Calibration: throttle position idle target. Tunable map/constant (not a live channel); log to diagnose idle quality\, hunting\, and stalls. (0-1; raw/255)"
"CAL_tps_scaling_factor_rpm_X_rpm","40009c52","Data Label","u8_rspeed_125/4+500rpm[16]","X-axis breakpoints for the 'throttle position scaling factor RPM' table. Defines the lookup grid (not a live channel); change only when re-axing the map. (RPM; raw*125/4+500)"
"CAL_tps_scaling_factor_rpm","40009c62","Data Label","u8_factor_1/255[16]","Calibration: throttle position scaling factor RPM. Tunable map/constant (not a live channel); log to see throttle/pedal demand and throttle response. (0-1; raw/255)"
"CAL_tpssmooth_increment_tour_shifting_X_tps_rate","40009c72","Data Label","u8_factor_1/255[8]","X-axis breakpoints for the 'tpssmooth increment tour shifting' table. Defines the lookup grid (not a live channel); change only when re-axing the map. (0-1; raw/255)"
"CAL_tpssmooth_increment_tour_shifting","40009c7a","Data Label","u8_factor_1/1023[8]","Calibration: tpssmooth increment tour shifting. Tunable map/constant (not a live channel); log to see throttle-signal smoothing/filtering behavior. (0-1; raw/1023)"
"CAL_dfco_entry_rpm_ips_alt_X_coolant_temp","40009c82","Data Label","u8_temp_5/8-40c[4]","X-axis breakpoints for the 'DFCO entry RPM IPS alt' table. Defines the lookup grid (not a live channel); change only when re-axing the map. (deg C; raw*5/8-40)"
"CAL_dfco_entry_rpm_ips_alt","40009c86","Data Label","u8_rspeed_10rpm[4]","Calibration: DFCO entry RPM IPS alt. Tunable map/constant (not a live channel); log to see when fuel is cut and restored on deceleration. (RPM; raw*10)"
"CAL_closedloop_proportional_gain_rich_table_X_rpm","40009c8a","Data Label","u8_rspeed_125/4+500rpm[8]","X-axis breakpoints for the 'closedloop proportional gain rich table' table. Defines the lookup grid (not a live channel); change only when re-axing the map. (RPM; raw*125/4+500)"
"CAL_closedloop_proportional_gain_rich_table_Y_load","40009c92","Data Label","u8_load_4mg/stroke[8]","Y-axis breakpoints for the 'closedloop proportional gain rich table' table. Defines the lookup grid (not a live channel); change only when re-axing the map. (mg/stroke; raw*4)"
"CAL_closedloop_proportional_gain_rich_table","40009c9a","Data Label","uint8_t[64]","Calibration: closedloop proportional gain rich table. Tunable map/constant (not a live channel); log to watch O2 feedback trim the mixture and confirm the loop is active."
"CAL_closedloop_proportional_gain_lean_table_X_rpm","40009cda","Data Label","u8_rspeed_125/4+500rpm[8]","X-axis breakpoints for the 'closedloop proportional gain lean table' table. Defines the lookup grid (not a live channel); change only when re-axing the map. (RPM; raw*125/4+500)"
"CAL_closedloop_proportional_gain_lean_table_Y_load","40009ce2","Data Label","u8_load_4mg/stroke[8]","Y-axis breakpoints for the 'closedloop proportional gain lean table' table. Defines the lookup grid (not a live channel); change only when re-axing the map. (mg/stroke; raw*4)"
"CAL_closedloop_proportional_gain_lean_table","40009cea","Data Label","uint8_t[64]","Calibration: closedloop proportional gain lean table. Tunable map/constant (not a live channel); log to watch O2 feedback trim the mixture and confirm the loop is active."
"CAL_closedloop_integral_gain_table_X_rpm","40009d2a","Data Label","u8_rspeed_125/4+500rpm[8]","X-axis breakpoints for the 'closedloop integral gain table' table. Defines the lookup grid (not a live channel); change only when re-axing the map. (RPM; raw*125/4+500)"
"CAL_closedloop_integral_gain_table_Y_load","40009d32","Data Label","u8_load_4mg/stroke[8]","Y-axis breakpoints for the 'closedloop integral gain table' table. Defines the lookup grid (not a live channel); change only when re-axing the map. (mg/stroke; raw*4)"
"CAL_closedloop_integral_gain_table","40009d3a","Data Label","uint8_t[64]","Calibration: closedloop integral gain table. Tunable map/constant (not a live channel); log to watch O2 feedback trim the mixture and confirm the loop is active."
"CAL_closedloop_derivative_gain_table_X_rpm","40009d7a","Data Label","u8_rspeed_125/4+500rpm[8]","X-axis breakpoints for the 'closedloop derivative gain table' table. Defines the lookup grid (not a live channel); change only when re-axing the map. (RPM; raw*125/4+500)"
"CAL_closedloop_derivative_gain_table_Y_load","40009d82","Data Label","u8_load_4mg/stroke[8]","Y-axis breakpoints for the 'closedloop derivative gain table' table. Defines the lookup grid (not a live channel); change only when re-axing the map. (mg/stroke; raw*4)"
"CAL_closedloop_derivative_gain_table","40009d8a","Data Label","uint8_t[64]","Calibration: closedloop derivative gain table. Tunable map/constant (not a live channel); log to watch O2 feedback trim the mixture and confirm the loop is active."
"CAL_inj_efficiency_X_engine_speed","40009dca","Data Label","u8_rspeed_125/4+500rpm[32]","X-axis breakpoints for the 'injector efficiency' table. Defines the lookup grid (not a live channel); change only when re-axing the map. (RPM; raw*125/4+500)"
"CAL_inj_efficiency_Y_engine_load","40009dea","Data Label","u8_load_4mg/stroke[32]","Y-axis breakpoints for the 'injector efficiency' table. Defines the lookup grid (not a live channel); change only when re-axing the map. (mg/stroke; raw*4)"
"CAL_inj_efficiency","40009e0a","Data Label","u8_factor_1/200[1024]","Calibration: injector efficiency. Tunable map/constant (not a live channel); log to verify injector pulse width and fuel delivery vs target. (0-1; raw/200)"
"CAL_idle_target_manual_sport_X_coolant_temp","4000a20a","Data Label","u8_temp_5/8-40c[16]","X-axis breakpoints for the 'idle target manual sport' table. Defines the lookup grid (not a live channel); change only when re-axing the map. (deg C; raw*5/8-40)"
"CAL_idle_target_manual_sport","4000a21a","Data Label","u8_rspeed_4+500rpm[16]","Calibration: idle target manual sport. Tunable map/constant (not a live channel); log to diagnose idle quality\, hunting\, and stalls. (RPM; raw*4+500)"
"CAL_load_map_estimate_load_rpm_factor_X_rpm","4000a22a","Data Label","u8_rspeed_125/4+500rpm[16]","X-axis breakpoints for the 'load MAP estimate load RPM factor' table. Defines the lookup grid (not a live channel); change only when re-axing the map. (RPM; raw*125/4+500)"
"CAL_load_map_estimate_load_rpm_factor","4000a23a","Data Label","uint8_t[16]","Calibration: load MAP estimate load RPM factor. Tunable map/constant (not a live channel); log engine load -- the main axis for fueling and ignition."
"CAL_vvt_exhaust_advance_base_X_rpm","4000a24a","Data Label","u8_rspeed_125/4+500rpm[16]","X-axis breakpoints for the 'VVT exhaust advance base' table. Defines the lookup grid (not a live channel); change only when re-axing the map. (RPM; raw*125/4+500)"
"CAL_vvt_exhaust_advance_base_Y_load","4000a25a","Data Label","u8_load_4mg/stroke[16]","Y-axis breakpoints for the 'VVT exhaust advance base' table. Defines the lookup grid (not a live channel); change only when re-axing the map. (mg/stroke; raw*4)"
"CAL_vvt_exhaust_advance_base","4000a26a","Data Label","u8_angle_1/4deg[256]","Calibration: VVT exhaust advance base. Tunable map/constant (not a live channel); log commanded vs actual cam timing to verify VVT response. (deg; raw/4)"
"CAL_cluster_shiftlight_rpm_offset_manual_X_gear","4000a36a","Data Label","uint8_t[8]","Calibration: cluster shiftlight RPM offset manual. Tunable map/constant (not a live channel); log to check what the ECU sends the dash (gauges/warnings)."
"CAL_cluster_shiftlight_rpm_offset_manual","4000a372","Data Label","u8_rspeed_8rpm[8]",""
"CAL_load_obd_divisor_X_rpm","4000a37a","Data Label","u8_rspeed_125/4+500rpm[16]","X-axis breakpoints for the 'load OBD divisor' table. Defines the lookup grid (not a live channel); change only when re-axing the map. (RPM; raw*125/4+500)"
"CAL_load_obd_divisor","4000a38a","Data Label","uint8_t[16]","Calibration: load OBD divisor. Tunable map/constant (not a live channel); log engine load -- the main axis for fueling and ignition."
"CAL_tpssmooth_increment_tour_driving_X_tps_rate","4000a39a","Data Label","u8_factor_1/255[8]","X-axis breakpoints for the 'tpssmooth increment tour driving' table. Defines the lookup grid (not a live channel); change only when re-axing the map. (0-1; raw/255)"
"CAL_tpssmooth_increment_tour_driving","4000a3a2","Data Label","u8_factor_1/1023[8]","Calibration: tpssmooth increment tour driving. Tunable map/constant (not a live channel); log to see throttle-signal smoothing/filtering behavior. (0-1; raw/1023)"
"CAL_sensor_P0106_min_tps_threshold_X_rpm","4000a3aa","Data Label","u8_rspeed_125/4+500rpm[16]","Calibration that arms/thresholds the P0106 monitor (MAP/baro rationality). Fixed value -- it sets when that DTC trips\, not a live channel."
"CAL_sensor_P0106_min_tps_threshold","4000a3ba","Data Label","u8_factor_1/255[16]","Calibration that arms/thresholds the P0106 monitor (MAP/baro rationality). Fixed value -- it sets when that DTC trips\, not a live channel."
"CAL_inj_warmup_factor_manual_X_load","4000a3ca","Data Label","u8_load_4mg/stroke[12]","X-axis breakpoints for the 'injector enrichment factor load n coolant manual' table. Defines the lookup grid (not a live channel); change only when re-axing the map. (mg/stroke; raw*4)"
"CAL_inj_warmup_factor_manual_Y_coolant_temp","4000a3d6","Data Label","u8_temp_5/8-40c[16]","Y-axis breakpoints for the 'injector enrichment factor load n coolant manual' table. Defines the lookup grid (not a live channel); change only when re-axing the map. (deg C; raw*5/8-40)"
"CAL_inj_warmup_factor_manual","4000a3e6","Data Label","u8_factor_1/64[192]","Calibration: injector enrichment factor load n coolant manual. Tunable map/constant (not a live channel); log to verify injector pulse width and fuel delivery vs target. (0-1; raw/64)"
"CAL_torque_engine_ac_load_scaler_X_rpm","4000a4a6","Data Label","uint8_t[8]","X-axis breakpoints for the 'torque engine A/C load scaler' table. Defines the lookup grid (not a live channel); change only when re-axing the map."
"CAL_torque_engine_ac_load_scaler","4000a4ae","Data Label","u8_factor_1/255[8]","Calibration: torque engine A/C load scaler. Tunable map/constant (not a live channel); log to follow the ECU torque estimate and any torque limiting. (0-1; raw/255)"
"CAL_ecu_engine_speed_target_sport_X_pps","4000a4b6","Data Label","u16_factor_1/1023[10]","X-axis breakpoints for the 'ECU engine speed target sport' table. Defines the lookup grid (not a live channel); change only when re-axing the map."
"CAL_ecu_engine_speed_target_sport","4000a4ca","Data Label","u16_rspeed_1/4rpm[10]","Calibration: ECU engine speed target sport. Tunable map/constant (not a live channel); mostly housekeeping/diagnostic state."
"CAL_inj_comp_iat_X_load","4000a4ea","Data Label","u8_load_4mg/stroke[8]","X-axis breakpoints for the 'injector compensation intake-air temp' table. Defines the lookup grid (not a live channel); change only when re-axing the map. (mg/stroke; raw*4)"
"CAL_inj_comp_iat_Y_iat","4000a4f2","Data Label","u8_temp_5/8-40c[16]","Y-axis breakpoints for the 'injector compensation intake-air temp' table. Defines the lookup grid (not a live channel); change only when re-axing the map. (deg C; raw*5/8-40)"
"CAL_inj_comp_iat","4000a502","Data Label","u8_factor_1/128[128]","Calibration: injector compensation intake-air temp. Tunable map/constant (not a live channel); log to verify injector pulse width and fuel delivery vs target. (0-1; raw/128)"
"CAL_load_source_selection_threshold_by_tps_X_rpm","4000a582","Data Label","u8_rspeed_125/4+500rpm[16]","X-axis breakpoints for the 'load source selection threshold by throttle position' table. Defines the lookup grid (not a live channel); change only when re-axing the map. (RPM; raw*125/4+500)"
"CAL_load_source_selection_threshold_by_tps","4000a592","Data Label","u8_factor_1/255[16]","Calibration: load source selection threshold by throttle position. Tunable map/constant (not a live channel); log to see throttle/pedal demand and throttle response. (0-1; raw/255)"
"CAL_tps_idle_target_cranking_X_baro","4000a5a2","Data Label","u8_pressure_4mbar[4]","X-axis breakpoints for the 'throttle position idle target cranking' table. Defines the lookup grid (not a live channel); change only when re-axing the map. (mbar; raw*4)"
"CAL_tps_idle_target_cranking_Y_coolant","4000a5a6","Data Label","u8_temp_5/8-40c[16]","Y-axis breakpoints for the 'throttle position idle target cranking' table. Defines the lookup grid (not a live channel); change only when re-axing the map. (deg C; raw*5/8-40)"
"CAL_tps_idle_target_cranking","4000a5b6","Data Label","u8_factor_1/1023[64]","Calibration: throttle position idle target cranking. Tunable map/constant (not a live channel); log to diagnose idle quality\, hunting\, and stalls. (0-1; raw/1023)"
"CAL_knock_inhibit_tps_max_X_rpm","4000a5fa","Data Label","u8_rspeed_125/4+500rpm[16]","X-axis breakpoints for the 'knock inhibit throttle position max' table. Defines the lookup grid (not a live channel); change only when re-axing the map. (RPM; raw*125/4+500)"
"CAL_knock_inhibit_tps_max","4000a60a","Data Label","u8_factor_1/255[16]","Calibration: knock inhibit throttle position max. Tunable map/constant (not a live channel); log to catch knock events and see how much timing is being pulled. (0-1; raw/255)"
"CAL_idle_ign_comp_by_target_speed_ips_X_manual","4000a61a","Data Label","u16_rspeed_rpm[16]",""
"CAL_idle_ign_comp_by_target_speed_ips","4000a63a","Data Label","uint16_t[16]",""
"CAL_cooling_fan_afterrun_X_air_temp","4000a65a","Data Label","u8_temp_5/8-40c[8]","X-axis breakpoints for the 'cooling fan afterrun' table. Defines the lookup grid (not a live channel); change only when re-axing the map. (deg C; raw*5/8-40)"
"CAL_cooling_fan_afterrun_Y_coolant_temp","4000a662","Data Label","u8_temp_5/8-40c[8]","Y-axis breakpoints for the 'cooling fan afterrun' table. Defines the lookup grid (not a live channel); change only when re-axing the map. (deg C; raw*5/8-40)"
"CAL_cooling_fan_afterrun","4000a66a","Data Label","u8_time_5s[64]","Calibration: cooling fan afterrun. Tunable map/constant (not a live channel); log to confirm fans/pumps switch at the right temperatures. (ms; raw*250)"
"CAL_idle_comp_ac_load_X_ac_load","4000a6aa","Data Label","uint8_t[8]","X-axis breakpoints for the 'idle compensation A/C load' table. Defines the lookup grid (not a live channel); change only when re-axing the map."
"CAL_idle_comp_ac_load","4000a6b2","Data Label","uint8_t[8]","Calibration: idle compensation A/C load. Tunable map/constant (not a live channel); log to diagnose idle quality\, hunting\, and stalls."
"CAL_inj_startup_enrichment_offset_X_coolant_temp_engine_stopped","4000a6da","Data Label","u8_temp_5/8-40c[16]","X-axis breakpoints for the 'injector startup enrichment offset' table. Defines the lookup grid (not a live channel); change only when re-axing the map. (deg C; raw*5/8-40)"
"CAL_inj_startup_enrichment_offset","4000a6ea","Data Label","u8_time_256us[16]","Calibration: injector startup enrichment offset. Tunable map/constant (not a live channel); log to verify injector pulse width and fuel delivery vs target. (us; raw*256)"
"CAL_idle_comp_carspeed_manual_X_carspeed","4000a6fa","Data Label","u8_speed_kph[8]","X-axis breakpoints for the 'idle compensation carspeed manual' table. Defines the lookup grid (not a live channel); change only when re-axing the map. (km/h)"
"CAL_idle_comp_carspeed_manual","4000a702","Data Label","u8_rspeed_4rpm[8]","Calibration: idle compensation carspeed manual. Tunable map/constant (not a live channel); log to diagnose idle quality\, hunting\, and stalls. (RPM; raw*4)"
"CAL_idle_comp_car_speed_manual_X_carspeed","4000a70a","Data Label","u8_speed_kph[8]","X-axis breakpoints for the 'idle compensation car speed manual' table. Defines the lookup grid (not a live channel); change only when re-axing the map. (km/h)"
"CAL_idle_comp_car_speed_manual","4000a712","Data Label","u8_rspeed_rpm[8]","Calibration: idle compensation car speed manual. Tunable map/constant (not a live channel); log to diagnose idle quality\, hunting\, and stalls. (RPM)"
"CAL_idle_comp_timer_carspeed_manual_X_airtemp","4000a71a","Data Label","u8_temp_5/8-40c[8]","X-axis breakpoints for the 'idle compensation timer carspeed manual' table. Defines the lookup grid (not a live channel); change only when re-axing the map. (deg C; raw*5/8-40)"
"CAL_idle_comp_timer_carspeed_manual_Y_time_above_speed","4000a722","Data Label","uint8_t[8]","Y-axis breakpoints for the 'idle compensation timer carspeed manual' table. Defines the lookup grid (not a live channel); change only when re-axing the map."
"CAL_idle_comp_timer_carspeed_manual","4000a72a","Data Label","u8_rspeed_8rpm[64]","Calibration: idle compensation timer carspeed manual. Tunable map/constant (not a live channel); log to diagnose idle quality\, hunting\, and stalls. (RPM; raw*8)"
"CAL_dfco_recovery_fuel_frac_vs_pedal_X_pedal_pos","4000a76a","Data Label","u8_factor_1/255[4]","X-axis breakpoints for the 'DFCO recovery fuel frac vs pedal' table. Defines the lookup grid (not a live channel); change only when re-axing the map. (0-1; raw/255)"
"CAL_dfco_recovery_fuel_frac_vs_pedal","4000a76e","Data Label","uint8_t[4]","Calibration: DFCO recovery fuel frac vs pedal. Tunable map/constant (not a live channel); log to see when fuel is cut and restored on deceleration."
"CAL_ign_comp_maf_accum_X_maf_accum","4000a772","Data Label","u8_mass_g[8]","X-axis breakpoints for the 'ignition compensation MAF accum' table. Defines the lookup grid (not a live channel); change only when re-axing the map. (g)"
"CAL_ign_comp_maf_accum_Y_tps","4000a77a","Data Label","u8_factor_1/255[8]","Y-axis breakpoints for the 'ignition compensation MAF accum' table. Defines the lookup grid (not a live channel); change only when re-axing the map. (0-1; raw/255)"
"CAL_ign_comp_maf_accum","4000a782","Data Label","u8_factor_1/255[64]","Calibration: ignition compensation MAF accum. Tunable map/constant (not a live channel); log spark advance to confirm the timing strategy and headroom to knock. (0-1; raw/255)"
"CAL_ign_dwell_time_X_rpm","4000a7c2","Data Label","u8_rspeed_125/4+500rpm[8]","X-axis breakpoints for the 'ignition dwell time' table. Defines the lookup grid (not a live channel); change only when re-axing the map. (RPM; raw*125/4+500)"
"CAL_ign_dwell_time_Y_ecu_voltage","4000a7ca","Data Label","u8_voltage_72/1023v[8]","Y-axis breakpoints for the 'ignition dwell time' table. Defines the lookup grid (not a live channel); change only when re-axing the map. (V; raw*72/1023)"
"CAL_ign_dwell_time","4000a7d2","Data Label","u8_time_64us[64]","Calibration: ignition dwell time. Tunable map/constant (not a live channel); log spark advance to confirm the timing strategy and headroom to knock. (us; raw*64)"
"CAL_ign_knock_safe_X_rpm","4000a812","Data Label","u8_rspeed_125/4+500rpm[32]","X-axis breakpoints for the 'ignition knock safe' table. Defines the lookup grid (not a live channel); change only when re-axing the map. (RPM; raw*125/4+500)"
"CAL_ign_knock_safe_Y_load","4000a832","Data Label","u8_load_4mg/stroke[32]","Y-axis breakpoints for the 'ignition knock safe' table. Defines the lookup grid (not a live channel); change only when re-axing the map. (mg/stroke; raw*4)"
"CAL_ign_knock_safe","4000a852","Data Label","u8_angle_1/4-10deg[1024]","Calibration: ignition knock safe. Tunable map/constant (not a live channel); log spark advance to confirm the timing strategy and headroom to knock. (deg; raw/4-10)"
"CAL_ign_base_manual_X_rpm","4000ac52","Data Label","u8_rspeed_125/4+500rpm[32]","X-axis breakpoints for the 'ignition base manual' table. Defines the lookup grid (not a live channel); change only when re-axing the map. (RPM; raw*125/4+500)"
"CAL_ign_base_manual_Y_load","4000ac72","Data Label","u8_load_4mg/stroke[32]","Y-axis breakpoints for the 'ignition base manual' table. Defines the lookup grid (not a live channel); change only when re-axing the map. (mg/stroke; raw*4)"
"CAL_ign_base_manual","4000ac92","Data Label","u8_angle_1/4-10deg[1024]","Calibration: ignition base manual. Tunable map/constant (not a live channel); log spark advance to confirm the timing strategy and headroom to knock. (deg; raw/4-10)"
"CAL_sensor_maf_scaling_X_voltage","4000b092","Data Label","u16_voltage_5/1023v[32]","X-axis breakpoints for the 'sensor MAF scaling' table. Defines the lookup grid (not a live channel); change only when re-axing the map. (V; raw*5/1023)"
"CAL_sensor_maf_scaling","4000b0d2","Data Label","u16_flow_10mg/s[32]","Calibration: sensor MAF scaling. Tunable map/constant (not a live channel); log the raw sensor signal to check sensor health and range. (mg/s; raw*10)"
"CAL_tpssmooth_decrement_by_delta_X_tps_delta","4000b132","Data Label","u8_factor_1/255[8]","X-axis breakpoints for the 'tpssmooth decrement by delta' table. Defines the lookup grid (not a live channel); change only when re-axing the map. (0-1; raw/255)"
"CAL_tpssmooth_decrement_by_delta","4000b13a","Data Label","u8_factor_1/255[8]","Calibration: tpssmooth decrement by delta. Tunable map/constant (not a live channel); log to see throttle-signal smoothing/filtering behavior. (0-1; raw/255)"
"CAL_revlimit_speed_base_manual_gearbox_tour_X_coolant","4000b142","Data Label","u8_temp_5/8-40c[8]","X-axis breakpoints for the 'revlimit speed base manual gearbox tour' table. Defines the lookup grid (not a live channel); change only when re-axing the map. (deg C; raw*5/8-40)"
"CAL_revlimit_speed_base_manual_gearbox_tour_Y_timer","4000b14a","Data Label","u8_time_100ms[8]","Y-axis breakpoints for the 'revlimit speed base manual gearbox tour' table. Defines the lookup grid (not a live channel); change only when re-axing the map. (ms; raw*100)"
"CAL_revlimit_speed_base_manual_gearbox_tour","4000b152","Data Label","u8_rspeed_10+6000rpm[64]","Calibration: revlimit speed base manual gearbox tour. Tunable map/constant (not a live channel); log to confirm where and how the rev limiter intervenes. (RPM; raw*10+6000)"
"CAL_ign_comp_overtemp_X_rpm","4000b192","Data Label","u8_rspeed_125/4+500rpm[16]","X-axis breakpoints for the 'ignition compensation overtemp' table. Defines the lookup grid (not a live channel); change only when re-axing the map. (RPM; raw*125/4+500)"
"CAL_ign_comp_overtemp","4000b1a2","Data Label","u8_angle_1/4-32deg[16]","Calibration: ignition compensation overtemp. Tunable map/constant (not a live channel); log spark advance to confirm the timing strategy and headroom to knock. (deg; raw/4-32)"
"CAL_ign_comp_overtemp_coeff_X_coolant_temp","4000b1b2","Data Label","u8_temp_5/8-40c[8]","X-axis breakpoints for the 'ignition compensation overtemp coeff' table. Defines the lookup grid (not a live channel); change only when re-axing the map. (deg C; raw*5/8-40)"
"CAL_ign_comp_overtemp_coeff","4000b1ba","Data Label","u8_factor_1/128[8]","Calibration: ignition compensation overtemp coeff. Tunable map/constant (not a live channel); log spark advance to confirm the timing strategy and headroom to knock. (0-1; raw/128)"
"CAL_ign_comp_speed_variation_X_rpm_delta","4000b1c2","Data Label","uint8_t[16]","X-axis breakpoints for the 'ignition compensation speed variation' table. Defines the lookup grid (not a live channel); change only when re-axing the map."
"CAL_ign_comp_speed_variation","4000b1d2","Data Label","uint8_t[16]","ignition compensation indexed by engine speed variation (RPM delta)   "
"CAL_vvt_start_timer_X_coolant_temp","4000b1e2","Data Label","u8_temp_5/8-40c[8]","X-axis breakpoints for the 'VVT start timer' table. Defines the lookup grid (not a live channel); change only when re-axing the map. (deg C; raw*5/8-40)"
"CAL_vvt_start_timer","4000b1ea","Data Label","u8_time_100ms[8]","Calibration: VVT start timer. Tunable map/constant (not a live channel); log commanded vs actual cam timing to verify VVT response. (ms; raw*100)"
"CAL_closedloop_o2_switch_threshold_X_rpm","4000b1f2","Data Label","u8_rspeed_125/4+500rpm[8]","X-axis breakpoints for the 'closedloop O2 switch threshold' table. Defines the lookup grid (not a live channel); change only when re-axing the map. (RPM; raw*125/4+500)"
"CAL_closedloop_o2_switch_threshold","4000b1fa","Data Label","uint8_t[8]","Calibration: closedloop O2 switch threshold. Tunable map/constant (not a live channel); log to watch O2 feedback trim the mixture and confirm the loop is active."
"CAL_ign_comp_tps_rate_X_tps_rate","4000b202","Data Label","uint8_t[8]","X-axis breakpoints for the 'ignition compensation throttle position rate' table. Defines the lookup grid (not a live channel); change only when re-axing the map."
"CAL_ign_comp_tps_rate","4000b20a","Data Label","i8_angle_1/4deg[8]","Calibration: ignition compensation throttle position rate. Tunable map/constant (not a live channel); log spark advance to confirm the timing strategy and headroom to knock. (deg; raw/4)"
"CAL_knock_sampling_window_X_rpm","4000b212","Data Label","u8_rspeed_125/4+500rpm[16]","X-axis breakpoints for the 'knock sampling window' table. Defines the lookup grid (not a live channel); change only when re-axing the map. (RPM; raw*125/4+500)"
"CAL_knock_sampling_window_Y_load","4000b222","Data Label","u8_load_4mg/stroke[16]","Y-axis breakpoints for the 'knock sampling window' table. Defines the lookup grid (not a live channel); change only when re-axing the map. (mg/stroke; raw*4)"
"CAL_knock_sampling_window","4000b232","Data Label","uint8_t[256]","Calibration: knock sampling window. Tunable map/constant (not a live channel); log to catch knock events and see how much timing is being pulled."
"CAL_knock_buffer_size_X_rpm","4000b332","Data Label","u8_rspeed_125/4+500rpm[16]","X-axis breakpoints for the 'knock buffer size' table. Defines the lookup grid (not a live channel); change only when re-axing the map. (RPM; raw*125/4+500)"
"CAL_knock_buffer_size_Y_load","4000b342","Data Label","u8_load_4mg/stroke[16]","Y-axis breakpoints for the 'knock buffer size' table. Defines the lookup grid (not a live channel); change only when re-axing the map. (mg/stroke; raw*4)"
"CAL_knock_buffer_size","4000b352","Data Label","uint8_t[256]","Calibration: knock buffer size. Tunable map/constant (not a live channel); log to catch knock events and see how much timing is being pulled."
"CAL_revlimit_speed_base_manual_gearbox_sport_X_coolant","4000b452","Data Label","u8_temp_5/8-40c[8]","X-axis breakpoints for the 'revlimit speed base manual gearbox sport' table. Defines the lookup grid (not a live channel); change only when re-axing the map. (deg C; raw*5/8-40)"
"CAL_revlimit_speed_base_manual_gearbox_sport_Y_timer","4000b45a","Data Label","u8_time_100ms[8]","Y-axis breakpoints for the 'revlimit speed base manual gearbox sport' table. Defines the lookup grid (not a live channel); change only when re-axing the map. (ms; raw*100)"
"CAL_revlimit_speed_base_manual_gearbox_sport","4000b462","Data Label","u8_rspeed_10+6000rpm[64]","Calibration: revlimit speed base manual gearbox sport. Tunable map/constant (not a live channel); log to confirm where and how the rev limiter intervenes. (RPM; raw*10+6000)"
"CAL_inj_deadtime_base_X_voltage","4000b4a2","Data Label","u8_voltage_72/1023v[8]","X-axis breakpoints for the 'injector time base' table. Defines the lookup grid (not a live channel); change only when re-axing the map. (V; raw*72/1023)"
"CAL_inj_deadtime_base_Y_iat","4000b4aa","Data Label","u8_temp_5/8-40c[8]","Y-axis breakpoints for the 'injector time base' table. Defines the lookup grid (not a live channel); change only when re-axing the map. (deg C; raw*5/8-40)"
"CAL_inj_deadtime_base","4000b4b2","Data Label","u8_time_20us[64]","Calibration: injector time base. Tunable map/constant (not a live channel); log to verify injector pulse width and fuel delivery vs target. (us; raw*20)"
"CAL_sensor_ac_evap_temp_scaling_X_voltage","4000b4f2","Data Label","uint16_t[16]","X-axis breakpoints for the 'sensor A/C EVAP temperature scaling' table. Defines the lookup grid (not a live channel); change only when re-axing the map."
"CAL_sensor_ac_evap_temp_scaling","4000b512","Data Label","uint16_t[16]","Calibration: sensor A/C EVAP temperature scaling. Tunable map/constant (not a live channel); log the raw sensor signal to check sensor health and range."
"CAL_sensor_fuel_level_X_voltage","4000b542","Data Label","u16_voltage_5/1023v[8]","X-axis breakpoints for the 'sensor fuel level' table. Defines the lookup grid (not a live channel); change only when re-axing the map. (V; raw*5/1023)"
"CAL_sensor_fuel_level","4000b552","Data Label","u16_volume_1/10gallon[8]","Calibration: sensor fuel level. Tunable map/constant (not a live channel); log to follow fuel delivery and mixture control. (gal; raw/10)"
"CAL_revlimit_escalation_integrator_step_X_gear","4000b562","Data Label","uint8_t[7]","X-axis breakpoints for the 'revlimit escalation integrator step' table. Defines the lookup grid (not a live channel); change only when re-axing the map."
"CAL_revlimit_escalation_integrator_step","4000b569","Data Label","uint8_t[7]","Calibration: revlimit escalation integrator step. Tunable map/constant (not a live channel); log to confirm where and how the rev limiter intervenes."
"CAL_ign_comp_startup_manual_X_maf_accum","4000b572","Data Label","u16_mass_mg[8]","X-axis breakpoints for the 'ignition compensation startup manual' table. Defines the lookup grid (not a live channel); change only when re-axing the map. (mg)"
"CAL_ign_comp_startup_manual","4000b582","Data Label","i16_angle_1/4deg[8]","Calibration: ignition compensation startup manual. Tunable map/constant (not a live channel); log spark advance to confirm the timing strategy and headroom to knock. (deg; raw/4)"
"CAL_idle_target_ips_ingear_tour_X_coolant_temp","4000b5a2","Data Label","u8_temp_5/8-40c[16]","X-axis breakpoints for the 'idle target IPS ingear tour' table. Defines the lookup grid (not a live channel); change only when re-axing the map. (deg C; raw*5/8-40)"
"CAL_idle_target_ips_ingear_tour","4000b5b2","Data Label","u8_rspeed_4+500rpm[16]","Calibration: idle target IPS ingear tour. Tunable map/constant (not a live channel); log to diagnose idle quality\, hunting\, and stalls. (RPM; raw*4+500)"
"CAL_load_alphaN_base_X_engine_speed","4000b5c2","Data Label","u8_rspeed_125/4+500rpm[16]","X-axis breakpoints for the 'load alphaN base' table. Defines the lookup grid (not a live channel); change only when re-axing the map. (RPM; raw*125/4+500)"
"CAL_load_alphaN_base_Y_tps","4000b5d2","Data Label","u8_factor_1/255[16]","Y-axis breakpoints for the 'load alphaN base' table. Defines the lookup grid (not a live channel); change only when re-axing the map. (0-1; raw/255)"
"CAL_load_alphaN_base","4000b5e2","Data Label","u8_load_4mg/stroke[256]","Calibration: load alphaN base. Tunable map/constant (not a live channel); log engine load -- the main axis for fueling and ignition. (mg/stroke; raw*4)"
"CAL_inj_afr_base_X_engine_speed","4000b6e2","Data Label","u8_rspeed_125/4+500rpm[16]","X-axis breakpoints for the 'injector AFR base' table. Defines the lookup grid (not a live channel); change only when re-axing the map. (RPM; raw*125/4+500)"
"CAL_inj_afr_base_Y_engine_load","4000b6f2","Data Label","u8_load_4mg/stroke[16]","Y-axis breakpoints for the 'injector AFR base' table. Defines the lookup grid (not a live channel); change only when re-axing the map. (mg/stroke; raw*4)"
"CAL_inj_afr_base","4000b702","Data Label","u8_afr_1/20+5[256]","Calibration: injector AFR base. Tunable map/constant (not a live channel); log to verify injector pulse width and fuel delivery vs target. (AFR; raw/20+5)"
"CAL_tpstarget_low_gear_tour_ips_X_pps","4000b802","Data Label","u16_factor_1/1023[16]","X-axis breakpoints for the 'tpstarget low gear tour IPS' table. Defines the lookup grid (not a live channel); change only when re-axing the map. (0-1; raw/1023)"
"CAL_tpstarget_low_gear_tour_ips","4000b822","Data Label","u16_factor_1/1023[16]","Calibration: tpstarget low gear tour IPS. Tunable map/constant (not a live channel); log to compare requested throttle target to pedal demand. (0-1; raw/1023)"
"CAL_tpstarget_sport_ips_X_pps","4000b842","Data Label","u16_factor_1/1023[16]","X-axis breakpoints for the 'tpstarget sport IPS' table. Defines the lookup grid (not a live channel); change only when re-axing the map. (0-1; raw/1023)"
"CAL_tpstarget_sport_ips","4000b862","Data Label","u16_factor_1/1023[16]","Calibration: tpstarget sport IPS. Tunable map/constant (not a live channel); log to compare requested throttle target to pedal demand. (0-1; raw/1023)"
"CAL_knock_sensitivity_X_engine_speed","4000b882","Data Label","u8_rspeed_125/4+500rpm[8]","X-axis breakpoints for the 'knock sensitivity' table. Defines the lookup grid (not a live channel); change only when re-axing the map. (RPM; raw*125/4+500)"
"CAL_knock_sensitivity_Y_engine_load","4000b88a","Data Label","u8_load_4mg/stroke[8]","Y-axis breakpoints for the 'knock sensitivity' table. Defines the lookup grid (not a live channel); change only when re-axing the map. (mg/stroke; raw*4)"
"CAL_knock_sensitivity","4000b892","Data Label","uint8_t[64]","Calibration: knock sensitivity. Tunable map/constant (not a live channel); log to catch knock events and see how much timing is being pulled."
"CAL_knock_peak_threshold_X_engine_speed","4000b8d2","Data Label","u8_rspeed_125/4+500rpm[8]","X-axis breakpoints for the 'knock peak threshold' table. Defines the lookup grid (not a live channel); change only when re-axing the map. (RPM; raw*125/4+500)"
"CAL_knock_peak_threshold_Y_load","4000b8da","Data Label","u8_load_4mg/stroke[8]","Y-axis breakpoints for the 'knock peak threshold' table. Defines the lookup grid (not a live channel); change only when re-axing the map. (mg/stroke; raw*4)"
"CAL_knock_peak_threshold","4000b8e2","Data Label","uint8_t[64]","Calibration: knock peak threshold. Tunable map/constant (not a live channel); log to catch knock events and see how much timing is being pulled."
"CAL_knock_retard1_step_X_peak_over_threshold","4000b922","Data Label","uint8_t[8]","X-axis breakpoints for the 'knock retard1 step' table. Defines the lookup grid (not a live channel); change only when re-axing the map."
"CAL_knock_retard1_step","4000b92a","Data Label","u8_angle_1/4deg[8]","Calibration: knock retard1 step. Tunable map/constant (not a live channel); log to catch knock events and see how much timing is being pulled. (deg; raw/4)"
"CAL_knock_detection_load_threshold_X_rpm","4000b932","Data Label","u8_rspeed_125/4+500rpm[8]","X-axis breakpoints for the 'knock detection load threshold' table. Defines the lookup grid (not a live channel); change only when re-axing the map. (RPM; raw*125/4+500)"
"CAL_knock_detection_load_threshold","4000b93a","Data Label","u8_load_4mg/stroke[8]","Calibration: knock detection load threshold. Tunable map/constant (not a live channel); log to catch knock events and see how much timing is being pulled. (mg/stroke; raw*4)"
"CAL_knock_learning_load_threshold_X_rpm","4000b942","Data Label","u8_rspeed_125/4+500rpm[8]","X-axis breakpoints for the 'knock learning load threshold' table. Defines the lookup grid (not a live channel); change only when re-axing the map. (RPM; raw*125/4+500)"
"CAL_knock_learning_load_threshold","4000b94a","Data Label","u8_load_4mg/stroke[8]","Calibration: knock learning load threshold. Tunable map/constant (not a live channel); log to catch knock events and see how much timing is being pulled. (mg/stroke; raw*4)"
"CAL_evap_purge_flow_X_pressure","4000ba72","Data Label","pointer",""
"CAL_tpstarget_tour_manual_X_pps","4000ba82","Data Label","u16_factor_1/1023[16]","X-axis breakpoints for the 'tpstarget tour manual' table. Defines the lookup grid (not a live channel); change only when re-axing the map. (0-1; raw/1023)"
"CAL_tpstarget_tour_manual","4000baa2","Data Label","u16_factor_1/1023[16]","Calibration: tpstarget tour manual. Tunable map/constant (not a live channel); log to compare requested throttle target to pedal demand. (0-1; raw/1023)"
"CAL_closedloop_tps_correction_tour_manual_X_unknown","4000bac2","Data Label","uint16_t[16]",""
"CAL_closedloop_tps_correction_tour_manual","4000bae2","Data Label","uint16_t[16]",""
"CAL_tpstarget_sport_manual_X_pps","4000bb02","Data Label","u16_factor_1/1023[16]","X-axis breakpoints for the 'tpstarget sport manual' table. Defines the lookup grid (not a live channel); change only when re-axing the map. (0-1; raw/1023)"
"CAL_tpstarget_sport_manual","4000bb22","Data Label","u16_factor_1/1023[16]","Calibration: tpstarget sport manual. Tunable map/constant (not a live channel); log to compare requested throttle target to pedal demand. (0-1; raw/1023)"
"CAL_ign_retard_step_tps_X_engine_speed","4000bb42","Data Label","u8_rspeed_125/4+500rpm[8]","X-axis breakpoints for the 'ignition retard step throttle position' table. Defines the lookup grid (not a live channel); change only when re-axing the map. (RPM; raw*125/4+500)"
"CAL_ign_retard_step_tps_Y_pedal_pos","4000bb4a","Data Label","u8_factor_1/255[16]","Y-axis breakpoints for the 'ignition retard step throttle position' table. Defines the lookup grid (not a live channel); change only when re-axing the map. (0-1; raw/255)"
"CAL_ign_retard_step_tps","4000bb5a","Data Label","i8_angle_1/4deg[128]","Calibration: ignition retard step throttle position. Tunable map/constant (not a live channel); log spark advance to confirm the timing strategy and headroom to knock. (deg; raw/4)"
"CAL_torque_load_to_torque_X_engine_speed","4000bbda","Data Label","u8_rspeed_125/4+500rpm[16]","X-axis breakpoints for the 'torque load to torque' table. Defines the lookup grid (not a live channel); change only when re-axing the map. (RPM; raw*125/4+500)"
"CAL_torque_load_to_torque_Y_load","4000bbea","Data Label","u8_load_4mg/stroke[16]","Y-axis breakpoints for the 'torque load to torque' table. Defines the lookup grid (not a live channel); change only when re-axing the map. (mg/stroke; raw*4)"
"CAL_torque_load_to_torque","4000bbfa","Data Label","u8_torque_2nm[256]","Calibration: torque load to torque. Tunable map/constant (not a live channel); log to follow the ECU torque estimate and any torque limiting. (Nm; raw*2)"
"CAL_torque_engine_friction_speed_component_X_rpm","4000bcfa","Data Label","u8_rspeed_125/4+500rpm[16]","X-axis breakpoints for the 'torque engine friction speed component' table. Defines the lookup grid (not a live channel); change only when re-axing the map. (RPM; raw*125/4+500)"
"CAL_torque_engine_friction_speed_component_Y_load","4000bd0a","Data Label","u8_load_4mg/stroke[16]","Y-axis breakpoints for the 'torque engine friction speed component' table. Defines the lookup grid (not a live channel); change only when re-axing the map. (mg/stroke; raw*4)"
"CAL_torque_engine_friction_speed_component","4000bd1a","Data Label","u8_torque_nm[256]","Calibration: torque engine friction speed component. Tunable map/constant (not a live channel); log to follow the ECU torque estimate and any torque limiting. (Nm)"
"CAL_torque_torque_to_load_X_engine_speed","4000be1a","Data Label","u8_rspeed_125/4+500rpm[16]","X-axis breakpoints for the 'torque torque to load' table. Defines the lookup grid (not a live channel); change only when re-axing the map. (RPM; raw*125/4+500)"
"CAL_torque_torque_to_load_Y_torque","4000be2a","Data Label","u8_torque_2nm[16]","Y-axis breakpoints for the 'torque torque to load' table. Defines the lookup grid (not a live channel); change only when re-axing the map. (Nm; raw*2)"
"CAL_torque_torque_to_load","4000be3a","Data Label","u8_load_4mg/stroke[256]","Calibration: torque torque to load. Tunable map/constant (not a live channel); log to follow the ECU torque estimate and any torque limiting. (mg/stroke; raw*4)"
"CAL_load_to_tps_mapping_X_rpm","4000bf3a","Data Label","u8_rspeed_125/4+500rpm[16]","X-axis breakpoints for the 'load to throttle position mapping' table. Defines the lookup grid (not a live channel); change only when re-axing the map. (RPM; raw*125/4+500)"
"CAL_load_to_tps_mapping_Y_load","4000bf4a","Data Label","u8_load_4mg/stroke[16]","Y-axis breakpoints for the 'load to throttle position mapping' table. Defines the lookup grid (not a live channel); change only when re-axing the map. (mg/stroke; raw*4)"
"CAL_load_to_tps_mapping","4000bf5a","Data Label","u8_factor_1/255[256]","Calibration: load to throttle position mapping. Tunable map/constant (not a live channel); log to see throttle/pedal demand and throttle response. (0-1; raw/255)"
"CAL_torque_ign_retard_base_X_engine_speed","4000c05a","Data Label","u8_rspeed_125/4+500rpm[16]","X-axis breakpoints for the 'torque ignition retard base' table. Defines the lookup grid (not a live channel); change only when re-axing the map. (RPM; raw*125/4+500)"
"CAL_torque_ign_retard_base_Y_torque_reduction_factor","4000c06a","Data Label","u8_factor_1/255[16]","Y-axis breakpoints for the 'torque ignition retard base' table. Defines the lookup grid (not a live channel); change only when re-axing the map. (0-1; raw/255)"
"CAL_torque_ign_retard_base","4000c07a","Data Label","u8_angle_1/4-64deg[256]","Calibration: torque ignition retard base. Tunable map/constant (not a live channel); log spark advance to confirm the timing strategy and headroom to knock. (deg; raw/4-64)"
"CAL_ign_advance_min_X_engine_speed","4000c17a","Data Label","u8_rspeed_125/4+500rpm[16]","X-axis breakpoints for the 'ignition advance min' table. Defines the lookup grid (not a live channel); change only when re-axing the map. (RPM; raw*125/4+500)"
"CAL_ign_advance_min_Y_engine_load","4000c18a","Data Label","u8_load_4mg/stroke[16]","Y-axis breakpoints for the 'ignition advance min' table. Defines the lookup grid (not a live channel); change only when re-axing the map. (mg/stroke; raw*4)"
"CAL_ign_advance_min","4000c19a","Data Label","u8_angle_1/4-20deg[256]","Calibration: ignition advance min. Tunable map/constant (not a live channel); log spark advance to confirm the timing strategy and headroom to knock. (deg; raw/4-20)"
"CAL_idle_target_ips_neutral_tour_X_coolant_temp","4000c29a","Data Label","u8_temp_5/8-40c[16]","X-axis breakpoints for the 'idle target IPS neutral tour' table. Defines the lookup grid (not a live channel); change only when re-axing the map. (deg C; raw*5/8-40)"
"CAL_idle_target_ips_neutral_tour","4000c2aa","Data Label","u8_rspeed_4+500rpm[16]","Calibration: idle target IPS neutral tour. Tunable map/constant (not a live channel); log to diagnose idle quality\, hunting\, and stalls. (RPM; raw*4+500)"
"CAL_torque_limit_base_factor_X_rpm","4000c2ba","Data Label","u8_rspeed_125/4+500rpm[16]","X-axis breakpoints for the 'torque limit base factor' table. Defines the lookup grid (not a live channel); change only when re-axing the map. (RPM; raw*125/4+500)"
"CAL_torque_limit_base_factor_Y_load","4000c2ca","Data Label","u8_load_4mg/stroke[16]","Y-axis breakpoints for the 'torque limit base factor' table. Defines the lookup grid (not a live channel); change only when re-axing the map. (mg/stroke; raw*4)"
"CAL_torque_limit_base_factor","4000c2da","Data Label","u8_factor_1/255[256]","Calibration: torque limit base factor. Tunable map/constant (not a live channel); log to follow the ECU torque estimate and any torque limiting. (0-1; raw/255)"
"CAL_torque_engine_friction_temp_component_X_coolant_temp","4000c3da","Data Label","u8_temp_5/8-40c[8]","X-axis breakpoints for the 'torque engine friction temperature component' table. Defines the lookup grid (not a live channel); change only when re-axing the map. (deg C; raw*5/8-40)"
"CAL_torque_engine_friction_temp_component_Y_load","4000c3e2","Data Label","u8_load_4mg/stroke[8]","Y-axis breakpoints for the 'torque engine friction temperature component' table. Defines the lookup grid (not a live channel); change only when re-axing the map. (mg/stroke; raw*4)"
"CAL_torque_engine_friction_temp_component","4000c3ea","Data Label","u8_torque_nm[64]","Calibration: torque engine friction temperature component. Tunable map/constant (not a live channel); log to follow the ECU torque estimate and any torque limiting. (Nm)"
"CAL_torque_spark_efficiency_X_rpm","4000c42a","Data Label","u8_rspeed_125/4+500rpm[16]","X-axis breakpoints for the 'torque spark efficiency' table. Defines the lookup grid (not a live channel); change only when re-axing the map. (RPM; raw*125/4+500)"
"CAL_torque_spark_efficiency_Y_ign_retard_from_mbt","4000c43a","Data Label","u8_angle_1/4deg[16]","Y-axis breakpoints for the 'torque spark efficiency' table. Defines the lookup grid (not a live channel); change only when re-axing the map. (deg; raw/4)"
"CAL_torque_spark_efficiency","4000c44a","Data Label","u8_factor_1/255[256]","Calibration: torque spark efficiency. Tunable map/constant (not a live channel); log to follow the ECU torque estimate and any torque limiting. (0-1; raw/255)"
"CAL_torque_spark_efficiency_slope_X_rpm","4000c54a","Data Label","u8_rspeed_125/4+500rpm[16]","X-axis breakpoints for the 'torque spark efficiency slope' table. Defines the lookup grid (not a live channel); change only when re-axing the map. (RPM; raw*125/4+500)"
"CAL_torque_spark_efficiency_slope_Y_load","4000c55a","Data Label","u8_load_4mg/stroke[16]","Y-axis breakpoints for the 'torque spark efficiency slope' table. Defines the lookup grid (not a live channel); change only when re-axing the map. (mg/stroke; raw*4)"
"CAL_torque_spark_efficiency_slope","4000c56a","Data Label","u8_gain_(x-104)/26[256]","Calibration: torque spark efficiency slope. Tunable map/constant (not a live channel); log to follow the ECU torque estimate and any torque limiting. ((raw-104)/26)"
"CAL_ign_mbt_modeled_X_rpm","4000c66a","Data Label","u8_rspeed_125/4+500rpm[16]","X-axis breakpoints for the 'ignition MBT modeled' table. Defines the lookup grid (not a live channel); change only when re-axing the map. (RPM; raw*125/4+500)"
"CAL_ign_mbt_modeled_Y_load","4000c67a","Data Label","u8_load_4mg/stroke[16]","Y-axis breakpoints for the 'ignition MBT modeled' table. Defines the lookup grid (not a live channel); change only when re-axing the map. (mg/stroke; raw*4)"
"CAL_ign_mbt_modeled","4000c68a","Data Label","u8_angle_1/4-10deg[256]","Calibration: ignition MBT modeled. Tunable map/constant (not a live channel); log spark advance to confirm the timing strategy and headroom to knock. (deg; raw/4-10)"
"CAL_idle_ign_comp_by_target_speed_manual_X_rpm","4000c78a","Data Label","u16_rspeed_rpm[16]",""
"CAL_idle_ign_comp_by_target_speed_manual","4000c7aa","Data Label","uint16_t[16]",""
"CAL_ign_comp_coolant_ips_noflags_X_coolant_temp","4000c7ca","Data Label","u8_temp_5/8-40c[16]","X-axis breakpoints for the 'ignition compensation coolant IPS noflags' table. Defines the lookup grid (not a live channel); change only when re-axing the map. (deg C; raw*5/8-40)"
"CAL_ign_comp_coolant_ips_noflags","4000c7da","Data Label","u8_angle_1/4deg[16]","Calibration: ignition compensation coolant IPS noflags. Tunable map/constant (not a live channel); log spark advance to confirm the timing strategy and headroom to knock. (deg; raw/4)"
"CAL_revlimit_speed_base_auto_gearbox_tour_X_coolant","4000c7ea","Data Label","u8_temp_5/8-40c[8]","X-axis breakpoints for the 'revlimit speed base auto gearbox tour' table. Defines the lookup grid (not a live channel); change only when re-axing the map. (deg C; raw*5/8-40)"
"CAL_revlimit_speed_base_auto_gearbox_tour_Y_timer","4000c7f2","Data Label","u8_time_100ms[8]","Y-axis breakpoints for the 'revlimit speed base auto gearbox tour' table. Defines the lookup grid (not a live channel); change only when re-axing the map. (ms; raw*100)"
"CAL_revlimit_speed_base_auto_gearbox_tour","4000c7fa","Data Label","u8_rspeed_10+6000rpm[64]","Calibration: revlimit speed base auto gearbox tour. Tunable map/constant (not a live channel); log to confirm where and how the rev limiter intervenes. (RPM; raw*10+6000)"
"CAL_revlimit_speed_base_auto_gearbox_sport_X_coolant","4000c83a","Data Label","u8_temp_5/8-40c[8]","X-axis breakpoints for the 'revlimit speed base auto gearbox sport' table. Defines the lookup grid (not a live channel); change only when re-axing the map. (deg C; raw*5/8-40)"
"CAL_revlimit_speed_base_auto_gearbox_sport_Y_timer","4000c842","Data Label","u8_time_100ms[8]","Y-axis breakpoints for the 'revlimit speed base auto gearbox sport' table. Defines the lookup grid (not a live channel); change only when re-axing the map. (ms; raw*100)"
"CAL_revlimit_speed_base_auto_gearbox_sport","4000c84a","Data Label","u8_rspeed_10+6000rpm[64]","Calibration: revlimit speed base auto gearbox sport. Tunable map/constant (not a live channel); log to confirm where and how the rev limiter intervenes. (RPM; raw*10+6000)"
"CAL_idle_comp_carspeed_ips_X_carspeed","4000c88a","Data Label","u8_speed_kph[8]","X-axis breakpoints for the 'idle compensation carspeed IPS' table. Defines the lookup grid (not a live channel); change only when re-axing the map. (km/h)"
"CAL_idle_comp_carspeed_ips","4000c892","Data Label","u8_rspeed_4rpm[8]","Calibration: idle compensation carspeed IPS. Tunable map/constant (not a live channel); log to diagnose idle quality\, hunting\, and stalls. (RPM; raw*4)"
"CAL_idle_comp_car_speed_ips_X_carspeed","4000c89a","Data Label","u8_speed_kph[8]","X-axis breakpoints for the 'idle compensation car speed IPS' table. Defines the lookup grid (not a live channel); change only when re-axing the map. (km/h)"
"CAL_idle_comp_car_speed_ips","4000c8a2","Data Label","u8_rspeed_rpm[8]","Calibration: idle compensation car speed IPS. Tunable map/constant (not a live channel); log to diagnose idle quality\, hunting\, and stalls. (RPM)"
"CAL_inj_bank_balance_X_rpm","4000c8aa","Data Label","u8_rspeed_125/4+500rpm[32]","X-axis breakpoints for the 'injector bank balance' table. Defines the lookup grid (not a live channel); change only when re-axing the map. (RPM; raw*125/4+500)"
"CAL_inj_bank_balance_Y_load","4000c8ca","Data Label","u8_load_4mg/stroke[32]","Y-axis breakpoints for the 'injector bank balance' table. Defines the lookup grid (not a live channel); change only when re-axing the map. (mg/stroke; raw*4)"
"CAL_inj_bank_balance","4000c8ea","Data Label","u8_factor_1/200[1024]","Calibration: injector bank balance. Tunable map/constant (not a live channel); log to verify injector pulse width and fuel delivery vs target. (0-1; raw/200)"
"CAL_load_map_estimate_base_X_load","4000ccea","Data Label","u8_load_4mg/stroke[16]","X-axis breakpoints for the 'load MAP estimate base' table. Defines the lookup grid (not a live channel); change only when re-axing the map. (mg/stroke; raw*4)"
"CAL_load_map_estimate_base_Y_rpm","4000ccfa","Data Label","u8_rspeed_125/4+500rpm[16]","Y-axis breakpoints for the 'load MAP estimate base' table. Defines the lookup grid (not a live channel); change only when re-axing the map. (RPM; raw*125/4+500)"
"CAL_load_map_estimate_base","4000cd0a","Data Label","u8_pressure_2mbar[256]","Calibration: load MAP estimate base. Tunable map/constant (not a live channel); log engine load -- the main axis for fueling and ignition."
"CAL_idle_target_ips_ingear_sport_X_coolant_temp","4000ce0a","Data Label","u8_temp_5/8-40c[16]","X-axis breakpoints for the 'idle target IPS ingear sport' table. Defines the lookup grid (not a live channel); change only when re-axing the map. (deg C; raw*5/8-40)"
"CAL_idle_target_ips_ingear_sport","4000ce1a","Data Label","u8_rspeed_4+500rpm[16]","Calibration: idle target IPS ingear sport. Tunable map/constant (not a live channel); log to diagnose idle quality\, hunting\, and stalls. (RPM; raw*4+500)"
"CAL_idle_target_ips_neutral_sport_X_coolant_temp","4000ce2a","Data Label","u8_temp_5/8-40c[16]","X-axis breakpoints for the 'idle target IPS neutral sport' table. Defines the lookup grid (not a live channel); change only when re-axing the map. (deg C; raw*5/8-40)"
"CAL_idle_target_ips_neutral_sport","4000ce3a","Data Label","u8_rspeed_4+500rpm[16]","Calibration: idle target IPS neutral sport. Tunable map/constant (not a live channel); log to diagnose idle quality\, hunting\, and stalls. (RPM; raw*4+500)"
"CAL_cluster_shiftlight_rpm_offset_ips_X_gear","4000ce4a","Data Label","uint8_t[8]","Calibration: cluster shiftlight RPM offset IPS. Tunable map/constant (not a live channel); log to check what the ECU sends the dash (gauges/warnings)."
"CAL_cluster_shiftlight_rpm_offset_ips","4000ce52","Data Label","u8_rspeed_8rpm[8]",""
"CAL_vvt_exhaust_advance_coolant_offset_X_coolant_temp","4000ce5a","Data Label","u8_temp_5/8-40c[16]","X-axis breakpoints for the 'VVT exhaust advance coolant offset' table. Defines the lookup grid (not a live channel); change only when re-axing the map. (deg C; raw*5/8-40)"
"CAL_vvt_exhaust_advance_coolant_offset","4000ce6a","Data Label","u8_angle_1/4deg[16]","Calibration: VVT exhaust advance coolant offset. Tunable map/constant (not a live channel); log commanded vs actual cam timing to verify VVT response. (deg; raw/4)"
"CAL_ign_comp_coolant_manual_vvt_alt_X_coolant_temp","4000ce82","Data Label","u8_temp_5/8-40c[16]","X-axis breakpoints for the 'ignition compensation coolant manual VVT alt' table. Defines the lookup grid (not a live channel); change only when re-axing the map. (deg C; raw*5/8-40)"
"CAL_ign_comp_coolant_manual_vvt_alt","4000ce92","Data Label","u8_angle_1/4deg[16]","Calibration: ignition compensation coolant manual VVT alt. Tunable map/constant (not a live channel); log spark advance to confirm the timing strategy and headroom to knock. (deg; raw/4)"
"CAL_ign_comp_coolant_ips_flags_X_coolant_temp","4000cea2","Data Label","u8_temp_5/8-40c[16]","X-axis breakpoints for the 'ignition compensation coolant IPS flags' table. Defines the lookup grid (not a live channel); change only when re-axing the map. (deg C; raw*5/8-40)"
"CAL_ign_comp_coolant_ips_flags","4000ceb2","Data Label","u8_angle_1/4deg[16]","Calibration: ignition compensation coolant IPS flags. Tunable map/constant (not a live channel); log spark advance to confirm the timing strategy and headroom to knock. (deg; raw/4)"
"CAL_vvt_intake_advance_base_low_load_X_rpm","4000cec2","Data Label","u8_rspeed_125/4+500rpm[6]","X-axis breakpoints for the 'VVT intake advance base low load' table. Defines the lookup grid (not a live channel); change only when re-axing the map. (RPM; raw*125/4+500)"
"CAL_vvt_intake_advance_base_low_load_Y_load","4000cec8","Data Label","u8_load_4mg/stroke[6]","Y-axis breakpoints for the 'VVT intake advance base low load' table. Defines the lookup grid (not a live channel); change only when re-axing the map. (mg/stroke; raw*4)"
"CAL_vvt_intake_advance_base_low_load","4000cece","Data Label","u8_angle_1/4deg[36]","Calibration: VVT intake advance base low load. Tunable map/constant (not a live channel); log commanded vs actual cam timing to verify VVT response. (deg; raw/4)"
"CAL_idle_ign_comp_tour_X_target_rpm","4000cefa","Data Label","u16_rspeed_rpm[16]",""
"CAL_idle_ign_comp_tour","4000cf1a","Data Label","uint16_t[16]",""
"CAL_vvt_exhaust_advance_base_low_load_X_rpm","4000cf3a","Data Label","u8_rspeed_125/4+500rpm[6]","X-axis breakpoints for the 'VVT exhaust advance base low load' table. Defines the lookup grid (not a live channel); change only when re-axing the map. (RPM; raw*125/4+500)"
"CAL_vvt_exhaust_advance_base_low_load_Y_load","4000cf40","Data Label","u8_load_4mg/stroke[6]","Y-axis breakpoints for the 'VVT exhaust advance base low load' table. Defines the lookup grid (not a live channel); change only when re-axing the map. (mg/stroke; raw*4)"
"CAL_vvt_exhaust_advance_base_low_load","4000cf46","Data Label","u8_angle_1/4deg[36]","Calibration: VVT exhaust advance base low load. Tunable map/constant (not a live channel); log commanded vs actual cam timing to verify VVT response. (deg; raw/4)"
"CAL_idle_ign_comp_sport_X_target_rpm","4000cf72","Data Label","u16_rspeed_rpm[16]",""
"CAL_idle_ign_comp_sport","4000cf92","Data Label","uint16_t[16]",""
"CAL_ign_comp_startup_ips_X_coolant_temp_engine_stopped","4000cfb2","Data Label","u16_temp_5/8-40c[4]","X-axis breakpoints for the 'ignition compensation startup IPS' table. Defines the lookup grid (not a live channel); change only when re-axing the map. (deg C; raw*5/8-40)"
"CAL_ign_comp_startup_ips_Y_maf_accumulated","4000cfba","Data Label","u16_mass_mg[10]","Y-axis breakpoints for the 'ignition compensation startup IPS' table. Defines the lookup grid (not a live channel); change only when re-axing the map. (mg)"
"CAL_ign_comp_startup_ips","4000cfce","Data Label","i16_angle_1/4deg[40]","Calibration: ignition compensation startup IPS. Tunable map/constant (not a live channel); log spark advance to confirm the timing strategy and headroom to knock. (deg; raw/4)"
"CAL_revlimit_trim_per_gear_X_gear","4000d01e","Data Label","uint8_t[7]","X-axis breakpoints for the 'revlimit trim per gear' table. Defines the lookup grid (not a live channel); change only when re-axing the map."
"CAL_revlimit_trim_per_gear","4000d025","Data Label","u8_rspeed_2rpm[7]","Calibration: revlimit trim per gear. Tunable map/constant (not a live channel); log to confirm where and how the rev limiter intervenes. (RPM; raw*2)"
"CAL_revlimit_maf_max_by_gear_X_gear","4000d02c","Data Label","uint8_t[7]","X-axis breakpoints for the 'revlimit max MAF by gear' table. Defines the lookup grid (not a live channel); change only when re-axing the map."
"CAL_revlimit_maf_max_by_gear","4000d033","Data Label","u8_flow_2g/s[7]","Calibration: revlimit max MAF by gear. Tunable map/constant (not a live channel); log to confirm where and how the rev limiter intervenes. (g/s; raw*2)"
"CAL_ecu_engine_speed_target_tour_X_pps","4000d03a","Data Label","u16_factor_1/1023[10]","X-axis breakpoints for the 'ECU engine speed target tour' table. Defines the lookup grid (not a live channel); change only when re-axing the map."
"CAL_ecu_engine_speed_target_tour","4000d04e","Data Label","u16_rspeed_1/4rpm[10]","Calibration: ECU engine speed target tour. Tunable map/constant (not a live channel); mostly housekeeping/diagnostic state."
"CAL_idle_ign_comp_ips_X_target_rpm","4000d062","Data Label","u16_rspeed_rpm[16]",""
"CAL_idle_ign_comp_ips","4000d082","Data Label","uint16_t[16]",""
"CAL_dca_tps_limit_manual_X_time","4000d0a2","Data Label","uint8_t[8]","X-axis breakpoints for the 'Drive-Cycle-Assist throttle position limit manual' table. Defines the lookup grid (not a live channel); change only when re-axing the map."
"CAL_dca_tps_limit_manual","4000d0aa","Data Label","uint8_t[8]","Calibration: Drive-Cycle-Assist throttle position limit manual. Tunable map/constant (not a live channel); log to see throttle/pedal demand and throttle response."
"CAL_dca_tps_limit_ips_X_time","4000d0b2","Data Label","uint8_t[8]","X-axis breakpoints for the 'Drive-Cycle-Assist throttle position limit IPS' table. Defines the lookup grid (not a live channel); change only when re-axing the map."
"CAL_dca_tps_limit_ips","4000d0ba","Data Label","uint8_t[8]","Calibration: Drive-Cycle-Assist throttle position limit IPS. Tunable map/constant (not a live channel); log to see throttle/pedal demand and throttle response."
"CAL_dca_tps_limit_ips2_X_time","4000d0d2","Data Label","uint8_t[8]","X-axis breakpoints for the 'Drive-Cycle-Assist throttle position limit ips2' table. Defines the lookup grid (not a live channel); change only when re-axing the map."
"CAL_dca_tps_limit_ips2","4000d0da","Data Label","uint8_t[8]","Calibration: Drive-Cycle-Assist throttle position limit ips2. Tunable map/constant (not a live channel); log to see throttle/pedal demand and throttle response."
"CAL_tpstarget_tour_shifting_X_pps","4000d0e2","Data Label","u16_factor_1/1023[16]","X-axis breakpoints for the 'tpstarget tour shifting' table. Defines the lookup grid (not a live channel); change only when re-axing the map. (0-1; raw/1023)"
"CAL_tpstarget_tour_shifting","4000d102","Data Label","u16_factor_1/1023[16]","Calibration: tpstarget tour shifting. Tunable map/constant (not a live channel); log to compare requested throttle target to pedal demand. (0-1; raw/1023)"
"CAL_tpstarget_sport_shifting_X_pps","4000d122","Data Label","u16_factor_1/1023[16]","X-axis breakpoints for the 'tpstarget sport shifting' table. Defines the lookup grid (not a live channel); change only when re-axing the map. (0-1; raw/1023)"
"CAL_tpstarget_sport_shifting","4000d142","Data Label","u16_factor_1/1023[16]","Calibration: tpstarget sport shifting. Tunable map/constant (not a live channel); log to compare requested throttle target to pedal demand. (0-1; raw/1023)"
"CAL_revlimit_p_flow_gain_X_gear","4000d162","Data Label","uint8_t[7]","X-axis breakpoints for the 'revlimit p flow gain' table. Defines the lookup grid (not a live channel); change only when re-axing the map."
"CAL_revlimit_p_flow_gain","4000d169","Data Label","u8_factor_1/255[7]","Calibration: revlimit p flow gain. Tunable map/constant (not a live channel); log to confirm where and how the rev limiter intervenes. (0-1; raw/255)"
"CAL_revlimit_i_flow_gain_X_gear","4000d170","Data Label","uint8_t[7]","X-axis breakpoints for the 'revlimit i flow gain' table. Defines the lookup grid (not a live channel); change only when re-axing the map."
"CAL_revlimit_i_flow_gain","4000d177","Data Label","u8_factor_1/255[7]","Calibration: revlimit i flow gain. Tunable map/constant (not a live channel); log to confirm where and how the rev limiter intervenes. (0-1; raw/255)"
"CAL_revlimit_d_flow_gain_X_gear","4000d17e","Data Label","uint8_t[7]","X-axis breakpoints for the 'revlimit d flow gain' table. Defines the lookup grid (not a live channel); change only when re-axing the map."
"CAL_revlimit_d_flow_gain","4000d185","Data Label","u8_factor_1/255[7]","Calibration: revlimit d flow gain. Tunable map/constant (not a live channel); log to confirm where and how the rev limiter intervenes. (0-1; raw/255)"
"CAL_revlimit_airflow_gain_from_rpm","4000d194","Data Label","uint8_t",""
"CAL_obd_ii_coolant_warmup_thresholds","4000d195","Data Label","uint8_t",""
"CAL_obd_ii_coolant_warmup_thresholds","4000d196","Data Label","uint8_t",""
"CAL_obd_ii_similar_cond_load_window","4000d197","Data Label","uchar",""
"CAL_obd_ii_similar_cond_load_tol","4000d198","Data Label","undefined1",""
"CAL_obd_ii_cat_monitor_maf_min","4000d199","Data Label","uchar",""
"CAL_obd_ii_similar_cond_rpm_tol","4000d19a","Data Label","undefined2",""
"CAL_obd_ii_similar_cond_debounce_reload","4000d19c","Data Label","undefined2",""
"CAL_obd_ii_similar_cond_debounce_reload_plus2","4000d19e","Data Label","ushort",""
"CAL_obd_ii_similar_cond_debounce_reload_plus4","4000d1a0","Data Label","ushort",""
"CAL_tps_delta_rate_limit_0","4000d1a2","Data Label","uchar",""
"CAL_unknown2","4000d1a3","Data Label","uint8_t",""
"CAL_unknown4","4000d1a4","Data Label","uint8_t",""
"CAL_cluster_overtemp_warning_light","4000d1a8","Data Label","u8_temp_5/8-40c","Calibration: cluster overtemp warning light. Tunable map/constant (not a live channel); log to check what the ECU sends the dash (gauges/warnings). (deg C; raw*5/8-40)"
"CAL_obd_ii_unknown7","4000d1a9","Data Label","uint8_t",""
"CAL_obd_ii_adc_maf_unknown1","4000d1aa","Data Label","u16_voltage_5/1023v",""
"CAL_obd_ii_monitor_debounce_cycles","4000d1ac","Data Label","uint16_t",""
"CAL_obd_ii_brake_pedal_conflict_count","4000d1ae","Data Label","uchar",""
"CAL_obd_ii_P0116_coolant_deviation_max","4000d1af","Data Label","uchar",""
"CAL_car_speed_u8_limit","4000d1b0","Data Label","uchar",""
"CAL_car_speed_u8_limit_next","4000d1b1","Data Label","uchar",""
"CAL_car_speed_u8_limit_plus2","4000d1b2","Data Label","uchar",""
"CAL_evap_vacuum_threshold","4000d1b3","Data Label","uint8_t",""
"CAL_car_speed_u8_limit_plus4","4000d1b4","Data Label","uchar",""
"CAL_misfire_per_cyl_learn_enable","4000d1b5","Data Label","bool",""
"CAL_obd_ii_o2_sensor1_voltage_threshold","4000d1b6","Data Label","ushort",""
"CAL_obd_ii_o2_sensor1_voltage_limit","4000d1b8","Data Label","ushort",""
"CAL_obd_ii_o2_sensor2_voltage_threshold","4000d1ba","Data Label","ushort",""
"CAL_obd_ii_o2_sensor2_voltage_limit","4000d1bc","Data Label","ushort",""
"CAL_sensor_iat_voltage_threshold","4000d1be","Data Label","u16_voltage_5/1023v",""
"CAL_sensor_adc_engine_air_threshold","4000d1c0","Data Label","ushort",""
"CAL_sensor_adc_engine_air_threshold_plus2","4000d1c2","Data Label","u16_pressure_mbar",""
"CAL_sensor_adc_engine_air_threshold_plus4","4000d1c4","Data Label","u8_temp_5/8-40c",""
"u8_temp_5/8-40c","4000d1c5","Data Label","undefined1",""
"CAL_obd_ii_P0420_maf_min","4000d1c6","Data Label","u16_flow_10mg/s",""
"CAL_obd_ii_P0420_maf_max","4000d1c8","Data Label","u16_flow_10mg/s",""
"CAL_obd_ii_postcat_o2_voltage_bias","4000d1ca","Data Label","uint8_t","Calibration: OBD postcat O2 voltage bias. Tunable map/constant (not a live channel); adjust to change this behavior."
"CAL_obd_ii_postcat_o2_voltage_scaling_unknown","4000d1cb","Data Label","uint8_t",""
"CAL_obd_ii_postcat_o2_voltage_scaling_unknown","4000d1cc","Data Label","uint8_t",""
"CAL_obd_ii_o2_activity_rate_inband","4000d1cd","Data Label","uchar",""
"CAL_obd_ii_P0420_car_speed_max","4000d1ce","Data Label","u8_speed_kph",""
"CAL_obd_ii_P0420_car_speed_min","4000d1cf","Data Label","u8_speed_kph",""
"CAL_sensor_adc_baro_limit","4000d1d0","Data Label","u16_voltage_5/1023v",""
"CAL_sensor_adc_baro_threshold","4000d1d2","Data Label","u16_voltage_5/1023v",""
"CAL_sensor_coolant_voltage_threshold","4000d1d4","Data Label","u16_voltage_5/1023v",""
"CAL_sensor_coolant_threshold_unknown","4000d1d6","Data Label","u16_voltage_5/1023v",""
"CAL_revlimit_limp_mode_rpm_reduction","4000d1d8","Data Label","u16_rspeed_rpm","Calibration: revlimit limp mode offset. Tunable map/constant (not a live channel); log to confirm where and how the rev limiter intervenes. (RPM)"
"CAL_obd_ii_o2_slow_response_arm_dwell","4000d1da","Data Label","u16_time_5ms",""
"CAL_ecu_system_voltage_threshold","4000d1dc","Data Label","uint16_t",""
"CAL_sensor_adc_ecu_voltage_threshold","4000d1de","Data Label","ushort",""
"CAL_obd_ii_P0562_sample_count","4000d1e0","Data Label","uchar",""
"CAL_obd_ii_P0563_sample_count","4000d1e1","Data Label","uchar",""
"CAL_sensor_baro_sensor_failure_fallback","4000d1e2","Data Label","uint8_t",""
"CAL_obd_ii_P0128_iat_min","4000d1e3","Data Label","u8_temp_5/8-40c",""
"CAL_sensor_atmo_pressure_default","4000d1e4","Data Label","u16_pressure_mbar","Calibration: sensor atmo pressure default. Tunable map/constant (not a live channel); log the raw sensor signal to check sensor health and range. (mbar)"
"CAL_sensor_atmo_pressure_default_plus2","4000d1e6","Data Label","u16_voltage_5/1023v",""
"CAL_sensor_atmo_pressure_default_plus4","4000d1e8","Data Label","u16_voltage_5/1023v",""
"CAL_obd_ii_cat_postcat_o2_lean_offset","4000d1ea","Data Label","ushort",""
"CAL_obd_ii_cat_postcat_o2_rich_offset","4000d1ec","Data Label","u16_voltage_5/1023v",""
"CAL_obd_ii_cat_efficiency_ratio_max","4000d1ee","Data Label","ushort",""
"CAL_obd_ii_vvt_exhaust_error_bank1_limit","4000d1f0","Data Label","ushort",""
"CAL_obd_P0171_ltft_limit","4000d1f2","Data Label","i16_factor_1/10",""
"CAL_obd_P0172_ltft_limit","4000d1f4","Data Label","i16_factor_1/10",""
"CAL_car_speed_u8_threshold","4000d1f6","Data Label","uchar",""
"CAL_car_speed_u8_limit_0","4000d1f7","Data Label","uchar",""
"CAL_car_speed_u8_limit_0_next","4000d1f8","Data Label","uchar",""
"CAL_car_speed_u8_limit_0_plus2","4000d1f9","Data Label","uchar",""
"CAL_car_speed_u8_limit_0_plus3","4000d1fa","Data Label","ushort",""
"CAL_obd_ii_mode06_o2_switch_time_max","4000d1fc","Data Label","ushort",""
"CAL_obd_ii_P0111_mass_air_min","4000d1fe","Data Label","uchar",""
"CAL_misfire_enable_coolant_min","4000d200","Data Label","u8_temp_5/8-40c",""
"CAL_misfire_enable_coolant_max","4000d201","Data Label","u8_temp_5/8-40c",""
"CAL_tpms_low_pressure_18_19","4000d202","Data Label","u8_pressure_100mbar",""
"CAL_tpms_low_warn_offset_18_19","4000d203","Data Label","u8_pressure_100mbar",""
"CAL_tpms_low_pressure_19_20","4000d204","Data Label","u8_pressure_100mbar",""
"CAL_tpms_low_warn_offset_19_20","4000d205","Data Label","u8_pressure_100mbar",""
"CAL_misfire_enable_rpm_min","4000d206","Data Label","u8_rspeed_125/4+500rpm",""
"CAL_misfire_enable_rpm_max","4000d207","Data Label","u8_rspeed_125/4+500rpm",""
"CAL_misfire_enable_rpm_max_plus1","4000d208","Data Label","ushort",""
"CAL_misfire_failed_bank_scaling","4000d20a","Data Label","u8_factor_1/255","Calibration: misfire failed bank scaling. Tunable map/constant (not a live channel); log to find misfires and which cylinder is responsible. (0-1; raw/255)"
"CAL_obd_ii_P0685_voltage_delta","4000d20b","Data Label","uint8_t",""
"CAL_car_speed_u8_threshold_0","4000d20c","Data Label","uchar",""
"CAL_ecu_cam_signal_loss_threshold","4000d20d","Data Label","u8_count",""
"CAL_obd_ii_o2_activity_rate_outband","4000d20e","Data Label","uchar",""
"CAL_engine_speed_3_threshold_0","4000d20f","Data Label","uchar",""
"CAL_idle_monitor_voltage_operating_range","4000d210","Data Label","u16_voltage_18/1023v[2]",""
"CAL_engine_speed_3_threshold_0_plus3","4000d212","Data Label","u16_voltage_18/1023v",""
"CAL_idle_learn_ac_on_param","4000d214","Data Label","uchar",""
"CAL_obd_ii_idle_learn_limit","4000d215","Data Label","uchar",""
"CAL_obd_ii_idle_error_fail_count","4000d216","Data Label","uchar",""
"CAL_vvt_zero_target_timeout","4000d217","Data Label","u8_time_100ms","Calibration: VVT zero target timeout. Tunable map/constant (not a live channel); log commanded vs actual cam timing to verify VVT response. (ms; raw*100)"
"CAL_coolant_temp_limit","4000d218","Data Label","uchar",""
"CAL_obd_ii_vvt_error_fail_count","4000d219","Data Label","u8_count",""
"CAL_vvt_runtime_since_start_limit_unknown","4000d21a","Data Label","u16_time_5ms",""
"CAL_misfire_unknown6","4000d21c","Data Label","ushort",""
"CAL_misfire_unknown2","4000d21e","Data Label","ushort",""
"CAL_obd_ii_P1302_pass_holdoff","4000d220","Data Label","ushort",""
"CAL_air_temp_intake_limit","4000d222","Data Label","uchar",""
"CAL_air_temp_intake_threshold","4000d223","Data Label","uchar",""
"CAL_unknown1","4000d224","Data Label","u16_speed_1/100kph",""
"CAL_obd_P0171_learn_time_threshold","4000d226","Data Label","u8_time_10ms",""
"CAL_obd_P0172_learn_time_threshold","4000d227","Data Label","u8_time_10ms",""
"CAL_accel_pedal_correlation_max_diff","4000d228","Data Label","u16_time_10ms",""
"obd_common_test_complete","4000d22a","Data Label","undefined1",""
"obd_engine_tests_available","4000d22b","Data Label","undefined1",""
"CAL_coolant_temp_threshold","4000d22c","Data Label","uchar",""
"CAL_obd_ii_o2_sensors_present","4000d22d","Data Label","uint8_t","Calibration: OBD O2 sensors present. Tunable map/constant (not a live channel); adjust to change this behavior."
"CAL_obd_ii_standards_supported","4000d22e","Data Label","uint8_t","Calibration: OBD standards supported. Tunable map/constant (not a live channel); adjust to change this behavior."
"CAL_obd_ii_standards_supported_next","4000d22f","Data Label","uchar",""
"CAL_obd_ii_standards_supported_plus2","4000d230","Data Label","uchar",""
"CAL_obd_ii_standards_supported_plus3","4000d231","Data Label","uchar",""
"CAL_obd_ii_standards_supported_plus4","4000d232","Data Label","ushort",""
"CAL_lea_misfire_baseline_set","4000d236","Data Label","uchar",""
"CAL_coolant_temp_threshold_0","4000d239","Data Label","uchar",""
"CAL_sensor_o2_heater_undercurrent_threshold","4000d23a","Data Label","uint16_t",""
"CAL_sensor_o2_heater_overcurrent_threshold_mA","4000d23c","Data Label","u16_current_mA",""
"CAL_obd_ii_switch_voltage_debounce","4000d23e","Data Label","uchar",""
"CAL_obd_ii_engine_speed_3_threshold_1","4000d23f","Data Label","uchar",""
"CAL_obd_ii_vvt_ok_pass_count","4000d240","Data Label","uchar",""
"CAL_engine_speed_3_limit","4000d241","Data Label","uchar",""
"CAL_load_mass_per_stroke_raw_limit_1","4000d242","Data Label","ushort",""
"CAL_load_mass_per_stroke_raw_limit_2","4000d244","Data Label","ushort",""
"CAL_engine_speed_3_threshold_2","4000d246","Data Label","uchar",""
"CAL_engine_speed_3_threshold_3","4000d247","Data Label","uchar",""
"CAL_obd_ii_o2_switch_time_threshold","4000d248","Data Label","uint8_t",""
"CAL_obd_ii_o2_switch_time_min","4000d249","Data Label","uchar",""
"CAL_sensor_accel_pedal_pos_d_threshold","4000d24a","Data Label","uint16_t[2]","Calibration: sensor accelerator pedal position d threshold. Tunable map/constant (not a live channel); log the raw sensor signal to check sensor health and range."
"CAL_sensor_accel_pedal_pos_e_threshold","4000d24e","Data Label","uint16_t[2]","Calibration: sensor accelerator pedal position e threshold. Tunable map/constant (not a live channel); log the raw sensor signal to check sensor health and range."
"CAL_sensor_pps_correlation_max_delta","4000d252","Data Label","uint16_t",""
"CAL_sensor_pps_correlation_enable_max","4000d254","Data Label","uint16_t",""
"CAL_obd_ii_P0638_tps_error_max","4000d256","Data Label","ushort",""
"CAL_obd_ii_P2173_load_difference_max","4000d258","Data Label","ushort",""
"CAL_obd_ii_o2_precat_diag_timer","4000d25a","Data Label","uint16_t",""
"CAL_obd_ii_mode2f_timeout","4000d25c","Data Label","u16_time_100ms","Calibration: OBD mode2f timeout. Tunable map/constant (not a live channel); adjust to change this behavior. (ms; raw*100)"
"CAL_ecu_obd_mode2F_timer","4000d25e","Data Label","uint16_t",""
"CAL_ecu_obd_engine_off_gate_delay","4000d260","Data Label","uint16_t","Calibration: ECU OBD engine off gate delay. Tunable map/constant (not a live channel); mostly housekeeping/diagnostic state."
"CAL_ecu_coil_test_firing_interval","4000d262","Data Label","u8_time_5ms",""
"CAL_coolant_temp_threshold_1","4000d263","Data Label","uchar",""
"CAL_coolant_temp_threshold_1_plus1","4000d264","Data Label","ushort",""
"CAL_coolant_temp_threshold_1_plus3","4000d266","Data Label","ushort",""
"CAL_obd_ii_mode08_evap_test_duration","4000d268","Data Label","ushort",""
"CAL_obd_ii_wheel_speed_correlation_rpm_max","4000d26a","Data Label","u8_rspeed_125/4+500rpm",""
"CAL_tps_commanded_during_fault","4000d26b","Data Label","u8_factor_1/255","Calibration: throttle position commanded during fault. Tunable map/constant (not a live channel); log to see throttle/pedal demand and throttle response. (0-1; raw/255)"
"CAL_sensor_iat_fallback","4000d26c","Data Label","u8_temp_5/8-40c","Calibration: sensor intake-air temp fallback. Tunable map/constant (not a live channel); log the raw sensor signal to check sensor health and range. (deg C; raw*5/8-40)"
"CAL_sensor_coolant_temp_fallback_value","4000d26d","Data Label","u8_temp_5/8-40c","Calibration: sensor coolant temperature fallback value. Tunable map/constant (not a live channel); log the raw sensor signal to check sensor health and range. (deg C; raw*5/8-40)"
"CAL_cluster_fuel_level_warning_threshold","4000d270","Data Label","u8_volume_liter[2]","Calibration: cluster fuel level warning threshold. Tunable map/constant (not a live channel); log to follow fuel delivery and mixture control. (L)"
"CAL_unused5","4000d272","Data Label","uint32_t","Unused2. Runtime state -- log to observe this behavior."
"CAL_obd_ii_P0106_rpm_window","4000d276","Data Label","u8_rspeed_125/4+500rpm[2]",""
"CAL_obd_ii_P0106_tps_window","4000d278","Data Label","u8_factor_1/255[2]",""
"CAL_load_alphaN_use_tmap_density","4000d27a","Data Label","uint8_t",""
"CAL_load_alphaN_use_tmap_density","4000d27b","Data Label","uint8_t",""
"CAL_evap_state_timer_threshold","4000d27c","Data Label","uint8_t",""
"CAL_obd_ii_oil_pressure_switch_low_voltage","4000d27d","Data Label","uint8_t",""
"CAL_oil_pressure_switch_startup_time","4000d27e","Data Label","uint16_t",""
"CAL_obd_ii_P0106_vacuum_error_limits","4000d28c","Data Label","u16_pressure_mbar[2]",""
"CAL_sensor_intake_air_temp_voltage_threshold","4000d290","Data Label","uint16_t",""
"CAL_sensor_intake_air_plus2","4000d292","Data Label","ushort",""
"CAL_sensor_intake_air_plus4","4000d294","Data Label","ushort",""
"CAL_obd_ii_o2_postcat_activity_min","4000d296","Data Label","ushort",""
"CAL_sensor_o2_rich_voltage_threshold","4000d298","Data Label","uint16_t",""
"CAL_o2_threshold_precat","4000d29c","Data Label","o2_narrowband_threshold","Calibration: O2 threshold precat. Tunable map/constant (not a live channel); adjust to change this behavior."
"CAL_o2_threshold","4000d29c","Data Label","o2_narrowband_threshold","Calibration: O2 threshold precat. Tunable map/constant (not a live channel); adjust to change this behavior."
"CAL_obd_ii_cat_monitor_min_engine_runtime","4000d2a0","Data Label","uint16_t",""
"CAL_o2_threshold_postcat","4000d2a2","Data Label","o2_narrowband_threshold","Calibration: O2 threshold postcat. Tunable map/constant (not a live channel); adjust to change this behavior."
"CAL_sensor_o2_lean_voltage_threshold","4000d2a6","Data Label","uint16_t",""
"CAL_misfire_emissions_limit","4000d2a8","Data Label","u8_count","Calibration: misfire emissions limit. Tunable map/constant (not a live channel); log to find misfires and which cylinder is responsible."
"CAL_obd_ii_rpm_unknown3","4000d2a9","Data Label","u8_rspeed_125/4+500rpm[2]",""
"CAL_obd_ii_P0128_min_runtime_lowspeed_ratio","4000d2ac","Data Label","uint8_t",""
"CAL_obd_ii_P0128_lowspeed_threshold","4000d2ad","Data Label","u8_speed_kph",""
"CAL_obd_ii_P0111_iat_agreement_tol","4000d2ae","Data Label","uchar",""
"CAL_obd_ii_P0116_coolant_deviation_max","4000d2af","Data Label","uchar",""
"CAL_obd_ii_runtime_since_start_threshold_unknown","4000d2b0","Data Label","u16_time_5ms",""
"CAL_obd_ii_temp_unknown","4000d2b2","Data Label","u8_temp_5/8-40c",""
"CAL_obd_ii_temp_unknown2","4000d2b3","Data Label","u8_temp_5/8-40c",""
"CAL_evap_purge_pressure_voltage_threshold","4000d2b4","Data Label","ushort",""
"CAL_evap_purge_pressure_voltage_threshold_0","4000d2b6","Data Label","ushort",""
"CAL_evap_purge_pressure_plus2","4000d2b8","Data Label","ushort",""
"CAL_sensor_fuel_level_sensor_voltage_threshold","4000d2ba","Data Label","u16_voltage_5/1023v[2]","Calibration: sensor fuel level sensor voltage threshold. Tunable map/constant (not a live channel); log to follow fuel delivery and mixture control. (V; raw*5/1023)"
"CAL_coolant_temp_limit_0","4000d2bf","Data Label","uchar",""
"CAL_temp_engine_air_threshold_0","4000d2c0","Data Label","uchar",""
"CAL_evap_unknown2","4000d2c1","Data Label","u8_temp_5/8-40c",""
"CAL_evap_leak_vacuum_decay_sample","4000d2c3","Data Label","uint8_t",""
"CAL_cat_check_unknown4","4000d2c4","Data Label","ushort",""
"CAL_obd_ii_commanded_evap_purge_threshold","4000d2c6","Data Label","ushort",""
"CAL_obd_ii_commanded_plus2","4000d2c8","Data Label","ushort",""
"CAL_evap_system_state_flags_param","4000d2ca","Data Label","ushort",""
"CAL_evap_purge_flow_state_timer_init","4000d2cc","Data Label","uchar",""
"CAL_evap_canister_purge_solenoid_timer_init","4000d2cd","Data Label","uchar",""
"CAL_evap_canister_purge_next","4000d2ce","Data Label","uchar",""
"CAL_evap_canister_purge_plus2","4000d2cf","Data Label","uchar",""
"CAL_evap_canister_purge_plus3","4000d2d0","Data Label","ushort",""
"CAL_obd_ii_evap_vapor_pressure_limit","4000d2d4","Data Label","ushort",""
"CAL_evap_leak_test_fuel_level_min","4000d2d6","Data Label","u8_volume_1/10gallon",""
"CAL_evap_leak_test_fuel_level_max","4000d2d7","Data Label","u8_volume_1/10gallon",""
"CAL_evap_purge_flow_vacuum_min","4000d2d8","Data Label","uint16_t",""
"CAL_evap_leak_test_pre_start_delay","4000d2da","Data Label","u8_count",""
"CAL_evap_leak_test_purge_settle_delay","4000d2db","Data Label","u8_count",""
"CAL_evap_leak_test_settle_samples","4000d2dc","Data Label","uchar",""
"CAL_evap_leak_test_stage4_dwell","4000d2dd","Data Label","uchar",""
"CAL_evap_leak_test_sample_count","4000d2de","Data Label","ushort",""
"CAL_obd_ii_commanded_evap_purge_limit","4000d2e0","Data Label","ushort",""
"CAL_obd_ii_commanded_evap_purge_limit_0","4000d2e2","Data Label","ushort",""
"CAL_maf_flow_1_limit","4000d2f0","Data Label","uchar",""
"CAL_coolant_temp_engine_stopped_threshold","4000d2f1","Data Label","uchar",""
"CAL_cooling_thermostat_open","4000d2f2","Data Label","u8_temp_5/8-40c","Calibration: cooling thermostat open. Tunable map/constant (not a live channel); log to confirm fans/pumps switch at the right temperatures. (deg C; raw*5/8-40)"
"CAL_coolant_temp_engine_stopped_limit","4000d2f3","Data Label","uchar",""
"CAL_sensor_knock_voltage_threshold","4000d2f4","Data Label","uint16_t",""
"CAL_knock_sensor_b1_dc_bias_threshold","4000d2f6","Data Label","ushort",""
"CAL_obd_ii_cat_unknown11","4000d2f8","Data Label","u8_temp_5/8-40c",""
"CAL_obd_ii_cat_unknown10","4000d2f9","Data Label","u8_temp_5/8-40c",""
"CAL_obd_ii_cat_unknown2","4000d2fa","Data Label","u16_time_5ms",""
"CAL_obd_ii_cat_unknown3","4000d2fc","Data Label","u16_pressure_mbar",""
"CAL_obd_ii_unknown5","4000d2fe","Data Label","u8_temp_5/8-40c",""
"CAL_coolant_temp_limit_1","4000d2ff","Data Label","uchar",""
"CAL_coolant_temp_threshold_2","4000d300","Data Label","uchar",""
"CAL_obd_ii_cat_unknown6","4000d301","Data Label","u8_speed_kph",""
"CAL_obd_ii_cat_unknown9","4000d302","Data Label","u8_speed_kph",""
"CAL_car_speed_u8_limit_1_next","4000d303","Data Label","uchar",""
"CAL_obd_cat_monitor_init_counter_2","4000d304","Data Label","ushort",""
"CAL_car_speed_u8_limit_1_plus4","4000d306","Data Label","ushort",""
"CAL_obd_ii_cat_monitor_window_time","4000d308","Data Label","ushort",""
"CAL_obd_ii_cat_monitor_stable_time","4000d30a","Data Label","ushort",""
"CAL_obd_evap_stability_window_samples","4000d30c","Data Label","uchar",""
"CAL_obd_evap_entry_settle_delay","4000d30d","Data Label","uchar",""
"CAL_obd_evap_refuel_level_rise_threshold","4000d30e","Data Label","uchar",""
"CAL_obd_evap_fuel_level_noise_count_limit","4000d30f","Data Label","uchar",""
"CAL_obd_evap_pressure_noise_count_limit","4000d310","Data Label","uchar",""
"CAL_obd_evap_fuel_level_noise_threshold","4000d311","Data Label","u8_volume_1/10gallon",""
"CAL_obd_evap_pressure_noise_threshold","4000d312","Data Label","uint16_t",""
"CAL_fuel_sender_diag_level_lo","4000d314","Data Label","u8_volume_1/10gallon",""
"CAL_evap_fuel_level_threshold_mid","4000d315","Data Label","uint8_t",""
"CAL_tpms_high_pressure_19_20","4000d316","Data Label","u8_pressure_100mbar",""
"CAL_tpms_nominal_pressure_19_20","4000d317","Data Label","u8_pressure_100mbar",""
"CAL_tpms_gen2_low_pressure_threshold_19_20","4000d318","Data Label","undefined1",""
"CAL_tpms_gen2_low_warn_19_20","4000d319","Data Label","uchar",""
"CAL_sensor_temp_diagnostic_startup_delay","4000d31a","Data Label","u16_time_5ms","Calibration: sensor temperature diagnostic startup delay. Tunable map/constant (not a live channel); log the raw sensor signal to check sensor health and range. (ms; raw*5)"
"CAL_obd_ac_load_diag_tolerance_pct","4000d31c","Data Label","uchar",""
"CAL_fuel_level_wobble_threshold","4000d31d","Data Label","u8_volume_1/10gallon",""
"CAL_sensor_temp_diagnostic_plus4","4000d31e","Data Label","ushort",""
"CAL_sensor_tps_voltage_theshold1","4000d320","Data Label","u16_voltage_5/1023v[2]","Calibration: sensor throttle position voltage theshold1. Tunable map/constant (not a live channel); log to see throttle/pedal demand and throttle response. (V; raw*5/1023)"
"CAL_sensor_tps_voltage_theshold2","4000d324","Data Label","u16_voltage_5/1023v[2]","Calibration: sensor throttle position voltage theshold2. Tunable map/constant (not a live channel); log to see throttle/pedal demand and throttle response. (V; raw*5/1023)"
"CAL_vvt_cam_position_error_max","4000d328","Data Label","uchar",""
"CAL_tpms_high_pressure_18_19","4000d329","Data Label","u8_pressure_100mbar",""
"CAL_tpms_nominal_pressure_18_19","4000d32a","Data Label","u8_pressure_100mbar",""
"CAL_tpms_gen2_low_pressure_threshold_18_19","4000d32b","Data Label","undefined1",""
"CAL_tpms_gen2_low_next","4000d32c","Data Label","uchar",""
"CAL_obd_ac_load_diag_rpm_min_div50","4000d32d","Data Label","uchar",""
"CAL_tpms_gen2_low_plus3","4000d32e","Data Label","uchar",""
"CAL_tpms_gen2_low_plus4","4000d32f","Data Label","uchar",""
"CAL_obd_ii_P0806_clutch_span_min","4000d330","Data Label","ushort",""
"CAL_clutch_pos_voltage_threshold","4000d332","Data Label","ushort",""
"CAL_bootloader_rx_buffer_threshold","4000d334","Data Label","ushort",""
"CAL_ac_evap_temp_voltage_threshold","4000d336","Data Label","u16_voltage_5/1023v",""
"CAL_trans_gear_ratio_sport","4000d338","Data Label","uint16_t",""
"CAL_ecu_gear_close_ratio","4000d33a","Data Label","uint16_t[10]","Calibration: ECU gear close ratio. Tunable map/constant (not a live channel); mostly housekeeping/diagnostic state."
"CAL_ecu_gear_close_ratio_topgear","4000d34e","Data Label","uint16_t[2]","Calibration: ECU gear close ratio topgear. Tunable map/constant (not a live channel); mostly housekeeping/diagnostic state."
"CAL_airbox_flapper_engine_speed_sport","4000d352","Data Label","u16_rspeed_rpm[2]","Calibration: airbox flapper engine speed sport. Tunable map/constant (not a live channel); log to follow core engine state. (RPM)"
"CAL_airbox_flapper_engine_speed_tour2","4000d356","Data Label","u16_rspeed_rpm[2]","Calibration: airbox flapper engine speed tour2. Tunable map/constant (not a live channel); log to follow core engine state. (RPM)"
"CAL_airbox_flapper_engine_speed_sport2","4000d35a","Data Label","u16_rspeed_rpm[2]","Calibration: airbox flapper engine speed sport2. Tunable map/constant (not a live channel); log to follow core engine state. (RPM)"
"CAL_fuel_usage_to_flow_scaling","4000d35e","Data Label","uint16_t","Calibration: fuel usage to flow scaling. Tunable map/constant (not a live channel); log to follow fuel delivery and mixture control."
"CAL_closedloop_stft_idle_max_limit","4000d360","Data Label","uint8_t",""
"CAL_closedloop_o2_switch_threshold_ips","4000d361","Data Label","uint8_t",""
"CAL_closedloop_max_tipin_enrichment","4000d362","Data Label","uint8_t",""
"CAL_closedloop_max_tipout_enleanment","4000d364","Data Label","uint8_t",""
"CAL_closedloop_max_tipout_enleanment","4000d365","Data Label","uint8_t",""
"CAL_closedloop_max_tipout_enleanment_next","4000d366","Data Label","uchar",""
"CAL_closedloop_tipout_holdoff_ticks","4000d367","Data Label","uchar",""
"CAL_closedloop_max_tipout_enleanment_plus3","4000d368","Data Label","u16_rspeed_rpm",""
"CAL_obd_ii_P0111_maf_low_band","4000d36c","Data Label","uchar",""
"CAL_maf_flow_1_limit_0","4000d36d","Data Label","uchar",""
"CAL_maf_flow_1_limit_0_next","4000d36e","Data Label","uchar",""
"CAL_obd_ii_P0111_iat_span_min","4000d36f","Data Label","uchar",""
"CAL_obd_ii_P0111_airflow_stage_time","4000d370","Data Label","uchar",""
"CAL_maf_flow_1_limit_0_plus4","4000d371","Data Label","uchar",""
"CAL_obd_ii_high_load_monitor_afr_max","4000d372","Data Label","u16_afr_1/100",""
"CAL_obd_ii_P2191_lean_confirm_time","4000d374","Data Label","uchar",""
"CAL_obd_ii_P2192_rich_confirm_time","4000d375","Data Label","uchar",""
"CAL_obd_ii_high_load_monitor_load_min","4000d376","Data Label","u8_load_4mg/stroke",""
"CAL_car_speed_u8_threshold_2","4000d377","Data Label","uchar",""
"CAL_car_speed_u8_threshold_2_plus1","4000d378","Data Label","ushort",""
"CAL_car_speed_u8_threshold_2_plus3","4000d37a","Data Label","ushort",""
"CAL_obd_ii_o2_monitor_window_time","4000d37c","Data Label","ushort",""
"CAL_obd_ii_monitor_rpm_delta_max","4000d37e","Data Label","ushort",""
"CAL_idle_coolant_fallback_temp","4000d380","Data Label","u8_temp_5/8-40c","Calibration: idle coolant fallback temperature. Tunable map/constant (not a live channel); log to diagnose idle quality\, hunting\, and stalls. (deg C; raw*5/8-40)"
"CAL_idle_sensor_fault_coolant_temp","4000d381","Data Label","uint8_t",""
"CAL_idle_sensor_fault_coolant_temp","4000d382","Data Label","uint8_t",""
"CAL_idle_sensor_fault_coolant_temp_next","4000d383","Data Label","uchar",""
"CAL_evap_pressure_deviation_max","4000d384","Data Label","uchar",""
"CAL_idle_sensor_fault_coolant_temp_plus3","4000d385","Data Label","uchar",""
"CAL_obd_ii_o2_period_consistency_tol","4000d388","Data Label","uchar",""
"CAL_obd_ii_o2_imbalance_sample_count","4000d389","Data Label","uchar",""
"CAL_maf_flow_1_limit_1","4000d38a","Data Label","ushort",""
"CAL_obd_o2_precat_diag_init_counter","4000d38c","Data Label","ushort",""
"CAL_maf_flow_1_limit_1_plus4","4000d38e","Data Label","uchar",""
"CAL_obd_ii_o2_imbalance_accum_cap","4000d38f","Data Label","uchar",""
"CAL_obd_ii_cat_check_transient_blackout","4000d390","Data Label","ushort",""
"CAL_obd_ii_cat_check_tps_rate_max","4000d392","Data Label","uchar",""
"CAL_obd_ii_tps_unknown1","4000d393","Data Label","u8_factor_1/255",""
"CAL_misfire_rough_road_speed_min","4000d394","Data Label","u16_speed_1/100kph",""
"CAL_obd_ii_rpm_unknown1","4000d396","Data Label","u16_rspeed_rpm",""
"CAL_maf_flow_1_threshold_3","4000d398","Data Label","ushort",""
"CAL_obd_o2_precat_diag_reset_counter","4000d39a","Data Label","ushort",""
"CAL_sensor_accel_pedal_midpoint_voltage_range","4000d39c","Data Label","uint16_t",""
"CAL_sensor_accel_pedal_midpoint_voltage_max","4000d39e","Data Label","ushort",""
"CAL_sensor_accel_pedal_plus4_0","4000d3a0","Data Label","uchar",""
"CAL_obd_ii_P0579_stuck_timeout","4000d3a1","Data Label","uchar",""
"CAL_clutch_sensor_confidence_max","4000d3a2","Data Label","uint16_t",""
"CAL_clutch_variance_threshold","4000d3a4","Data Label","uint8_t",""
"CAL_clutch_confidence_decrement","4000d3a5","Data Label","uint8_t",""
"CAL_clutch_confidence_increment","4000d3a6","Data Label","uint8_t",""
"CAL_clutch_confidence_increment","4000d3a7","Data Label","uint8_t",""
"CAL_load_mass_per_stroke_raw_limit_3","4000d3a8","Data Label","ushort",""
"CAL_obd_high_load_monitor_load_max","4000d3aa","Data Label","ushort",""
"CAL_engine_speed_3_limit_0","4000d3ac","Data Label","uchar",""
"CAL_engine_speed_3_threshold_4","4000d3ad","Data Label","uchar",""
"CAL_maf_flow_1_limit_2","4000d3ae","Data Label","ushort",""
"CAL_maf_flow_1_threshold_4","4000d3b0","Data Label","ushort",""
"CAL_obd_fuel_learn_eng_speed_delta_max","4000d3b2","Data Label","ushort",""
"CAL_coolant_temp_limit_2","4000d3b4","Data Label","uchar",""
"CAL_coolant_temp_limit_2_next","4000d3b5","Data Label","uchar",""
"CAL_obd_fuel_learn_inhibit_holdoff_ticks","4000d3b6","Data Label","ushort",""
"CAL_coolant_temp_limit_2_plus4","4000d3b8","Data Label","ushort",""
"CAL_obd_ii_o2_imbalance_threshold","4000d3ba","Data Label","ushort",""
"CAL_obd_ii_o2_imbalance_sample_period","4000d3bc","Data Label","uchar",""
"CAL_obd_ii_coolant_temp_unknown3","4000d3bd","Data Label","u8_temp_5/8-40c",""
"CAL_obd_ii_unknown19","4000d3be","Data Label","uchar",""
"CAL_obd_ii_air_temp_unknown1","4000d3bf","Data Label","u8_temp_5/8-40c",""
"CAL_obd_ii_runtime_unknown1","4000d3c0","Data Label","u8_time_s",""
"CAL_obd_iat_sensor_range_mid","4000d3c1","Data Label","uchar",""
"CAL_obd_ii_baro_unknown1","4000d3c2","Data Label","u16_pressure_mbar",""
"CAL_obd_ii_P0101_plausibility_enable","4000d3c4","Data Label","uchar",""
"CAL_obd_ii_knock_no_activity_count","4000d3c5","Data Label","uint8_t",""
"CAL_obd_ii_knock_monitor_sample_count","4000d3c6","Data Label","ushort",""
"CAL_knock_octane_scaler_short_term_limit","4000d3c8","Data Label","u16_factor_1/65536",""
"CAL_knock_threshold_obd_ii_check_enable_engine_speed","4000d3ca","Data Label","uint16_t",""
"CAL_knock_threshold_obd_ii_check_enable_load","4000d3cc","Data Label","uint8_t",""
"CAL_knock_threshold_obd_ii_check_enable_load","4000d3cd","Data Label","uint8_t",""
"CAL_can_yaw_timeout","4000d3ce","Data Label","u8_time_5ms",""
"CAL_can_lat_accel_standstill_timeout","4000d3cf","Data Label","u8_time_100ms",""
"CAL_can_yaw_data_timeout","4000d3d0","Data Label","u8_time_5ms",""
"CAL_sensor_lat_accel_raw_threshold","4000d3d1","Data Label","uint8_t",""
"CAL_sensor_lat_accel_smoothing_factor","4000d3d2","Data Label","u8_factor_1/255","Calibration: sensor lat accelerator smoothing factor. Tunable map/constant (not a live channel); log the raw sensor signal to check sensor health and range. (0-1; raw/255)"
"CAL_can_yaw_monitor_startup_delay","4000d3d3","Data Label","u8_time_s",""
"CAL_slip_gear_speed_ratios_ips","4000d3d4","Data Label","uint16_t[6]","Calibration: slip gear speed ratios IPS. Tunable map/constant (not a live channel); log to see wheel slip and traction-control intervention."
"CAL_slip_gear_speed_ratios_cr","4000d3e0","Data Label","uint16_t[6]","Calibration: slip gear speed ratios cr. Tunable map/constant (not a live channel); log to see wheel slip and traction-control intervention."
"CAL_slip_gear_speed_ratios_long","4000d3ec","Data Label","uint16_t[6]","Calibration: slip gear speed ratios long. Tunable map/constant (not a live channel); log to see wheel slip and traction-control intervention."
"CAL_slip_threshold_per_gear_manual","4000d3f9","Data Label","u8_rspeed_4+500rpm[5]","Calibration: slip threshold per gear manual. Tunable map/constant (not a live channel); log to see wheel slip and traction-control intervention. (RPM; raw*4+500)"
"CAL_slip_slip_threshold_per_gear_ips","4000d3fe","Data Label","u8_rspeed_4+500rpm[5]","Calibration: slip slip threshold per gear IPS. Tunable map/constant (not a live channel); log to see wheel slip and traction-control intervention. (RPM; raw*4+500)"
"CAL_slip_detect_mode","4000d403","Data Label","enum_slip_detect_mode","Calibration: slip detect mode. Tunable map/constant (not a live channel); log to see wheel slip and traction-control intervention."
"CAL_slip_threshold_1st_Gear","4000d404","Data Label","uint16_t",""
"CAL_slip_steering_limit","4000d406","Data Label","u16_angle_1/10deg","Calibration: slip steering limit. Tunable map/constant (not a live channel); log to see wheel slip and traction-control intervention. (deg; raw/10)"
"CAL_slip_inhibit_accel_pedal_min","4000d408","Data Label","uint16_t",""
"CAL_slip_steering_angle_max_unknown","4000d40a","Data Label","uint8_t",""
"CAL_overrev_advisory_coolant_max","4000d40b","Data Label","u8_temp_5/8-40c",""
"CAL_slip_timer_per_gear_intervention","4000d40c","Data Label","uint8_t","Calibration: slip timer per gear intervention. Tunable map/constant (not a live channel); log to see wheel slip and traction-control intervention."
"CAL_slip_car_speed_unknown1","4000d40d","Data Label","uint8_t",""
"CAL_slip_threshold_car_speed","4000d40e","Data Label","uint8_t",""
"CAL_overrev_advisory_margin_scale","4000d40f","Data Label","u8_factor_1/100",""
"CAL_slip_coldstart_coolant_threshold","4000d410","Data Label","uint8_t",""
"CAL_slip_inhibit_cornering_base","4000d411","Data Label","uint8_t",""
"CAL_slip_inhibit_cornering_offset","4000d412","Data Label","uint8_t",""
"CAL_slip_wheelspeed_front_accel_threshold","4000d413","Data Label","uint8_t",""
"CAL_slip_gear_offset_unknown","4000d414","Data Label","uint8_t",""
"CAL_slip_timer_intervention2","4000d415","Data Label","uint8_t",""
"CAL_slip_enable_speed","4000d416","Data Label","uint8_t",""
"CAL_tps_obd_throttle_model_step_max_opening","4000d417","Data Label","uint8_t",""
"CAL_tps_obd_throttle_model_gain_closing","4000d418","Data Label","uint8_t",""
"CAL_tps_obd_throttle_model_step_max_closing","4000d419","Data Label","uint8_t",""
"CAL_ign_base_ips_X_rpm","4000d7c4","Data Label","u8_rspeed_125/4+500rpm[20]","X-axis breakpoints for the 'ignition base IPS' table. Defines the lookup grid (not a live channel); change only when re-axing the map. (RPM; raw*125/4+500)"
"CAL_ign_base_ips_Y_load","4000d7d8","Data Label","u8_load_4mg/stroke[20]","Y-axis breakpoints for the 'ignition base IPS' table. Defines the lookup grid (not a live channel); change only when re-axing the map. (mg/stroke; raw*4)"
"CAL_ign_base_ips","4000d7ec","Data Label","u8_angle_1/4-10deg[400]","Calibration: ignition base IPS. Tunable map/constant (not a live channel); log spark advance to confirm the timing strategy and headroom to knock. (deg; raw/4-10)"
"CAL_obd_ii_P0106","4000d97d","Data Label","u8_obd2level_t6","Calibration that arms/thresholds the P0106 monitor (MAP/baro rationality). Fixed value -- it sets when that DTC trips\, not a live channel."
"CAL_obd_ii_P0107","4000d97e","Data Label","u8_obd2level_t6","Calibration that arms/thresholds the P0107 monitor (MAP/baro circuit low). Fixed value -- it sets when that DTC trips\, not a live channel."
"CAL_obd_ii_P0108","4000d97f","Data Label","u8_obd2level_t6","Calibration that arms/thresholds the P0108 monitor (MAP/baro circuit high). Fixed value -- it sets when that DTC trips\, not a live channel."
"CAL_obd_ii_P0111","4000d981","Data Label","u8_obd2level_t6","Calibration that arms/thresholds the P0111 monitor (IAT rationality). Fixed value -- it sets when that DTC trips\, not a live channel."
"CAL_obd_ii_P0112","4000d982","Data Label","u8_obd2level_t6","Calibration that arms/thresholds the P0112 monitor (IAT circuit low). Fixed value -- it sets when that DTC trips\, not a live channel."
"CAL_obd_ii_P0113","4000d983","Data Label","u8_obd2level_t6","Calibration that arms/thresholds the P0113 monitor (IAT circuit high). Fixed value -- it sets when that DTC trips\, not a live channel."
"CAL_obd_ii_P0071","4000d984","Data Label","u8_obd2level_t6","Calibration that arms/thresholds the P0071 monitor (ambient air temp sensor rationality). Fixed value -- it sets when that DTC trips\, not a live channel."
"CAL_obd_ii_P0116","4000d985","Data Label","u8_obd2level_t6","Calibration that arms/thresholds the P0116 monitor (coolant-temp rationality). Fixed value -- it sets when that DTC trips\, not a live channel."
"CAL_obd_ii_P0117","4000d986","Data Label","u8_obd2level_t6","Calibration that arms/thresholds the P0117 monitor (coolant-temp circuit low). Fixed value -- it sets when that DTC trips\, not a live channel."
"CAL_obd_ii_P0118","4000d987","Data Label","u8_obd2level_t6","Calibration that arms/thresholds the P0118 monitor (coolant-temp circuit high). Fixed value -- it sets when that DTC trips\, not a live channel."
"CAL_obd_ii_P2170","4000d988","Data Label","u8_obd2level_t6","Calibration that arms/thresholds the P2170 monitor (exhaust bypass valve stuck). Fixed value -- it sets when that DTC trips\, not a live channel."
"CAL_obd_ii_P2171","4000d989","Data Label","u8_obd2level_t6","Calibration that arms/thresholds the P2171 monitor (exhaust bypass valve). Fixed value -- it sets when that DTC trips\, not a live channel."
"CAL_obd_ii_P0122","4000d98a","Data Label","u8_obd2level_t6","Calibration that arms/thresholds the P0122 monitor (TPS/pedal A circuit low). Fixed value -- it sets when that DTC trips\, not a live channel."
"CAL_obd_ii_P0123","4000d98b","Data Label","u8_obd2level_t6","Calibration that arms/thresholds the P0123 monitor (TPS/pedal A circuit high). Fixed value -- it sets when that DTC trips\, not a live channel."
"CAL_obd_ii_P2191","4000d98c","Data Label","u8_obd2level_t6","Calibration that arms/thresholds the P2191 monitor (bank1 lean at load). Fixed value -- it sets when that DTC trips\, not a live channel."
"CAL_obd_ii_P0128","4000d98d","Data Label","u8_obd2level_t6","Calibration that arms/thresholds the P0128 monitor (coolant below thermostat regulating temp). Fixed value -- it sets when that DTC trips\, not a live channel."
"CAL_obd_ii_P0131","4000d98e","Data Label","u8_obd2level_t6","Calibration that arms/thresholds the P0131 monitor (O2 B1S1 low). Fixed value -- it sets when that DTC trips\, not a live channel."
"CAL_obd_ii_P0132","4000d98f","Data Label","u8_obd2level_t6","Calibration that arms/thresholds the P0132 monitor (O2 B1S1 high). Fixed value -- it sets when that DTC trips\, not a live channel."
"CAL_obd_ii_P0133","4000d990","Data Label","u8_obd2level_t6","Calibration that arms/thresholds the P0133 monitor (O2 B1S1 slow response). Fixed value -- it sets when that DTC trips\, not a live channel."
"CAL_obd_ii_P0134","4000d991","Data Label","u8_obd2level_t6","Calibration that arms/thresholds the P0134 monitor (O2 B1S1 inactive). Fixed value -- it sets when that DTC trips\, not a live channel."
"CAL_obd_ii_P0135","4000d992","Data Label","u8_obd2level_t6","Calibration that arms/thresholds the P0135 monitor (O2 B1S1 heater). Fixed value -- it sets when that DTC trips\, not a live channel."
"CAL_obd_ii_P2193","4000d993","Data Label","u8_obd2level_t6","Calibration that arms/thresholds the P2193 monitor (bank2 lean at load). Fixed value -- it sets when that DTC trips\, not a live channel."
"CAL_obd_ii_P0137","4000d994","Data Label","u8_obd2level_t6","Calibration that arms/thresholds the P0137 monitor (O2 B1S2 low). Fixed value -- it sets when that DTC trips\, not a live channel."
"CAL_obd_ii_P0138","4000d995","Data Label","u8_obd2level_t6","Calibration that arms/thresholds the P0138 monitor (O2 B1S2 high). Fixed value -- it sets when that DTC trips\, not a live channel."
"CAL_obd_ii_P0139","4000d996","Data Label","u8_obd2level_t6","Calibration that arms/thresholds the P0139 monitor (O2 B1S2 slow response). Fixed value -- it sets when that DTC trips\, not a live channel."
"CAL_obd_ii_P0140","4000d997","Data Label","u8_obd2level_t6","Calibration that arms/thresholds the P0140 monitor (O2 B1S2 inactive). Fixed value -- it sets when that DTC trips\, not a live channel."
"CAL_obd_ii_P0141","4000d998","Data Label","u8_obd2level_t6","Calibration that arms/thresholds the P0141 monitor (O2 B1S2 heater). Fixed value -- it sets when that DTC trips\, not a live channel."
"CAL_obd_ii_P0102","4000d999","Data Label","u8_obd2level_t6","Calibration that arms/thresholds the P0102 monitor (MAF circuit low). Fixed value -- it sets when that DTC trips\, not a live channel."
"CAL_obd_ii_P0103","4000d99a","Data Label","u8_obd2level_t6","Calibration that arms/thresholds the P0103 monitor (MAF circuit high). Fixed value -- it sets when that DTC trips\, not a live channel."
"CAL_obd_ii_P0101","4000d99b","Data Label","u8_obd2level_t6","Calibration that arms/thresholds the P0101 monitor (MAF rationality). Fixed value -- it sets when that DTC trips\, not a live channel."
"CAL_obd_ii_P2122","4000d99c","Data Label","u8_obd2level_t6","Calibration that arms/thresholds the P2122 monitor (pedal D low). Fixed value -- it sets when that DTC trips\, not a live channel."
"CAL_obd_ii_P2123","4000d99d","Data Label","u8_obd2level_t6","Calibration that arms/thresholds the P2123 monitor (pedal D high). Fixed value -- it sets when that DTC trips\, not a live channel."
"CAL_obd_ii_P2127","4000d99e","Data Label","u8_obd2level_t6","Calibration that arms/thresholds the P2127 monitor (pedal E low). Fixed value -- it sets when that DTC trips\, not a live channel."
"CAL_obd_ii_P2128","4000d99f","Data Label","u8_obd2level_t6","Calibration that arms/thresholds the P2128 monitor (pedal E high). Fixed value -- it sets when that DTC trips\, not a live channel."
"CAL_obd_ii_P0222","4000d9a0","Data Label","u8_obd2level_t6","Calibration that arms/thresholds the P0222 monitor (TPS/pedal B circuit low). Fixed value -- it sets when that DTC trips\, not a live channel."
"CAL_obd_ii_P0223","4000d9a1","Data Label","u8_obd2level_t6","Calibration that arms/thresholds the P0223 monitor (TPS/pedal B circuit high). Fixed value -- it sets when that DTC trips\, not a live channel."
"CAL_obd_ii_P2135","4000d9a2","Data Label","u8_obd2level_t6","Calibration that arms/thresholds the P2135 monitor (TPS A/B correlation). Fixed value -- it sets when that DTC trips\, not a live channel."
"CAL_obd_ii_P0638","4000d9a3","Data Label","u8_obd2level_t6","Calibration that arms/thresholds the P0638 monitor (throttle actuator control rationality bank1). Fixed value -- it sets when that DTC trips\, not a live channel."
"CAL_obd_ii_P2119","4000d9a4","Data Label","u8_obd2level_t6","Calibration that arms/thresholds the P2119 monitor (throttle body rationality). Fixed value -- it sets when that DTC trips\, not a live channel."
"CAL_obd_ii_P1106","4000d9a5","Data Label","u8_obd2level_t6","Calibration that arms/thresholds the P1106 monitor (mfr MAP/baro intermittent). Fixed value -- it sets when that DTC trips\, not a live channel."
"CAL_obd_ii_P0171","4000d9a6","Data Label","u8_obd2level_t6","Calibration that arms/thresholds the P0171 monitor (bank1 too lean). Fixed value -- it sets when that DTC trips\, not a live channel."
"CAL_obd_ii_P0172","4000d9a7","Data Label","u8_obd2level_t6","Calibration that arms/thresholds the P0172 monitor (bank1 too rich). Fixed value -- it sets when that DTC trips\, not a live channel."
"CAL_obd_ii_P0076","4000d9a9","Data Label","u8_obd2level_t6","Calibration that arms/thresholds the P0076 monitor (intake VVT solenoid bank1 low). Fixed value -- it sets when that DTC trips\, not a live channel."
"CAL_obd_ii_P0077","4000d9aa","Data Label","u8_obd2level_t6","Calibration that arms/thresholds the P0077 monitor (intake VVT solenoid bank1 high). Fixed value -- it sets when that DTC trips\, not a live channel."
"CAL_obd_ii_P0261","4000d9ab","Data Label","u8_obd2level_t6","Calibration that arms/thresholds the P0261 monitor (injector cyl1 low). Fixed value -- it sets when that DTC trips\, not a live channel."
"CAL_obd_ii_P0262","4000d9ac","Data Label","u8_obd2level_t6","Calibration that arms/thresholds the P0262 monitor (injector cyl1 high). Fixed value -- it sets when that DTC trips\, not a live channel."
"CAL_obd_ii_P0264","4000d9ad","Data Label","u8_obd2level_t6","Calibration that arms/thresholds the P0264 monitor (injector cyl2 low). Fixed value -- it sets when that DTC trips\, not a live channel."
"CAL_obd_ii_P0265","4000d9ae","Data Label","u8_obd2level_t6","Calibration that arms/thresholds the P0265 monitor (injector cyl2 high). Fixed value -- it sets when that DTC trips\, not a live channel."
"CAL_obd_ii_P0267","4000d9af","Data Label","u8_obd2level_t6","Calibration that arms/thresholds the P0267 monitor (injector cyl3 low). Fixed value -- it sets when that DTC trips\, not a live channel."
"CAL_obd_ii_P0268","4000d9b0","Data Label","u8_obd2level_t6","Calibration that arms/thresholds the P0268 monitor (injector cyl3 high). Fixed value -- it sets when that DTC trips\, not a live channel."
"CAL_obd_ii_P0270","4000d9b1","Data Label","u8_obd2level_t6","Calibration that arms/thresholds the P0270 monitor (injector cyl4 low). Fixed value -- it sets when that DTC trips\, not a live channel."
"CAL_obd_ii_P0271","4000d9b2","Data Label","u8_obd2level_t6","Calibration that arms/thresholds the P0271 monitor (injector cyl4 high). Fixed value -- it sets when that DTC trips\, not a live channel."
"CAL_obd_ii_P0273","4000d9b3","Data Label","u8_obd2level_t6","Calibration that arms/thresholds the P0273 monitor (injector cyl5 low). Fixed value -- it sets when that DTC trips\, not a live channel."
"CAL_obd_ii_P0274","4000d9b4","Data Label","u8_obd2level_t6","Calibration that arms/thresholds the P0274 monitor (injector cyl5 high). Fixed value -- it sets when that DTC trips\, not a live channel."
"CAL_obd_ii_P0276","4000d9b5","Data Label","u8_obd2level_t6","Calibration that arms/thresholds the P0276 monitor (injector cyl6 low). Fixed value -- it sets when that DTC trips\, not a live channel."
"CAL_obd_ii_P0277","4000d9b6","Data Label","u8_obd2level_t6","Calibration that arms/thresholds the P0277 monitor (injector cyl6 high). Fixed value -- it sets when that DTC trips\, not a live channel."
"CAL_obd_ii_P0628","4000d9b7","Data Label","u8_obd2level_t6","Calibration that arms/thresholds the P0628 monitor (fuel pump control low). Fixed value -- it sets when that DTC trips\, not a live channel."
"CAL_obd_ii_P0351","4000d9b8","Data Label","u8_obd2level_t6","Calibration that arms/thresholds the P0351 monitor (ignition coil 1). Fixed value -- it sets when that DTC trips\, not a live channel."
"CAL_obd_ii_P0352","4000d9b9","Data Label","u8_obd2level_t6","Calibration that arms/thresholds the P0352 monitor (ignition coil 2). Fixed value -- it sets when that DTC trips\, not a live channel."
"CAL_obd_ii_P0353","4000d9ba","Data Label","u8_obd2level_t6","Calibration that arms/thresholds the P0353 monitor (ignition coil 3). Fixed value -- it sets when that DTC trips\, not a live channel."
"CAL_obd_ii_P0354","4000d9bb","Data Label","u8_obd2level_t6","Calibration that arms/thresholds the P0354 monitor (ignition coil 4). Fixed value -- it sets when that DTC trips\, not a live channel."
"CAL_obd_ii_P0629","4000d9bc","Data Label","u8_obd2level_t6","Calibration that arms/thresholds the P0629 monitor (fuel pump control high). Fixed value -- it sets when that DTC trips\, not a live channel."
"CAL_obd_ii_P0300","4000d9bd","Data Label","u8_obd2level_t6","Calibration that arms/thresholds the P0300 monitor (random/multiple misfire). Fixed value -- it sets when that DTC trips\, not a live channel."
"CAL_obd_ii_P0301","4000d9be","Data Label","u8_obd2level_t6","Calibration that arms/thresholds the P0301 monitor (cyl1 misfire). Fixed value -- it sets when that DTC trips\, not a live channel."
"CAL_obd_ii_P0302","4000d9bf","Data Label","u8_obd2level_t6","Calibration that arms/thresholds the P0302 monitor (cyl2 misfire). Fixed value -- it sets when that DTC trips\, not a live channel."
"CAL_obd_ii_P0303","4000d9c0","Data Label","u8_obd2level_t6","Calibration that arms/thresholds the P0303 monitor (cyl3 misfire). Fixed value -- it sets when that DTC trips\, not a live channel."
"CAL_obd_ii_P0304","4000d9c1","Data Label","u8_obd2level_t6","Calibration that arms/thresholds the P0304 monitor (cyl4 misfire). Fixed value -- it sets when that DTC trips\, not a live channel."
"CAL_obd_ii_P0305","4000d9c2","Data Label","u8_obd2level_t6","Calibration that arms/thresholds the P0305 monitor (cyl5 misfire). Fixed value -- it sets when that DTC trips\, not a live channel."
"CAL_obd_ii_P0306","4000d9c3","Data Label","u8_obd2level_t6","Calibration that arms/thresholds the P0306 monitor (cyl6 misfire). Fixed value -- it sets when that DTC trips\, not a live channel."
"CAL_obd_ii_P0700","4000d9c4","Data Label","u8_obd2level_t6","Calibration that arms/thresholds the P0700 monitor (transmission MIL request). Fixed value -- it sets when that DTC trips\, not a live channel."
"CAL_obd_ii_P0571","4000d9c5","Data Label","u8_obd2level_t6","Calibration that arms/thresholds the P0571 monitor (brake switch). Fixed value -- it sets when that DTC trips\, not a live channel."
"CAL_obd_ii_P0327","4000d9c6","Data Label","u8_obd2level_t6","Calibration that arms/thresholds the P0327 monitor (knock sensor1 low). Fixed value -- it sets when that DTC trips\, not a live channel."
"CAL_obd_ii_P0328","4000d9c7","Data Label","u8_obd2level_t6","Calibration that arms/thresholds the P0328 monitor (knock sensor1 high). Fixed value -- it sets when that DTC trips\, not a live channel."
"CAL_obd_ii_P0335","4000d9c8","Data Label","u8_obd2level_t6","Calibration that arms/thresholds the P0335 monitor (crank position sensor). Fixed value -- it sets when that DTC trips\, not a live channel."
"CAL_obd_ii_P0826","4000d9c9","Data Label","u8_obd2level_t6","Calibration that arms/thresholds the P0826 monitor (shift switch). Fixed value -- it sets when that DTC trips\, not a live channel."
"CAL_obd_ii_P1301","4000d9ca","Data Label","u8_obd2level_t6","Calibration that arms/thresholds the P1301 monitor (mfr misfire (cat/igniter)). Fixed value -- it sets when that DTC trips\, not a live channel."
"CAL_obd_ii_P1302","4000d9cb","Data Label","u8_obd2level_t6","Calibration that arms/thresholds the P1302 monitor (mfr misfire). Fixed value -- it sets when that DTC trips\, not a live channel."
"CAL_obd_ii_P0014","4000d9cc","Data Label","u8_obd2level_t6","Calibration that arms/thresholds the P0014 monitor (exhaust cam bank1 over-advanced). Fixed value -- it sets when that DTC trips\, not a live channel."
"CAL_obd_ii_P0015","4000d9cd","Data Label","u8_obd2level_t6","Calibration that arms/thresholds the P0015 monitor (exhaust cam bank1 retarded). Fixed value -- it sets when that DTC trips\, not a live channel."
"CAL_obd_ii_P0024","4000d9ce","Data Label","u8_obd2level_t6","Calibration that arms/thresholds the P0024 monitor (exhaust cam bank2 over-advanced). Fixed value -- it sets when that DTC trips\, not a live channel."
"CAL_obd_ii_P0025","4000d9cf","Data Label","u8_obd2level_t6","Calibration that arms/thresholds the P0025 monitor (exhaust cam bank2 retarded). Fixed value -- it sets when that DTC trips\, not a live channel."
"CAL_obd_ii_P0079","4000d9d0","Data Label","u8_obd2level_t6","Calibration that arms/thresholds the P0079 monitor (exhaust VVT solenoid bank1 low). Fixed value -- it sets when that DTC trips\, not a live channel."
"CAL_obd_ii_P0080","4000d9d1","Data Label","u8_obd2level_t6","Calibration that arms/thresholds the P0080 monitor (exhaust VVT solenoid bank1 high). Fixed value -- it sets when that DTC trips\, not a live channel."
"CAL_obd_ii_P0082","4000d9d2","Data Label","u8_obd2level_t6","Calibration that arms/thresholds the P0082 monitor (intake VVT solenoid bank2 low). Fixed value -- it sets when that DTC trips\, not a live channel."
"CAL_obd_ii_P0083","4000d9d3","Data Label","u8_obd2level_t6","Calibration that arms/thresholds the P0083 monitor (intake VVT solenoid bank2 high). Fixed value -- it sets when that DTC trips\, not a live channel."
"CAL_obd_ii_P0420","4000d9d4","Data Label","u8_obd2level_t6","Calibration that arms/thresholds the P0420 monitor (catalyst efficiency bank1). Fixed value -- it sets when that DTC trips\, not a live channel."
"CAL_obd_ii_P0085","4000d9d5","Data Label","u8_obd2level_t6","Calibration that arms/thresholds the P0085 monitor (exhaust VVT solenoid bank2 low). Fixed value -- it sets when that DTC trips\, not a live channel."
"CAL_obd_ii_P0086","4000d9d6","Data Label","u8_obd2level_t6","Calibration that arms/thresholds the P0086 monitor (exhaust VVT solenoid bank2 high). Fixed value -- it sets when that DTC trips\, not a live channel."
"CAL_obd_ii_P0827","4000d9d7","Data Label","u8_obd2level_t6","Calibration that arms/thresholds the P0827 monitor (shift switch low). Fixed value -- it sets when that DTC trips\, not a live channel."
"CAL_obd_ii_P1809","4000d9d8","Data Label","u8_obd2level_t6","Calibration that arms/thresholds the P1809 monitor (mfr transmission). Fixed value -- it sets when that DTC trips\, not a live channel."
"CAL_obd_ii_P0430","4000d9d9","Data Label","u8_obd2level_t6","Calibration that arms/thresholds the P0430 monitor (catalyst efficiency bank2). Fixed value -- it sets when that DTC trips\, not a live channel."
"CAL_obd_ii_P0355","4000d9da","Data Label","u8_obd2level_t6","Calibration that arms/thresholds the P0355 monitor (ignition coil 5). Fixed value -- it sets when that DTC trips\, not a live channel."
"CAL_obd_ii_P0356","4000d9db","Data Label","u8_obd2level_t6","Calibration that arms/thresholds the P0356 monitor (ignition coil 6). Fixed value -- it sets when that DTC trips\, not a live channel."
"CAL_obd_ii_P0579","4000d9dc","Data Label","u8_obd2level_t6","Calibration that arms/thresholds the P0579 monitor (cruise switch rationality). Fixed value -- it sets when that DTC trips\, not a live channel."
"CAL_obd_ii_P1104","4000d9dd","Data Label","u8_obd2level_t6","Calibration that arms/thresholds the P1104 monitor (mfr MAF/intake). Fixed value -- it sets when that DTC trips\, not a live channel."
"CAL_obd_ii_P0828","4000d9de","Data Label","u8_obd2level_t6","Calibration that arms/thresholds the P0828 monitor (shift switch high). Fixed value -- it sets when that DTC trips\, not a live channel."
"CAL_obd_ii_P0441","4000d9df","Data Label","u8_obd2level_t6","Calibration that arms/thresholds the P0441 monitor (EVAP purge flow). Fixed value -- it sets when that DTC trips\, not a live channel."
"CAL_obd_ii_P0442","4000d9e0","Data Label","u8_obd2level_t6","Calibration that arms/thresholds the P0442 monitor (EVAP small leak). Fixed value -- it sets when that DTC trips\, not a live channel."
"CAL_obd_ii_P050B","4000d9e1","Data Label","u8_obd2level_t6","Calibration: OBD P050B. Tunable map/constant (not a live channel); adjust to change this behavior."
"CAL_obd_ii_P0444","4000d9e2","Data Label","u8_obd2level_t6","Calibration that arms/thresholds the P0444 monitor (EVAP purge valve open). Fixed value -- it sets when that DTC trips\, not a live channel."
"CAL_obd_ii_P0445","4000d9e3","Data Label","u8_obd2level_t6","Calibration that arms/thresholds the P0445 monitor (EVAP purge valve shorted). Fixed value -- it sets when that DTC trips\, not a live channel."
"CAL_obd_ii_P0446","4000d9e4","Data Label","u8_obd2level_t6","Calibration that arms/thresholds the P0446 monitor (EVAP vent control). Fixed value -- it sets when that DTC trips\, not a live channel."
"CAL_obd_ii_P0447","4000d9e5","Data Label","u8_obd2level_t6","Calibration that arms/thresholds the P0447 monitor (EVAP vent open). Fixed value -- it sets when that DTC trips\, not a live channel."
"CAL_obd_ii_P0448","4000d9e6","Data Label","u8_obd2level_t6","Calibration that arms/thresholds the P0448 monitor (EVAP vent shorted). Fixed value -- it sets when that DTC trips\, not a live channel."
"CAL_obd_ii_P050A","4000d9e7","Data Label","u8_obd2level_t6","Calibration: OBD P050A. Tunable map/constant (not a live channel); adjust to change this behavior."
"CAL_obd_ii_P0451","4000d9e8","Data Label","u8_obd2level_t6","Calibration that arms/thresholds the P0451 monitor (EVAP pressure sensor rationality). Fixed value -- it sets when that DTC trips\, not a live channel."
"CAL_obd_ii_P0452","4000d9e9","Data Label","u8_obd2level_t6","Calibration that arms/thresholds the P0452 monitor (EVAP pressure sensor low). Fixed value -- it sets when that DTC trips\, not a live channel."
"CAL_obd_ii_P0453","4000d9ea","Data Label","u8_obd2level_t6","Calibration that arms/thresholds the P0453 monitor (EVAP pressure sensor high). Fixed value -- it sets when that DTC trips\, not a live channel."
"CAL_obd_ii_P0480","4000d9eb","Data Label","u8_obd2level_t6","Calibration that arms/thresholds the P0480 monitor (cooling fan1 relay). Fixed value -- it sets when that DTC trips\, not a live channel."
"CAL_obd_ii_P0481","4000d9ec","Data Label","u8_obd2level_t6","Calibration that arms/thresholds the P0481 monitor (cooling fan2 relay). Fixed value -- it sets when that DTC trips\, not a live channel."
"CAL_obd_ii_P0341","4000d9ed","Data Label","u8_obd2level_t6","Calibration that arms/thresholds the P0341 monitor (cam position sensor A rationality). Fixed value -- it sets when that DTC trips\, not a live channel."
"CAL_obd_ii_P0346","4000d9ee","Data Label","u8_obd2level_t6","Calibration that arms/thresholds the P0346 monitor (cam position sensor bank2 rationality). Fixed value -- it sets when that DTC trips\, not a live channel."
"CAL_obd_ii_P0366","4000d9ef","Data Label","u8_obd2level_t6","Calibration that arms/thresholds the P0366 monitor (cam position sensor B bank1). Fixed value -- it sets when that DTC trips\, not a live channel."
"CAL_obd_ii_P0391","4000d9f0","Data Label","u8_obd2level_t6","Calibration that arms/thresholds the P0391 monitor (cam position sensor B bank2). Fixed value -- it sets when that DTC trips\, not a live channel."
"CAL_obd_ii_P0482","4000d9f1","Data Label","u8_obd2level_t6","Calibration that arms/thresholds the P0482 monitor (cooling fan3 relay). Fixed value -- it sets when that DTC trips\, not a live channel."
"CAL_obd_ii_P0461","4000d9f2","Data Label","u8_obd2level_t6","Calibration that arms/thresholds the P0461 monitor (fuel level sensor rationality). Fixed value -- it sets when that DTC trips\, not a live channel."
"CAL_obd_ii_P0462","4000d9f3","Data Label","u8_obd2level_t6","Calibration that arms/thresholds the P0462 monitor (fuel level sensor low). Fixed value -- it sets when that DTC trips\, not a live channel."
"CAL_obd_ii_P0463","4000d9f4","Data Label","u8_obd2level_t6","Calibration that arms/thresholds the P0463 monitor (fuel level sensor high). Fixed value -- it sets when that DTC trips\, not a live channel."
"CAL_obd_ii_P0523","4000d9f5","Data Label","u8_obd2level_t6","Calibration that arms/thresholds the P0523 monitor (oil pressure sensor/switch high). Fixed value -- it sets when that DTC trips\, not a live channel."
"CAL_obd_ii_P0563","4000d9f6","Data Label","u8_obd2level_t6","Calibration that arms/thresholds the P0563 monitor (system voltage high). Fixed value -- it sets when that DTC trips\, not a live channel."
"CAL_obd_ii_P0562","4000d9f7","Data Label","u8_obd2level_t6","Calibration that arms/thresholds the P0562 monitor (system voltage low). Fixed value -- it sets when that DTC trips\, not a live channel."
"CAL_obd_ii_P0685","4000d9f8","Data Label","u8_obd2level_t6","Calibration that arms/thresholds the P0685 monitor (ECU power relay). Fixed value -- it sets when that DTC trips\, not a live channel."
"CAL_obd_ii_P0610","4000d9f9","Data Label","u8_obd2level_t6","Calibration that arms/thresholds the P0610 monitor (vehicle options error). Fixed value -- it sets when that DTC trips\, not a live channel."
"CAL_obd_ii_P0646","4000d9fa","Data Label","u8_obd2level_t6","Calibration that arms/thresholds the P0646 monitor (A/C clutch relay low). Fixed value -- it sets when that DTC trips\, not a live channel."
"CAL_obd_ii_P0647","4000d9fb","Data Label","u8_obd2level_t6","Calibration that arms/thresholds the P0647 monitor (A/C clutch relay high). Fixed value -- it sets when that DTC trips\, not a live channel."
"CAL_obd_ii_P0500","4000d9fc","Data Label","u8_obd2level_t6","Calibration that arms/thresholds the P0500 monitor (vehicle speed sensor). Fixed value -- it sets when that DTC trips\, not a live channel."
"CAL_obd_ii_P0506","4000d9fd","Data Label","u8_obd2level_t6","Calibration that arms/thresholds the P0506 monitor (idle speed too low). Fixed value -- it sets when that DTC trips\, not a live channel."
"CAL_obd_ii_P0507","4000d9fe","Data Label","u8_obd2level_t6","Calibration that arms/thresholds the P0507 monitor (idle speed too high). Fixed value -- it sets when that DTC trips\, not a live channel."
"CAL_obd_ii_P1113","4000d9ff","Data Label","u8_obd2level_t6","Calibration that arms/thresholds the P1113 monitor (mfr IAT). Fixed value -- it sets when that DTC trips\, not a live channel."
"CAL_obd_ii_P0661","4000da00","Data Label","u8_obd2level_t6","Calibration that arms/thresholds the P0661 monitor (intake manifold runner (VIMS) control low). Fixed value -- it sets when that DTC trips\, not a live channel."
"CAL_obd_ii_P0662","4000da01","Data Label","u8_obd2level_t6","Calibration that arms/thresholds the P0662 monitor (intake manifold runner (VIMS) control high). Fixed value -- it sets when that DTC trips\, not a live channel."
"CAL_obd_ii_P0616","4000da02","Data Label","u8_obd2level_t6","Calibration that arms/thresholds the P0616 monitor (starter relay low). Fixed value -- it sets when that DTC trips\, not a live channel."
"CAL_obd_ii_P0617","4000da03","Data Label","u8_obd2level_t6","Calibration that arms/thresholds the P0617 monitor (starter relay high). Fixed value -- it sets when that DTC trips\, not a live channel."
"CAL_obd_ii_P0630","4000da04","Data Label","u8_obd2level_t6","Calibration that arms/thresholds the P0630 monitor (VIN not programmed). Fixed value -- it sets when that DTC trips\, not a live channel."
"CAL_obd_ii_P2138","4000da05","Data Label","u8_obd2level_t6","Calibration that arms/thresholds the P2138 monitor (pedal D/E correlation). Fixed value -- it sets when that DTC trips\, not a live channel."
"CAL_obd_ii_P2602","4000da06","Data Label","u8_obd2level_t6","Calibration that arms/thresholds the P2602 monitor (coolant pump control low). Fixed value -- it sets when that DTC trips\, not a live channel."
"CAL_obd_ii_P2603","4000da07","Data Label","u8_obd2level_t6","Calibration that arms/thresholds the P2603 monitor (coolant pump control high). Fixed value -- it sets when that DTC trips\, not a live channel."
"CAL_obd_ii_P0011","4000da08","Data Label","u8_obd2level_t6","Calibration that arms/thresholds the P0011 monitor (intake cam (VVT) bank1 over-advanced). Fixed value -- it sets when that DTC trips\, not a live channel."
"CAL_obd_ii_P0012","4000da09","Data Label","u8_obd2level_t6","Calibration that arms/thresholds the P0012 monitor (intake cam bank1 retarded). Fixed value -- it sets when that DTC trips\, not a live channel."
"CAL_obd_ii_P0601","4000da0a","Data Label","u8_obd2level_t6","Calibration that arms/thresholds the P0601 monitor (ECU memory checksum). Fixed value -- it sets when that DTC trips\, not a live channel."
"CAL_obd_ii_P0606","4000da0b","Data Label","u8_obd2level_t6","Calibration that arms/thresholds the P0606 monitor (ECU processor fault). Fixed value -- it sets when that DTC trips\, not a live channel."
"CAL_obd_ii_P0455","4000da0c","Data Label","u8_obd2level_t6","Calibration that arms/thresholds the P0455 monitor (EVAP large leak). Fixed value -- it sets when that DTC trips\, not a live channel."
"CAL_obd_ii_P0456","4000da0d","Data Label","u8_obd2level_t6","Calibration that arms/thresholds the P0456 monitor (EVAP very small leak). Fixed value -- it sets when that DTC trips\, not a live channel."
"CAL_obd_ii_P0016","4000da0e","Data Label","u8_obd2level_t6","Calibration that arms/thresholds the P0016 monitor (crank/intake-cam bank1 correlation). Fixed value -- it sets when that DTC trips\, not a live channel."
"CAL_obd_ii_P2173","4000da0f","Data Label","u8_obd2level_t6","Calibration that arms/thresholds the P2173 monitor (high airflow / throttle). Fixed value -- it sets when that DTC trips\, not a live channel."
"CAL_obd_ii_P2104","4000da10","Data Label","u8_obd2level_t6","Calibration that arms/thresholds the P2104 monitor (throttle forced idle). Fixed value -- it sets when that DTC trips\, not a live channel."
"CAL_obd_ii_P2105","4000da11","Data Label","u8_obd2level_t6","Calibration that arms/thresholds the P2105 monitor (throttle forced shutdown). Fixed value -- it sets when that DTC trips\, not a live channel."
"CAL_obd_ii_P2106","4000da12","Data Label","u8_obd2level_t6","Calibration that arms/thresholds the P2106 monitor (throttle performance limited). Fixed value -- it sets when that DTC trips\, not a live channel."
"CAL_obd_ii_P2107","4000da13","Data Label","u8_obd2level_t6","Calibration that arms/thresholds the P2107 monitor (throttle actuator processor). Fixed value -- it sets when that DTC trips\, not a live channel."
"CAL_obd_ii_P2100","4000da14","Data Label","u8_obd2level_t6","Calibration that arms/thresholds the P2100 monitor (throttle actuator motor open). Fixed value -- it sets when that DTC trips\, not a live channel."
"CAL_obd_ii_P2102","4000da15","Data Label","u8_obd2level_t6","Calibration that arms/thresholds the P2102 monitor (throttle actuator motor low). Fixed value -- it sets when that DTC trips\, not a live channel."
"CAL_obd_ii_P2103","4000da16","Data Label","u8_obd2level_t6","Calibration that arms/thresholds the P2103 monitor (throttle actuator motor high). Fixed value -- it sets when that DTC trips\, not a live channel."
"CAL_obd_ii_P2108","4000da17","Data Label","u8_obd2level_t6","Calibration that arms/thresholds the P2108 monitor (throttle actuator performance). Fixed value -- it sets when that DTC trips\, not a live channel."
"CAL_obd_ii_P0151","4000da18","Data Label","u8_obd2level_t6","Calibration that arms/thresholds the P0151 monitor (O2 B2S1 low). Fixed value -- it sets when that DTC trips\, not a live channel."
"CAL_obd_ii_P0152","4000da19","Data Label","u8_obd2level_t6","Calibration that arms/thresholds the P0152 monitor (O2 B2S1 high). Fixed value -- it sets when that DTC trips\, not a live channel."
"CAL_obd_ii_P0153","4000da1a","Data Label","u8_obd2level_t6","Calibration that arms/thresholds the P0153 monitor (O2 B2S1 slow response). Fixed value -- it sets when that DTC trips\, not a live channel."
"CAL_obd_ii_P0154","4000da1b","Data Label","u8_obd2level_t6","Calibration that arms/thresholds the P0154 monitor (O2 B2S1 inactive). Fixed value -- it sets when that DTC trips\, not a live channel."
"CAL_obd_ii_P0155","4000da1c","Data Label","u8_obd2level_t6","Calibration that arms/thresholds the P0155 monitor (O2 B2S1 heater). Fixed value -- it sets when that DTC trips\, not a live channel."
"CAL_obd_ii_P0157","4000da1d","Data Label","u8_obd2level_t6","Calibration that arms/thresholds the P0157 monitor (O2 B2S2 low). Fixed value -- it sets when that DTC trips\, not a live channel."
"CAL_obd_ii_P0158","4000da1e","Data Label","u8_obd2level_t6","Calibration that arms/thresholds the P0158 monitor (O2 B2S2 high). Fixed value -- it sets when that DTC trips\, not a live channel."
"CAL_obd_ii_P0159","4000da1f","Data Label","u8_obd2level_t6","Calibration that arms/thresholds the P0159 monitor (O2 B2S2 slow response). Fixed value -- it sets when that DTC trips\, not a live channel."
"CAL_obd_ii_P0160","4000da20","Data Label","u8_obd2level_t6","Calibration that arms/thresholds the P0160 monitor (O2 B2S2 inactive). Fixed value -- it sets when that DTC trips\, not a live channel."
"CAL_obd_ii_P0161","4000da21","Data Label","u8_obd2level_t6","Calibration that arms/thresholds the P0161 monitor (O2 B2S2 heater). Fixed value -- it sets when that DTC trips\, not a live channel."
"CAL_obd_ii_P0174","4000da22","Data Label","u8_obd2level_t6","Calibration that arms/thresholds the P0174 monitor (bank2 too lean). Fixed value -- it sets when that DTC trips\, not a live channel."
"CAL_obd_ii_P0175","4000da23","Data Label","u8_obd2level_t6","Calibration that arms/thresholds the P0175 monitor (bank2 too rich). Fixed value -- it sets when that DTC trips\, not a live channel."
"CAL_obd_ii_P0332","4000da24","Data Label","u8_obd2level_t6","Calibration that arms/thresholds the P0332 monitor (knock sensor2 low). Fixed value -- it sets when that DTC trips\, not a live channel."
"CAL_obd_ii_P0333","4000da25","Data Label","u8_obd2level_t6","Calibration that arms/thresholds the P0333 monitor (knock sensor2 high). Fixed value -- it sets when that DTC trips\, not a live channel."
"CAL_obd_ii_P0021","4000da26","Data Label","u8_obd2level_t6","Calibration that arms/thresholds the P0021 monitor (intake cam bank2 over-advanced). Fixed value -- it sets when that DTC trips\, not a live channel."
"CAL_obd_ii_P0022","4000da27","Data Label","u8_obd2level_t6","Calibration that arms/thresholds the P0022 monitor (intake cam bank2 retarded). Fixed value -- it sets when that DTC trips\, not a live channel."
"CAL_obd_ii_P0017","4000da28","Data Label","u8_obd2level_t6","Calibration that arms/thresholds the P0017 monitor (crank/exhaust-cam bank1 correlation). Fixed value -- it sets when that DTC trips\, not a live channel."
"CAL_obd_ii_P0018","4000da29","Data Label","u8_obd2level_t6","Calibration that arms/thresholds the P0018 monitor (crank/intake-cam bank2 correlation). Fixed value -- it sets when that DTC trips\, not a live channel."
"CAL_obd_ii_P0019","4000da2a","Data Label","u8_obd2level_t6","Calibration that arms/thresholds the P0019 monitor (crank/exhaust-cam bank2 correlation). Fixed value -- it sets when that DTC trips\, not a live channel."
"CAL_obd_ii_P0578","4000da2b","Data Label","u8_obd2level_t6","Calibration that arms/thresholds the P0578 monitor (cruise switch stuck). Fixed value -- it sets when that DTC trips\, not a live channel."
"CAL_obd_ii_P0564","4000da2c","Data Label","u8_obd2level_t6","Calibration that arms/thresholds the P0564 monitor (cruise control input). Fixed value -- it sets when that DTC trips\, not a live channel."
"CAL_obd_ii_P0806","4000da2d","Data Label","u8_obd2level_t6","Calibration that arms/thresholds the P0806 monitor (clutch position sensor rationality). Fixed value -- it sets when that DTC trips\, not a live channel."
"CAL_obd_ii_P0807","4000da2e","Data Label","u8_obd2level_t6","Calibration that arms/thresholds the P0807 monitor (clutch position sensor low). Fixed value -- it sets when that DTC trips\, not a live channel."
"CAL_obd_ii_P0808","4000da2f","Data Label","u8_obd2level_t6","Calibration that arms/thresholds the P0808 monitor (clutch position sensor high). Fixed value -- it sets when that DTC trips\, not a live channel."
"CAL_obd_ii_P2612","4000da30","Data Label","u8_obd2level_t6","Calibration that arms/thresholds the P2612 monitor (A/C refrigerant valve low). Fixed value -- it sets when that DTC trips\, not a live channel."
"CAL_obd_ii_P2613","4000da31","Data Label","u8_obd2level_t6","Calibration that arms/thresholds the P2613 monitor (A/C refrigerant valve high). Fixed value -- it sets when that DTC trips\, not a live channel."
"CAL_obd_ii_P0537","4000da32","Data Label","u8_obd2level_t6","Calibration that arms/thresholds the P0537 monitor (A/C evap temp sensor low). Fixed value -- it sets when that DTC trips\, not a live channel."
"CAL_obd_ii_P0538","4000da33","Data Label","u8_obd2level_t6","Calibration that arms/thresholds the P0538 monitor (A/C evap temp sensor high). Fixed value -- it sets when that DTC trips\, not a live channel."
"CAL_obd_ii_P0127","4000da34","Data Label","u8_obd2level_t6","Calibration that arms/thresholds the P0127 monitor (intake air too hot). Fixed value -- it sets when that DTC trips\, not a live channel."
"CAL_obd_ii_U0101","4000da35","Data Label","u8_obd2level_t6","Calibration that arms/thresholds the U0101 monitor (lost comms with TCM). Fixed value -- it sets when that DTC trips\, not a live channel."
"CAL_obd_ii_U0122","4000da36","Data Label","u8_obd2level_t6","Calibration that arms/thresholds the U0122 monitor (lost comms with ABS/ESP). Fixed value -- it sets when that DTC trips\, not a live channel."
"CAL_obd_ii_U0316","4000da37","Data Label","u8_obd2level_t6","Calibration that arms/thresholds the U0316 monitor (software mismatch with VDC). Fixed value -- it sets when that DTC trips\, not a live channel."
"CAL_obd_ii_P0141","4000da38","Data Label","u8_obd2level_t6","Calibration that arms/thresholds the P0141 monitor (O2 B1S2 heater). Fixed value -- it sets when that DTC trips\, not a live channel."
"CAL_obd_ii_U0302","4000da39","Data Label","u8_obd2level_t6","Calibration that arms/thresholds the U0302 monitor (software mismatch with TCM). Fixed value -- it sets when that DTC trips\, not a live channel."
"CAL_obd_ii_U0416","4000da3a","Data Label","u8_obd2level_t6","Calibration that arms/thresholds the U0416 monitor (bad data from ABS/ESP). Fixed value -- it sets when that DTC trips\, not a live channel."
"CAL_obd_ii_U0123","4000da3b","Data Label","u8_obd2level_t6","Calibration that arms/thresholds the U0123 monitor (lost comms with yaw sensor). Fixed value -- it sets when that DTC trips\, not a live channel."
"CAL_obd_ii_U0513","4000da3c","Data Label","u8_obd2level_t6","Calibration that arms/thresholds the U0513 monitor (bad data from convenience module). Fixed value -- it sets when that DTC trips\, not a live channel."
"CAL_obd_ii_P1422","4000da48","Data Label","u8_obd2level_t6","Calibration that arms/thresholds the P1422 monitor (mfr emissions). Fixed value -- it sets when that DTC trips\, not a live channel."
"CAL_obd_ii_P219A","4000da49","Data Label","u8_obd2level_t6","Calibration: OBD P219A. Tunable map/constant (not a live channel); adjust to change this behavior."
"CAL_obd_ii_P219B","4000da4a","Data Label","u8_obd2level_t6","Calibration: OBD P219B. Tunable map/constant (not a live channel); adjust to change this behavior."
"CAL_obd_ii_P2336","4000da4b","Data Label","u8_obd2level_t6","Calibration that arms/thresholds the P2336 monitor (cyl1 over knock threshold). Fixed value -- it sets when that DTC trips\, not a live channel."
"CAL_obd_ii_P2337","4000da4c","Data Label","u8_obd2level_t6","Calibration that arms/thresholds the P2337 monitor (cyl2 over knock threshold). Fixed value -- it sets when that DTC trips\, not a live channel."
"CAL_obd_ii_P2338","4000da4d","Data Label","u8_obd2level_t6","Calibration that arms/thresholds the P2338 monitor (cyl3 over knock threshold). Fixed value -- it sets when that DTC trips\, not a live channel."
"CAL_obd_ii_P2339","4000da4e","Data Label","u8_obd2level_t6","Calibration that arms/thresholds the P2339 monitor (cyl4 over knock threshold). Fixed value -- it sets when that DTC trips\, not a live channel."
"CAL_obd_ii_P2340","4000da4f","Data Label","u8_obd2level_t6","Calibration that arms/thresholds the P2340 monitor (cyl5 over knock threshold). Fixed value -- it sets when that DTC trips\, not a live channel."
"CAL_obd_ii_P2341","4000da50","Data Label","u8_obd2level_t6","Calibration that arms/thresholds the P2341 monitor (cyl6 over knock threshold). Fixed value -- it sets when that DTC trips\, not a live channel."
"CAL_obd_ii_P1562","4000da51","Data Label","u8_obd2level_t6","Calibration that arms/thresholds the P1562 monitor (mfr ECU supply voltage). Fixed value -- it sets when that DTC trips\, not a live channel."
"CAL_unknown17","4000db78","Data Label","uchar",""
"CAL_unknown16","4000db79","Data Label","uchar",""
"CAL_unknown123","4000db80","Data Label","uchar",""
"CAL_obd_ii_unknown26","4000db83","Data Label","uchar",""
"CAL_unknown15","4000db86","Data Label","uchar",""
"CAL_unknown14","4000db87","Data Label","uchar",""
"CAL_unknown10","4000db88","Data Label","uchar",""
"CAL_unknown9","4000db89","Data Label","uchar",""
"CAL_obd_ii_unknown20","4000db8b","Data Label","uchar",""
"CAL_obd_monitor_sentinel_init","4000db8c","Data Label","uchar",""
"CAL_obd_monitor_sentinel_init_next","4000db8d","Data Label","uchar",""
"CAL_obd_P0128_pass_counter_max","4000db8e","Data Label","uchar",""
"CAL_obd_monitor_sentinel_init_plus3","4000db8f","Data Label","uchar",""
"CAL_obd_monitor_sentinel_init_plus4","4000db90","Data Label","uchar",""
"CAL_obd_ii_unknown24","4000db99","Data Label","uchar",""
"CAL_obd_ii_unknown22","4000db9a","Data Label","uchar",""
"CAL_idle_unknown10","4000dbd9","Data Label","uint8_t",""
"CAL_obd_ii_unknown24","4000dbf5","Data Label","uchar",""
"CAL_unknown13","4000dbf6","Data Label","uchar",""
"CAL_unknown12","4000dbf7","Data Label","uchar",""
"CAL_unknown8","4000dbf8","Data Label","uchar",""
"CAL_unknown7","4000dbf9","Data Label","uint8_t",""
"CAL_obd_ii_unknown25","4000dc14","Data Label","uchar",""
"CAL_obd_ii_p0127_fail_debounce_count","4000dc1c","Data Label","uint8_t","Calibration that arms/thresholds the P0127 monitor (intake air too hot). Fixed value -- it sets when that DTC trips\, not a live channel."
"CAL_obd_ii_p0127_fail_debounce_count_next","4000dc1d","Data Label","uchar",""
"CAL_obd_U0122_pass_counter_max","4000dc1e","Data Label","uchar",""
"CAL_obd_ii_U0316_debounce_count","4000dc1f","Data Label","uchar",""
"CAL_obd_ii_p0127_fail_debounce_count_plus4","4000dc20","Data Label","uchar",""
"CAL_obd_ii_P0071_maturing_limit","4000dc22","Data Label","uint8_t",""
"CAL_obd_ii_P0071_maturing_limit_next","4000dc23","Data Label","uchar",""
"CAL_obd_P2170_pass_counter_max","4000dc24","Data Label","uchar",""
"CAL_obd_ii_P0071_maturing_limit_plus3","4000dc25","Data Label","uchar",""
"CAL_obd_ii_P0071_maturing_limit_plus4","4000dc26","Data Label","uchar",""
"CAL_obd_ii_P2336_maturing_limit","4000dc2e","Data Label","uint8_t",""
"CAL_obd_ii_P2337_maturing_limit","4000dc2f","Data Label","uchar",""
"CAL_obd_ii_P2338_maturing_limit","4000dc30","Data Label","uchar",""
"CAL_obd_ii_P2339_maturing_limit","4000dc31","Data Label","uchar",""
"CAL_misfire_comp_maf_manual_X_coolant_temp","4000dd70","Data Label","u16_temp_5/8-40c[4]","X-axis breakpoints for the 'misfire compensation MAF manual' table. Defines the lookup grid (not a live channel); change only when re-axing the map. (deg C; raw*5/8-40)"
"CAL_misfire_comp_maf_manual_Y_maf_accum","4000dd78","Data Label","u16_mass_mg[5]","Y-axis breakpoints for the 'misfire compensation MAF manual' table. Defines the lookup grid (not a live channel); change only when re-axing the map. (mg)"
"CAL_misfire_comp_maf_manual","4000dd82","Data Label","uint16_t[20]","Calibration: misfire compensation MAF manual. Tunable map/constant (not a live channel); log to find misfires and which cylinder is responsible."
"CAL_misfire_comp_maf_ips_X_coolant_temp","4000ddaa","Data Label","u16_temp_5/8-40c[4]","X-axis breakpoints for the 'misfire compensation MAF IPS' table. Defines the lookup grid (not a live channel); change only when re-axing the map. (deg C; raw*5/8-40)"
"CAL_misfire_comp_maf_ips_Y_maf_accum","4000ddb2","Data Label","u16_mass_mg[5]","Y-axis breakpoints for the 'misfire compensation MAF IPS' table. Defines the lookup grid (not a live channel); change only when re-axing the map. (mg)"
"CAL_misfire_comp_maf_ips","4000ddbc","Data Label","int16_t[20]","Calibration: misfire compensation MAF IPS. Tunable map/constant (not a live channel); log to find misfires and which cylinder is responsible."
"CAL_engine_speed_filter_rise_coeff_tour_X_rpm","4000dde4","Data Label","u8_rspeed_125/4+500rpm[4]","X-axis breakpoints for the 'engine speed filter rise coeff tour' table. Defines the lookup grid (not a live channel); change only when re-axing the map. (RPM; raw*125/4+500)"
"CAL_engine_speed_filter_rise_coeff_tour_Y_coolant_temp","4000dde8","Data Label","u8_temp_5/8-40c[4]","Y-axis breakpoints for the 'engine speed filter rise coeff tour' table. Defines the lookup grid (not a live channel); change only when re-axing the map. (deg C; raw*5/8-40)"
"CAL_engine_speed_filter_rise_coeff_tour","4000ddec","Data Label","u8_factor_1/255[16]"," engine_speed_filter_rise_coeff is the IIR low-pass filter coefficient controlling how quickly the tachometer-displayed RPM climbs toward the
  actual engine speed."
"CAL_engine_speed_filter_rise_coeff_sport_X_rpm","4000ddfc","Data Label","u8_rspeed_125/4+500rpm[4]","X-axis breakpoints for the 'engine speed filter rise coeff sport' table. Defines the lookup grid (not a live channel); change only when re-axing the map. (RPM; raw*125/4+500)"
"CAL_engine_speed_filter_rise_coeff_sport_Y_coolant_temp","4000de00","Data Label","u8_temp_5/8-40c[4]","Y-axis breakpoints for the 'engine speed filter rise coeff sport' table. Defines the lookup grid (not a live channel); change only when re-axing the map. (deg C; raw*5/8-40)"
"CAL_engine_speed_filter_rise_coeff_sport","4000de04","Data Label","u8_factor_1/255[16]","Calibration: engine speed filter rise coeff sport. Tunable map/constant (not a live channel); log to follow core engine state. (0-1; raw/255)"
"CAL_tps_scaling_factor_rpm_prototype_X_rpm","4000de14","Data Label","u8_rspeed_125/4+500rpm[16]","X-axis breakpoints for the 'throttle position scaling factor RPM prototype' table. Defines the lookup grid (not a live channel); change only when re-axing the map. (RPM; raw*125/4+500)"
"CAL_tps_scaling_factor_rpm_prototype","4000de24","Data Label","u8_factor_1/255[16]","Calibration: throttle position scaling factor RPM prototype. Tunable map/constant (not a live channel); log to see throttle/pedal demand and throttle response. (0-1; raw/255)"
"CAL_sensor_o2_afr_diag_scaling_X_voltage","4000de34","Data Label","u16_voltage_5/1023v[16]","X-axis breakpoints for the 'sensor O2 AFR diag scaling' table. Defines the lookup grid (not a live channel); change only when re-axing the map. (V; raw*5/1023)"
"CAL_sensor_o2_afr_diag_scaling","4000de54","Data Label","u16_afr_1/100[16]","Narrowband O2 sensor linearization curve: converts the highly nonlinear O2 voltage into a linear AFR value so the absolute difference between banks has physical meaning. Without this\, comparing raw voltages directly would be misleading — a 0.1V difference at stoichiometric represents a much larger AFR error than a 0.1V difference in the rich region."
"CAL_inj_cranking_enrichment_air_temp_X_airtemp","4000de74","Data Label","u8_temp_5/8-40c[8]","X-axis breakpoints for the 'injector cranking enrichment air temperature' table. Defines the lookup grid (not a live channel); change only when re-axing the map. (deg C; raw*5/8-40)"
"CAL_inj_cranking_enrichment_air_temp_Y_coolant_temp","4000de7c","Data Label","u8_temp_5/8-40c[8]","Y-axis breakpoints for the 'injector cranking enrichment air temperature' table. Defines the lookup grid (not a live channel); change only when re-axing the map. (deg C; raw*5/8-40)"
"CAL_inj_cranking_enrichment_air_temp","4000de84","Data Label","uint8_t[64]","Calibration: injector cranking enrichment air temperature. Tunable map/constant (not a live channel); log to verify injector pulse width and fuel delivery vs target."
"CAL_inj_cranking_enrich_mass_accum_X_mass","4000dec4","Data Label","u8_mass_g[10]","X-axis breakpoints for the 'injector cranking enrich mass accum' table. Defines the lookup grid (not a live channel); change only when re-axing the map. (g)"
"CAL_inj_cranking_enrich_mass_accum","4000dece","Data Label","uint8_t[10]","Calibration: injector cranking enrich mass accum. Tunable map/constant (not a live channel); log to verify injector pulse width and fuel delivery vs target."
"CAL_inj_cranking_enrich_soak_time_X_time","4000ded8","Data Label","uint8_t[10]","X-axis breakpoints for the 'injector cranking enrich soak time' table. Defines the lookup grid (not a live channel); change only when re-axing the map."
"CAL_inj_cranking_enrich_soak_time","4000dee2","Data Label","u8_factor_1/255[10]","Calibration: injector cranking enrich soak time. Tunable map/constant (not a live channel); log to verify injector pulse width and fuel delivery vs target."
"CAL_ign_retard_recovery_step_X_engine_speed","4000df0c","Data Label","u8_rspeed_125/4+500rpm[8]","X-axis breakpoints for the 'ignition retard recovery step' table. Defines the lookup grid (not a live channel); change only when re-axing the map. (RPM; raw*125/4+500)"
"CAL_ign_retard_recovery_step_Y_load","4000df14","Data Label","u8_load_4mg/stroke[8]","Y-axis breakpoints for the 'ignition retard recovery step' table. Defines the lookup grid (not a live channel); change only when re-axing the map. (mg/stroke; raw*4)"
"CAL_ign_retard_recovery_step","4000df1c","Data Label","uint8_t[64]","Calibration: ignition retard recovery step. Tunable map/constant (not a live channel); log spark advance to confirm the timing strategy and headroom to knock."
"CAL_misfire_sensitivity_manual_X_rpm","4000df5c","Data Label","u16_rspeed_rpm[8]","X-axis breakpoints for the 'misfire sensitivity manual' table. Defines the lookup grid (not a live channel); change only when re-axing the map. (RPM)"
"CAL_misfire_sensitivity_manual_Y_load","4000df6c","Data Label","u16_load_mg/stroke[8]","Y-axis breakpoints for the 'misfire sensitivity manual' table. Defines the lookup grid (not a live channel); change only when re-axing the map. (mg/stroke)"
"CAL_misfire_sensitivity_manual","4000df7c","Data Label","uint16_t[64]","Calibration: misfire sensitivity manual. Tunable map/constant (not a live channel); log to find misfires and which cylinder is responsible."
"CAL_misfire_sensitivity_ips_X_rpm","4000dffc","Data Label","u16_rspeed_rpm[8]","X-axis breakpoints for the 'misfire sensitivity IPS' table. Defines the lookup grid (not a live channel); change only when re-axing the map. (RPM)"
"CAL_misfire_sensitivity_ips_Y_load","4000e00c","Data Label","u16_load_mg/stroke[8]","Y-axis breakpoints for the 'misfire sensitivity IPS' table. Defines the lookup grid (not a live channel); change only when re-axing the map. (mg/stroke)"
"CAL_misfire_sensitivity_ips","4000e01c","Data Label","uint16_t[64]","Calibration: misfire sensitivity IPS. Tunable map/constant (not a live channel); log to find misfires and which cylinder is responsible."
"CAL_cat_o2_switch_thresh_ips_X_flow","4000e09c","Data Label","u8_mass_g[8]","Calibration: MAF compensation IPS unknown by flow. Tunable map/constant (not a live channel); log to follow IPS automated-manual shift behavior. (g)"
"CAL_cat_o2_switch_thresh_ips","4000e0a4","Data Label","uint8_t[8]",""
"CAL_overrev_advisory_limit_X_mass_air","4000e12c","Data Label","u16_mass_g[4]",""
"CAL_overrev_advisory_limit","4000e134","Data Label","uint16_t[4]",""
"CAL_slip_power_based_rpm_thresholds_X_power","4000e13c","Data Label","uint16_t[8]","X-axis breakpoints for the 'slip power based RPM thresholds' table. Defines the lookup grid (not a live channel); change only when re-axing the map."
"CAL_slip_power_based_rpm_thresholds","4000e14c","Data Label","u16_rspeed_rpm[8]","Calibration: slip power based RPM thresholds. Tunable map/constant (not a live channel); log to see wheel slip and traction-control intervention. (RPM)"
"CAL_misfire_detect_min_load_ips","4000e1ac","Data Label","u8_load_4mg/stroke[10]","Calibration: misfire detect min load IPS. Tunable map/constant (not a live channel); log to find misfires and which cylinder is responsible. (mg/stroke; raw*4)"
"CAL_misfire_detect_min_load_manual","4000e1b6","Data Label","u8_load_4mg/stroke[10]","Calibration: misfire detect min load manual. Tunable map/constant (not a live channel); log to find misfires and which cylinder is responsible. (mg/stroke; raw*4)"
"obd_calibration_id","4000e1c0","Data Label","char[16]","OBD calibration id. Runtime state -- log to observe this behavior."
"CAL_misfire_base_threshold_manual_X_rpm","4000e1e0","Data Label","u16_rspeed_rpm[16]","X-axis breakpoints for the 'misfire base threshold manual' table. Defines the lookup grid (not a live channel); change only when re-axing the map. (RPM)"
"CAL_misfire_base_threshold_manual_Y_load","4000e200","Data Label","u16_load_mg/stroke[16]","Y-axis breakpoints for the 'misfire base threshold manual' table. Defines the lookup grid (not a live channel); change only when re-axing the map. (mg/stroke)"
"CAL_misfire_base_threshold_manual","4000e220","Data Label","i16_misfire_threshold_raw[256]","Calibration: misfire base threshold manual. Tunable map/constant (not a live channel); log to find misfires and which cylinder is responsible."
"CAL_misfire_cat_damage_limit_X_rpm","4000e420","Data Label","u8_rspeed_125/4+500rpm[8]","X-axis breakpoints for the 'misfire cat damage limit' table. Defines the lookup grid (not a live channel); change only when re-axing the map. (RPM; raw*125/4+500)"
"CAL_misfire_cat_damage_limit_Y_load","4000e428","Data Label","u8_load_4mg/stroke[8]","Y-axis breakpoints for the 'misfire cat damage limit' table. Defines the lookup grid (not a live channel); change only when re-axing the map. (mg/stroke; raw*4)"
"CAL_misfire_cat_damage_limit","4000e430","Data Label","u8_count[64]","Calibration: misfire cat damage limit. Tunable map/constant (not a live channel); log to find misfires and which cylinder is responsible."
"CAL_misfire_base_threshold_ips_X_rpm","4000e470","Data Label","u16_rspeed_rpm[16]","X-axis breakpoints for the 'misfire base threshold IPS' table. Defines the lookup grid (not a live channel); change only when re-axing the map. (RPM)"
"CAL_misfire_base_threshold_ips_Y_load","4000e490","Data Label","u16_load_mg/stroke[16]","Y-axis breakpoints for the 'misfire base threshold IPS' table. Defines the lookup grid (not a live channel); change only when re-axing the map. (mg/stroke)"
"CAL_misfire_base_threshold_ips","4000e4b0","Data Label","i16_misfire_threshold_raw[256]","Calibration: misfire base threshold IPS. Tunable map/constant (not a live channel); log to find misfires and which cylinder is responsible."
"CAL_obd_ii_cat_monitor_min_maf_accum_thresh_X_coolant_temp","4000e6b0","Data Label","u8_temp_5/8-40c[8]",""
"CAL_obd_ii_cat_monitor_min_maf_accum_thresh","4000e6b8","Data Label","uint8_t[8]",""
"CAL_cat_o2_switch_thresh_manual_X_flow","4000e6c0","Data Label","u8_mass_g[8]","Calibration: MAF compensation manual unknown by MAF flow. Tunable map/constant (not a live channel); adjust to change this behavior. (g)"
"CAL_cat_o2_switch_thresh_manual","4000e6c8","Data Label","uint8_t[8]",""
"CAL_ecu_thermostat_diag_maf_threshold_manual","4000e7b8","Data Label","u8_temp_5/8-40c[18]",""
"CAL_obd_ii_P0101_load_tolerance_X_rpm","4000e7ca","Data Label","byte[8]",""
"CAL_obd_ii_P0101_load_tolerance_pct","4000e7d2","Data Label","byte[8]",""
"CAL_ecu_thermostat_diag_maf_threshold_ips","4000e7e6","Data Label","u8_temp_5/8-40c[18]",""
"CAL_prog_version","4000e7f8","Data Label","char[32]","Calibration: prog version. Tunable map/constant (not a live channel); adjust to change this behavior."
"CAL_sensor_obd_ii_p0106_maf_pressure_correction_X_maf_flow","4000e818","Data Label","u8_flow_g/s[8]","Calibration that arms/thresholds the P0106 monitor (MAP/baro rationality). Fixed value -- it sets when that DTC trips\, not a live channel."
"CAL_sensor_obd_ii_p0106_maf_pressure_correction","4000e820","Data Label","u8_pressure_mbar[8]","Calibration that arms/thresholds the P0106 monitor (MAP/baro rationality). Fixed value -- it sets when that DTC trips\, not a live channel."
"CAL_obd_ii_map_plausibility_unknown_X_tps","4000e828","Data Label","u8_factor_1/255[8]","X-axis breakpoints for the 'OBD MAP plausibility unknown' table. Defines the lookup grid (not a live channel); change only when re-axing the map. (0-1; raw/255)"
"CAL_obd_ii_map_plausibility_unknown_Y_load","4000e830","Data Label","u8_load_4mg/stroke[8]","Y-axis breakpoints for the 'OBD MAP plausibility unknown' table. Defines the lookup grid (not a live channel); change only when re-axing the map. (mg/stroke; raw*4)"
"CAL_obd_ii_map_plausibility_unknown","4000e838","Data Label","u8_pressure_4mbar[64]","Calibration: OBD MAP plausibility unknown. Tunable map/constant (not a live channel); adjust to change this behavior. (mbar; raw*4)"
"CAL_obd_ii_map_plausibility_unknown2_X_tps","4000e878","Data Label","u8_factor_1/255[8]","X-axis breakpoints for the 'OBD MAP plausibility unknown2' table. Defines the lookup grid (not a live channel); change only when re-axing the map. (0-1; raw/255)"
"CAL_obd_ii_map_plausibility_unknown2_Y_load","4000e880","Data Label","u8_load_4mg/stroke[8]","Y-axis breakpoints for the 'OBD MAP plausibility unknown2' table. Defines the lookup grid (not a live channel); change only when re-axing the map. (mg/stroke; raw*4)"
"CAL_obd_ii_map_plausibility_unknown2","4000e888","Data Label","u8_pressure_4mbar[64]","Calibration: OBD MAP plausibility unknown2. Tunable map/constant (not a live channel); adjust to change this behavior. (mbar; raw*4)"
"CAL_obd_unknown5_X_rpm","4000e8c8","Data Label","u8_rspeed_125/4+500rpm[8]",""
"CAL_obd_unknown5_Y_load","4000e8d0","Data Label","u8_load_4mg/stroke[8]",""
"CAL_obd_unknown5","4000e8d8","Data Label","uint8_t[64]",""
"CAL_tpstarget_low_gear_tour_manual_X_pps","4000e9f8","Data Label","u16_factor_1/1023[16]","X-axis breakpoints for the 'tpstarget low gear tour manual' table. Defines the lookup grid (not a live channel); change only when re-axing the map. (0-1; raw/1023)"
"CAL_tpstarget_low_gear_tour_manual","4000ea18","Data Label","u16_factor_1/1023[16]","Calibration: tpstarget low gear tour manual. Tunable map/constant (not a live channel); log to compare requested throttle target to pedal demand. (0-1; raw/1023)"
"CAL_tpssmooth_increment_tour_parking_X_tps_rate","4000ea38","Data Label","u8_factor_1/255[8]","X-axis breakpoints for the 'tpssmooth increment tour parking' table. Defines the lookup grid (not a live channel); change only when re-axing the map. (0-1; raw/255)"
"CAL_tpssmooth_increment_tour_parking","4000ea40","Data Label","u8_factor_1/1023[8]","Calibration: tpssmooth increment tour parking. Tunable map/constant (not a live channel); log to see throttle-signal smoothing/filtering behavior. (0-1; raw/1023)"
"CAL_idle_comp_ign_variant_X_variant","4000ea48","Data Label","uint8_t[8]",""
"CAL_idle_comp_ign_variant_Y_idle_target_rpm","4000ea50","Data Label","u8_rspeed_10rpm[8]",""
"CAL_idle_comp_ign_variant","4000ea58","Data Label","uint8_t[64]",""
"CAL_exhaust_flap_position_tour_X_rpm","4000ea98","Data Label","u8_rspeed_50rpm[8]","X-axis breakpoints for the 'exhaust flap position tour' table. Defines the lookup grid (not a live channel); change only when re-axing the map. (RPM; raw*50)"
"CAL_exhaust_flap_position_tour_Y_accel_pps","4000eaa0","Data Label","u8_factor_1/255[8]","Y-axis breakpoints for the 'exhaust flap position tour' table. Defines the lookup grid (not a live channel); change only when re-axing the map. (0-1; raw/255)"
"CAL_exhaust_flap_position_tour","4000eaa8","Data Label","uint8_t[64]","  0 = closed          (active control\, eTPU = 10000)
  1 = open            (active control\, eTPU = 0)
  2 = open\, forced    (fail-safe — feature not enabled in
                       COD\, or engine failure flag set)
"
"CAL_exhaust_flap_position_tour_sport_X_rpm","4000eae8","Data Label","u8_rspeed_50rpm[8]","X-axis breakpoints for the 'exhaust flap position tour sport' table. Defines the lookup grid (not a live channel); change only when re-axing the map. (RPM; raw*50)"
"CAL_exhaust_flap_position_tour_sport_Y_accel_pps","4000eaf0","Data Label","u8_factor_1/255[8]","Y-axis breakpoints for the 'exhaust flap position tour sport' table. Defines the lookup grid (not a live channel); change only when re-axing the map. (0-1; raw/255)"
"CAL_exhaust_flap_position_tour_sport","4000eaf8","Data Label","uint8_t[64]","Calibration: exhaust flap position tour sport. Tunable map/constant (not a live channel); log to see exhaust bypass valve position (sound/backpressure)."
"CAL_idle_comp_timer_carspeed_ips_X_airtemp","4000eb38","Data Label","u8_temp_5/8-40c[8]","X-axis breakpoints for the 'idle compensation timer carspeed IPS' table. Defines the lookup grid (not a live channel); change only when re-axing the map. (deg C; raw*5/8-40)"
"CAL_idle_comp_timer_carspeed_ips_Y_time_above_speed","4000eb40","Data Label","uint8_t[8]","Y-axis breakpoints for the 'idle compensation timer carspeed IPS' table. Defines the lookup grid (not a live channel); change only when re-axing the map."
"CAL_idle_comp_timer_carspeed_ips","4000eb48","Data Label","u8_rspeed_8rpm[64]","Calibration: idle compensation timer carspeed IPS. Tunable map/constant (not a live channel); log to diagnose idle quality\, hunting\, and stalls. (RPM; raw*8)"
"CAL_inj_angle_X_engine_speed","4000eb88","Data Label","u8_rspeed_125/4+500rpm[16]","X-axis breakpoints for the 'injector angle' table. Defines the lookup grid (not a live channel); change only when re-axing the map. (RPM; raw*125/4+500)"
"CAL_inj_angle_Y_engine_load","4000eb98","Data Label","u8_load_4mg/stroke[16]","Y-axis breakpoints for the 'injector angle' table. Defines the lookup grid (not a live channel); change only when re-axing the map. (mg/stroke; raw*4)"
"CAL_inj_angle","4000eba8","Data Label","u8_angle_720/256deg[256]","Calibration: injector angle. Tunable map/constant (not a live channel); log to verify injector pulse width and fuel delivery vs target. (deg; raw*720/256)"
"CAL_cruise_maf_feedforward_X_carspeed","4000eca8","Data Label","u8_speed_kph[8]","X-axis breakpoints for the 'cruise MAF feedforward' table. Defines the lookup grid (not a live channel); change only when re-axing the map. (km/h)"
"CAL_cruise_maf_feedforward","4000ecb0","Data Label","u8_flow_g/s[8]"," Role in cruise logic

  When the cruise controller enters \"speed acquisition\" mode (flag 0x2000000 in obd_ii_cruise_status)\, it uses this table to know the expected
  steady-state airflow at the target speed. It then ramps u16_flow_10mg_s_400014b0 (the working MAF setpoint) down toward that target\, with a
  proportional blend when the vehicle is still below the target speed (lines 51007–51027). Once the actual MAF drops below the feedforward
  target\, the flag clears and the PID takes over.

  This is a classic feedforward / open-loop preload for cruise control — avoids overshoot by starting from a physically-motivated airflow
  estimate rather than relying purely on feedback.
"
"CAL_torque_external_request_minimum_X_engine_speed","4000ecb8","Data Label","u8_rspeed_125/4+500rpm[16]","X-axis breakpoints for the 'torque external request minimum' table. Defines the lookup grid (not a live channel); change only when re-axing the map. (RPM; raw*125/4+500)"
"CAL_torque_external_request_minimum_Y_torque","4000ecc8","Data Label","u8_torque_2nm[16]","Y-axis breakpoints for the 'torque external request minimum' table. Defines the lookup grid (not a live channel); change only when re-axing the map. (Nm; raw*2)"
"CAL_torque_external_request_minimum","4000ecd8","Data Label","uint8_t[256]","Calibration: torque external request minimum. Tunable map/constant (not a live channel); log to follow the ECU torque estimate and any torque limiting."
"CAL_ign_comp_iat_X_rpm","4000edd8","Data Label","u8_rspeed_125/4+500rpm[16]","X-axis breakpoints for the 'ignition compensation intake-air temp' table. Defines the lookup grid (not a live channel); change only when re-axing the map. (RPM; raw*125/4+500)"
"CAL_ign_comp_iat_Y_iat","4000ede8","Data Label","u8_temp_5/8-40c[8]","Y-axis breakpoints for the 'ignition compensation intake-air temp' table. Defines the lookup grid (not a live channel); change only when re-axing the map. (deg C; raw*5/8-40)"
"CAL_ign_comp_iat","4000edf0","Data Label","u8_angle_1/4-32deg[128]","Calibration: ignition compensation intake-air temp. Tunable map/constant (not a live channel); log spark advance to confirm the timing strategy and headroom to knock. (deg; raw/4-32)"
"CAL_ips_revmatch_convergence_rpm_X_rpm","4000ee70","Data Label","u16_rspeed_rpm[4]","X-axis breakpoints for the 'IPS revmatch convergence RPM' table. Defines the lookup grid (not a live channel); change only when re-axing the map. (RPM)"
"CAL_ips_revmatch_convergence_rpm","4000ee78","Data Label","uint16_t[4]","Calibration: IPS revmatch convergence RPM. Tunable map/constant (not a live channel); log to follow IPS automated-manual shift behavior."
"CAL_ecu_unlock_magic","4000eff8","Data Label","char[4]","Calibration: ECU unlock magic. Tunable map/constant (not a live channel); mostly housekeeping/diagnostic state."
"CAL_ecu_cvn","4000effc","Data Label","uint16_t","Calibration: ECU cvn. Tunable map/constant (not a live channel); mostly housekeeping/diagnostic state."
"siu_rsr","c3f9000c","Data Label","undefined4",""
"siu_pcr","c3f90040","Data Label","uint16_t[343]","SIU pcr. Internal/infrastructure state -- not a typical data-logging channel."
"siu_gpdo","c3f90600","Data Label","uint8_t[214]","SIU gpdo. Internal/infrastructure state -- not a typical data-logging channel."
"DAT_c3f9068f_intake_flapper","c3f9068f","Data Label","uint8_t",""
"DEV_tc_status_led","c3f906b4","Data Label","uint8_t",""
"fan_engine_bay_aux_control","c3f906b6","Data Label","uint8_t",""
"recirculation_pump_activate","c3f906b7","Data Label","uint8_t",""
"DAT_c3f906c9_acis","c3f906c9","Data Label","uint8_t",""
"siu_gpdi","c3f90800","Data Label","uint8_t[214]","SIU gpdi. Internal/infrastructure state -- not a typical data-logging channel."
"INTC_PSR","fff48040","Data Label","uint8_t[212]",""
"flexcan_a_timer","fffc0008","Data Label","uint32_t","Flexcan a timer. Internal/infrastructure state -- not a typical data-logging channel."
"flexcan_a_interrupt_reg_flag_low","fffc0030","Data Label","uint32_t","Flexcan a interrupt reg flag low. Internal/infrastructure state -- not a typical data-logging channel."
"fca_buffer","fffc0080","Data Label","flexcan_msg_buffer[64]","Fca buffer. Internal/infrastructure state -- not a typical data-logging channel."
"dev_mode_log_request","fffc0170","Data Label","uint",""
"flexcan_01e0","fffc01e0","Data Label","uint",""
"fcc_buffer","fffc8080","Data Label","flexcan_msg_buffer[64]","Fcc buffer. Internal/infrastructure state -- not a typical data-logging channel."
"mpc5534_reserved","ffff8000","Data Label","byte[16]","Mpc5534 reserved. Internal/infrastructure state -- not a typical data-logging channel."
"bootloader_download_padding_bytes","ffff803c","Data Label","uint16_t","Bootloader download padding bytes. Internal/infrastructure state -- not a typical data-logging channel."
"bootloader_download_received_data_size","ffff8040","Data Label","uint16_t","Bootloader download received data size. Internal/infrastructure state -- not a typical data-logging channel."
"bootloader_download_region_id","ffff8048","Data Label","undefined",""
"bootloader_download_expected_data_size","ffff804c","Data Label","uint16_t","Bootloader download expected data size. Internal/infrastructure state -- not a typical data-logging channel."
"bootload_download_address_region","ffff8050","Data Label","uint32_t","Bootload download address region. Internal/infrastructure state -- not a typical data-logging channel."
"bootloader_download_seq_num","ffff8068","Data Label","uint16_t","Bootloader download seq num. Internal/infrastructure state -- not a typical data-logging channel."
